a280 Distance Matrix (Upper Triangular, 280 cities, Euclidean)
Row i, Column j: distance from city (i+1) to city (281-j), j=1..280-i
Column order: city 280, 279, 278, ..., 2

  1: 17.8885 34.4093 43.2666 42.7551 52.1536 60.1332 68.1175 76.1052 84.0952 92.0869 110.6345 112.6410 115.1694 118.1863 121.6553 114.6124 103.7690 93.0376 82.4621 72.1110 64.6220 68.0000 72.1110 76.8375 70.7672 76.4199 82.0731 87.7268 82.4621 69.8570 62.6099 60.0000 48.8262 55.7136 65.1153 57.2713 49.4773 40.7922 40.0000 48.1664 56.1427 64.1249 72.1110 80.0999 88.0909 96.0833 96.7471 88.8144 80.8950 72.9932 77.2528 84.7585 92.3472 100.0000 107.7033 115.4470 123.2234 132.9662 138.1593 141.3648 134.1641 130.7823 123.4828 127.0590 120.0666 116.2755 109.1788 113.2078 106.5082 102.2155 95.4149 88.8144 93.7230 100.0000 101.9804 113.2784 124.5793 135.8823 147.1870 155.5892 149.9333 155.7947 161.2452 166.9012 161.4435 167.4754 172.7426 181.1077 188.3507 197.9899 206.6495 212.6029 218.6870 208.0385 201.7920 203.2142 198.5951 194.1958 190.0316 186.1182 179.1089 170.1764 170.1764 179.1089 182.4719 205.7183 223.6068 234.3672 242.1570 242.1570 249.0622 257.9922 257.4024 250.7269 240.8651 226.4509 221.8829 217.5132 213.3542 209.4182 202.2672 199.0779 196.1632 193.5355 170.8801 167.0928 165.7468 168.8076 173.2974 176.0454 153.9351 141.4214 136.5284 140.9113 145.6022 150.5722 144.4991 139.3126 134.4024 129.7998 125.5388 132.4840 128.8099 125.5388 122.7029 120.3329 118.4567 124.5793 132.5443 140.5133 148.4857 156.4609 156.0513 164.0488 172.0465 184.0435 184.3909 185.0838 186.1182 187.4887 189.1877 191.2067 237.7562 239.6331 248.9096 241.7602 244.1311 251.7459 254.9431 246.7387 249.5756 259.2373 252.6341 238.0252 241.4953 248.6765 255.9062 259.3839 263.0589 266.9232 270.9686 280.3212 288.0278 295.1610 302.3376 298.9314 291.6710 284.4503 272.8003 269.3177 266.0301 266.6608 262.4881 259.3839 256.6320 264.8773 267.0431 269.4290 272.0294 274.8381 277.8489 283.7464 300.1066 297.3214 287.1376 294.7270 292.3286 290.1310 288.1389 286.3564 284.7876 282.8427 274.9254 276.9260 270.7323 262.9373 261.2279 252.9901 245.1530 236.1356 234.7765 250.5993 258.5189 257.5267 256.7801 256.2811 256.0312 256.0312 256.2811 256.7801 248.8051 248.2902 248.0323 248.0323 248.2902 248.8051 249.5756 233.6835 232.8605 232.3101 232.0345 232.0345 232.3101 232.8605 224.5707 224.1428 208.1538 198.6454 185.0838 184.3909 184.0435 172.4181 165.2150 157.2768 149.3452 133.5066 117.7115 125.6025 141.4214 148.0540 140.0571 132.0606 124.0645 116.0689 100.0800 92.7793 101.9804 94.1488 86.3481 78.5875 70.8802 61.1882 63.2456 55.7136 42.7551 32.9848 32.9848 24.0832 20.0000
  2: 8.9443 28.0000 36.2215 43.6807 54.4059 62.0967 69.8570 77.6660 85.5102 93.3809 108.0740 108.6646 109.8362 111.5706 113.8420 106.2826 96.1665 86.3481 76.9415 68.1175 60.1332 61.1882 63.2456 66.2118 59.0593 63.2456 69.9714 74.4043 68.1175 52.1536 45.6070 45.6070 34.4093 37.7359 45.6070 37.9473 30.4631 21.5407 20.0000 28.2843 36.2215 44.1814 52.1536 60.1332 68.1175 76.1052 76.9415 69.0507 61.1882 53.3667 59.0593 66.2118 73.5391 80.9938 88.5438 96.1665 103.8460 113.8420 119.8666 123.5476 116.6190 112.7120 105.6788 109.8362 103.2279 98.7927 92.0869 96.8297 90.6863 85.6037 79.3977 73.5391 79.3977 84.8528 88.0909 99.3579 110.6345 121.9180 133.2066 141.8732 136.8211 143.2201 148.0540 153.1535 147.1870 152.7351 158.4929 168.0476 174.0000 184.3909 193.6595 200.0000 206.4558 196.3670 189.7367 192.0833 188.0425 184.2607 180.7540 177.5387 170.1764 161.2452 163.2176 172.0465 174.6310 197.5854 215.4066 225.8495 232.5511 232.5511 239.7332 248.6765 247.0951 240.1333 229.8173 215.4066 211.3575 207.5379 203.9608 200.6390 194.8127 192.3330 190.1578 188.2976 166.3731 164.4384 164.0488 165.2150 167.9047 169.7999 146.7515 132.9662 127.1220 130.5986 134.4619 138.6795 132.0606 127.6244 123.5476 119.8666 116.6190 124.0645 121.4578 119.3315 117.7115 116.6190 116.0689 124.2578 132.2422 140.2284 148.2161 156.2050 156.8184 164.7786 172.7426 184.6943 184.1738 184.0000 184.1738 184.6943 185.5586 186.7619 234.1965 235.4230 244.3686 236.9135 238.6629 246.4467 248.9096 240.6657 242.9156 252.3569 245.4058 230.3389 233.2381 240.6657 248.1290 251.0777 254.2440 257.6199 261.1972 271.0351 279.4280 286.7752 294.1564 291.2044 283.7464 276.3187 264.4617 261.4804 258.7122 259.9769 256.6320 254.2440 252.2301 260.4611 262.0534 263.8788 265.9323 268.2089 270.7028 277.0415 293.5030 291.2044 281.3681 289.1090 287.2212 285.5451 284.0845 282.8427 281.8226 280.7134 272.7343 273.8759 267.0131 259.1062 257.9922 249.8079 241.8677 233.2381 232.5511 248.5156 256.4995 256.1250 256.0000 256.1250 256.4995 257.1225 257.9922 259.1062 251.2051 250.0560 249.1586 248.5156 248.1290 248.0000 248.1290 232.1379 232.0000 232.1379 232.5511 233.2381 234.1965 235.4230 226.8744 225.7432 209.8762 201.2461 188.2976 186.7619 185.5586 174.9514 168.8076 161.0466 153.3101 137.9275 122.7029 130.2920 145.6022 148.8624 140.9113 132.9662 125.0280 117.0982 101.2719 97.4064 107.7033 100.3195 93.0376 85.8836 78.8923 68.0000 72.1110 65.6049 50.4777 42.5206 34.1760 18.4391
  3: 10.0000 10.7703 19.6977 25.2982 36.0555 43.6807 51.4198 59.2284 67.0820 74.9667 90.3549 91.4112 93.1450 95.5196 98.4886 91.2360 80.6226 70.2282 60.1664 50.6360 42.7551 44.9444 48.3735 52.8015 46.6905 52.4976 58.0000 63.7809 58.8218 49.0306 41.2311 36.7151 26.0000 36.0555 48.3735 40.4475 32.5576 26.0000 30.0000 34.9285 42.3792 50.0000 57.7235 65.5134 73.3485 81.2158 80.2247 72.2496 64.2806 56.3205 56.8859 64.7765 72.6911 80.6226 88.5664 96.5194 104.4797 113.4372 117.0470 119.6161 112.1606 109.4166 101.8430 104.7855 97.5090 94.3398 86.9253 90.3549 83.3547 79.6241 72.4707 65.5134 70.0000 76.5506 78.1025 89.3756 100.6578 111.9464 123.2396 131.5903 125.8730 131.7118 137.1860 142.8986 137.5354 143.6802 148.8220 157.0350 164.4384 173.9540 182.5705 188.5206 194.6176 184.0109 177.7301 179.2540 174.7341 170.4699 166.4812 162.7882 155.6535 146.7106 147.4720 156.3714 159.4114 182.5705 200.4495 211.1019 218.5498 218.5498 225.5394 234.4781 233.6236 226.8832 216.9332 202.5142 198.0404 193.7937 189.7894 186.0430 179.3878 176.5106 173.9540 171.7323 149.4657 146.8741 146.2190 147.9595 151.3803 153.6880 131.1030 118.0678 112.8716 117.0470 121.6059 126.5069 120.4159 115.2562 110.4355 106.0000 102.0000 109.1238 105.8489 103.0922 100.8960 99.2975 98.3260 106.0754 114.0702 122.0656 130.0615 138.0580 138.5208 146.4923 154.4668 166.4332 166.0482 166.0482 166.4332 167.2005 168.3449 169.8588 217.0069 218.4765 227.5610 220.2272 222.2521 229.9652 232.7746 224.5440 227.0947 236.6601 229.8956 215.0814 218.3300 225.6103 232.9378 236.2118 239.7082 243.4173 247.3297 256.8268 264.7640 271.9779 279.2347 276.0072 268.6634 261.3580 249.6237 246.3331 243.2612 244.1803 240.4163 237.6973 235.3720 243.6144 245.4465 247.5237 249.8399 252.3886 255.1627 261.2661 277.6833 275.1363 265.1264 272.8003 270.6806 268.7824 267.1105 265.6690 264.4617 263.0969 255.1313 256.5385 249.9040 242.0331 240.7073 232.4995 224.5885 215.8240 214.9325 230.8679 238.8389 238.3023 238.0336 238.0336 238.3023 238.8389 239.6414 240.7073 232.8003 231.6981 230.8679 230.3128 230.0348 230.0348 230.3128 214.3362 214.0374 214.0374 214.3362 214.9325 215.8240 217.0069 208.4706 207.3933 191.5098 182.8223 169.8588 168.3449 167.2005 156.5248 150.3729 142.6184 134.8925 119.5492 104.4031 111.9464 127.2006 130.5527 122.5887 114.6298 106.6771 98.7320 82.8734 79.1202 89.5545 82.2922 75.1798 68.2642 61.6117 50.4777 55.3173 49.5177 33.9411 27.7849 16.1245
  4: 25.2982 12.6491 16.4924 10.0000 20.3961 28.2843 36.2215 44.1814 52.1536 60.1332 77.6660 79.6994 82.4621 85.8836 89.8888 83.2346 72.1110 61.0574 50.1199 39.3954 32.2490 36.8782 42.5206 48.8262 44.7214 52.0000 55.5698 62.6099 59.4643 56.1427 48.1664 40.1995 32.2490 45.6070 59.4643 52.0000 44.7214 40.0000 45.2548 48.8262 55.5698 62.6099 69.8570 77.2528 84.7585 92.3472 90.2441 82.4621 74.7262 67.0522 64.1249 72.1110 80.0999 88.0909 96.0833 104.0769 112.0714 120.0666 121.6553 123.2234 115.4470 113.7717 105.9056 107.7033 100.0000 98.0612 90.2441 92.3472 84.7585 82.4621 74.7262 67.0522 69.8570 77.2528 76.9415 87.8180 98.7927 109.8362 120.9297 128.8099 122.4418 127.5617 133.6862 140.0000 135.3514 142.0422 146.4787 153.1535 162.0494 170.5520 178.3928 183.8695 189.5257 178.3928 172.5572 173.1127 168.0476 163.2176 158.6443 154.3503 147.5669 138.6795 137.7534 146.6970 150.3596 173.6663 191.5411 202.4253 210.7890 210.7890 217.5132 226.4155 226.4509 220.0000 210.5232 196.1632 191.2067 186.4618 181.9450 177.6739 169.9412 166.5173 163.4136 160.6487 137.9275 134.1641 132.9662 135.8234 140.4564 143.3876 121.6553 109.8362 105.6030 110.6345 116.0000 121.6553 116.2755 110.3449 104.6900 99.3579 94.4034 100.9554 96.7471 93.0376 89.8888 87.3613 85.5102 92.0869 100.0800 108.0740 116.0689 124.0645 124.0645 132.0606 140.0571 152.0526 152.0526 152.4729 153.3101 154.5574 156.2050 158.2403 204.7828 206.6495 215.9352 208.8061 211.2439 218.8333 222.1441 213.9533 216.9239 226.6363 220.1454 205.7183 209.4182 216.4809 223.6068 227.2972 231.2055 235.3211 239.6331 248.6845 256.0312 263.0589 270.1407 266.5633 259.3839 252.2538 240.7073 237.0232 233.5551 234.0000 229.6519 226.4509 223.6515 231.8965 234.0940 236.5418 239.2321 242.1570 245.3080 251.0777 267.4023 264.5146 254.2754 261.8396 259.3839 257.1537 255.1549 253.3930 251.8730 250.0560 242.1239 244.0000 237.7562 229.9565 228.2805 220.0454 212.1980 203.2142 201.9505 217.8073 225.7432 224.8911 224.3212 224.0357 224.0357 224.3212 224.8911 225.7432 217.8073 216.9239 216.3331 216.0370 216.0370 216.3331 216.9239 200.9975 200.3597 200.0400 200.0400 200.3597 200.9975 201.9505 193.4942 192.6655 176.7258 167.7260 154.5574 153.3101 152.4729 141.4214 134.9370 127.1220 119.3315 103.8460 88.5438 96.1665 111.5706 116.0689 108.0740 100.0800 92.0869 84.0952 68.1175 63.2456 73.5391 66.2118 59.0593 52.1536 45.6070 34.4093 39.5980 34.4093 18.8680 16.0000
  5: 33.9411 28.2843 32.2490 18.8680 23.3238 30.4631 37.9473 45.6070 53.3667 61.1882 82.4621 85.8836 89.8888 94.4034 99.3579 93.3809 82.0731 70.7672 59.4643 48.1664 42.5206 48.8262 55.5698 62.6099 59.4643 67.0522 69.8570 77.2528 74.7262 72.1110 64.1249 56.1427 48.1664 61.1882 74.7262 67.0522 59.4643 53.6656 57.6888 62.6099 69.8570 77.2528 84.7585 92.3472 100.0000 107.7033 105.9056 98.0612 90.2441 82.4621 80.0999 88.0909 96.0833 104.0769 112.0714 120.0666 128.0625 136.0588 137.4627 138.8524 131.0267 129.5531 121.6553 123.2234 115.4470 113.7717 105.9056 107.7033 100.0000 98.0612 90.2441 82.4621 84.7585 92.3472 91.3893 101.9804 112.7120 123.5476 134.4619 142.0422 135.3514 140.0000 146.4787 153.1013 148.8624 155.7947 159.8499 165.6019 175.3283 183.2157 190.5361 195.6732 200.9975 189.5257 184.0435 183.8695 178.3928 173.1127 168.0476 163.2176 156.8184 148.0540 145.4373 154.3503 158.6443 181.9450 199.7198 210.7890 220.0000 220.0000 226.4509 235.2871 236.1356 229.9565 220.9072 206.6495 201.3157 196.1632 191.2067 186.4618 177.6739 173.6663 169.9412 166.5173 143.3876 137.9275 135.8234 140.4564 146.6970 150.3596 129.7998 119.3315 116.0000 121.6553 127.5617 133.6862 128.8099 122.4418 116.2755 110.3449 104.6900 110.6345 105.6030 100.9554 96.7471 93.0376 89.8888 94.1488 101.9804 109.8362 117.7115 125.6025 124.5793 132.5443 140.5133 152.4729 153.3101 154.5574 156.2050 158.2403 160.6487 163.4136 208.8061 211.2439 220.7714 213.9533 216.9239 224.3212 228.2542 220.1454 223.6068 233.4524 227.2972 213.3542 217.5132 224.3212 231.2055 235.3211 239.6331 244.1311 248.8051 257.4102 264.1515 270.9686 277.8489 273.9051 266.9232 260.0000 248.6845 244.5976 240.7073 240.6076 235.5674 231.7585 228.3243 236.5418 239.2321 242.1570 245.3080 248.6765 252.2538 257.6199 273.7882 270.4958 260.0000 267.4023 264.5146 261.8396 259.3839 257.1537 255.1549 252.6025 244.7529 247.3863 241.7602 234.0940 231.8965 223.6515 215.9352 206.6495 204.7828 220.4359 228.2805 226.8744 225.7432 224.8911 224.3212 224.0357 224.0357 224.3212 216.3331 216.0370 216.0370 216.3331 216.9239 217.8073 218.9795 203.2142 201.9505 200.9975 200.3597 200.0400 200.0400 200.3597 192.1666 192.0000 176.0000 166.1927 152.4729 152.0526 152.0526 140.0571 132.5443 124.5793 116.6190 100.7174 84.8528 92.7793 108.6646 116.6190 108.6646 100.7174 92.7793 84.8528 69.0507 60.1332 69.0507 61.1882 53.3667 45.6070 37.9473 28.2843 30.4631 23.3238 10.0000
  6: 41.6173 31.3050 32.5576 16.0000 15.6205 21.6333 28.6356 36.0555 43.6807 51.4198 73.3485 77.1751 81.6088 86.5563 91.9348 86.3713 75.0733 63.7809 52.4976 41.2311 36.7151 43.8634 51.2640 58.8218 56.8859 64.7765 66.4831 74.2159 72.6911 73.3485 65.5134 56.3205 50.0000 63.9062 78.0000 70.6824 63.5295 58.8218 63.7809 67.6757 74.4312 81.4125 88.5664 95.8541 103.2473 110.7249 108.2405 100.5783 92.9731 85.4400 81.2158 89.1067 97.0155 104.9381 112.8716 120.8139 128.7633 136.1323 136.3672 137.1860 129.2594 128.3900 120.4159 121.3425 113.4372 112.4455 104.4797 105.5462 97.6729 96.5194 88.5664 80.6226 82.0000 89.8220 87.9318 98.0816 108.4620 119.0126 129.6919 136.9525 130.0000 134.2386 140.9823 147.8513 144.0139 151.1688 154.8289 159.7623 170.1764 177.5049 184.4017 189.2829 194.3708 182.7019 177.4599 176.8276 171.1257 165.6140 160.3122 155.2417 149.0369 140.3567 137.0109 145.8904 150.4261 173.6779 191.3844 202.5142 212.0849 212.0849 218.4033 227.2004 228.4294 222.3960 213.5884 199.4091 193.8762 188.5206 183.3576 178.4040 169.1981 164.9848 161.0590 157.4421 134.2386 128.3900 126.1269 131.1030 137.7679 141.6616 121.6059 111.8034 108.9771 114.9783 121.2106 127.6401 123.1747 116.4989 110.0000 103.7111 97.6729 103.2473 97.8366 92.8009 88.2043 84.1190 80.6226 84.4038 92.1954 100.0200 107.8703 115.7411 114.6298 122.5887 130.5527 142.5061 143.4015 144.7342 146.4923 148.6607 151.2217 154.1558 199.2486 201.8019 211.3764 204.6363 207.7402 215.0814 219.1803 211.1019 214.7091 224.5885 218.5498 204.7926 209.1220 215.8240 222.6118 226.8832 231.3525 236.0085 240.8402 249.2388 255.7264 262.4576 269.2582 265.1867 258.2789 251.4359 240.2166 235.9831 231.9483 231.6722 226.4332 222.4680 218.8881 227.0947 229.8956 232.9378 236.2118 239.7082 243.4173 248.6524 264.7640 261.3580 250.7987 258.1550 255.1627 252.3886 249.8399 247.5237 245.4465 242.7921 234.9553 237.6973 232.1810 224.5440 222.2521 214.0093 206.3201 196.9873 195.0282 210.6466 218.4765 217.0069 215.8240 214.9325 214.3362 214.0374 214.0374 214.3362 206.3492 206.0388 206.0388 206.3492 206.9686 207.8942 209.1220 193.3805 192.0521 191.0497 190.3786 190.0421 190.0421 190.3786 182.1757 182.0000 166.0000 156.2050 142.5061 142.0563 142.0563 130.0615 122.5887 114.6298 106.6771 90.7965 74.9667 82.8734 98.7320 106.6771 98.7320 90.7965 82.8734 74.9667 59.2284 50.1597 59.2284 51.4198 43.6807 36.0555 28.6356 18.4391 21.6333 15.6205
  7: 56.8507 46.6476 46.8188 29.7321 24.0000 25.2982 28.8444 33.9411 40.0000 46.6476 71.2180 76.4199 82.0731 88.0909 94.4034 89.8888 78.8923 68.0000 57.2713 46.8188 44.7214 52.6118 60.5310 68.4690 68.0000 76.0000 76.4199 84.3801 84.0000 87.3613 79.6994 69.8570 64.6220 78.7909 93.0376 85.8836 78.8923 74.4043 79.3977 83.2346 89.8888 96.7471 103.7690 110.9234 118.1863 125.5388 122.7029 115.1694 107.7033 100.3195 95.0789 102.8397 110.6345 118.4567 126.3012 134.1641 142.0422 148.8624 148.0000 148.2161 140.2284 140.0000 132.0000 132.2422 124.2578 124.0000 116.0000 116.2755 108.2959 108.0000 100.0000 92.0000 92.3472 100.3195 97.3242 106.7333 116.4818 126.4911 136.7041 143.3876 136.0588 139.5421 146.6970 153.9351 150.7846 158.2403 161.2452 164.7301 176.2839 182.6034 188.6796 193.0389 197.6259 185.6017 180.8867 179.2875 173.1127 167.0928 161.2452 155.5892 149.9333 141.5344 136.2351 144.9414 150.1466 173.1127 190.5361 201.7920 212.3017 212.3017 218.2476 226.9097 229.1201 223.4636 215.2580 201.3157 195.3458 189.5257 183.8695 178.3928 168.0476 163.2176 158.6443 154.3503 131.0267 123.4828 120.3329 127.0590 135.3514 140.0000 121.6553 113.7014 112.0714 118.7266 125.5388 132.4840 128.8099 121.6553 114.6124 107.7033 100.9554 105.6030 99.3579 93.3809 87.7268 82.4621 77.6660 78.7909 86.1626 93.6376 101.1929 108.8118 106.7333 114.5426 122.3765 134.1641 135.8234 137.9275 140.4564 143.3876 146.6970 150.3596 193.8659 196.9772 206.7365 200.3597 204.0000 211.0924 215.8240 207.8846 212.0000 221.9640 216.3331 203.2142 208.0385 214.4015 220.8710 225.6014 230.5125 235.5929 240.8319 248.6524 254.4013 260.8601 267.4023 262.9373 256.2811 249.7038 238.8054 234.1367 229.6519 228.7794 222.8273 218.2476 214.0374 222.1711 225.4595 228.9803 232.7230 236.6770 240.8319 245.6013 261.4728 257.6509 246.8684 254.0236 250.5993 247.3863 244.3931 241.6278 239.0983 235.7626 228.0351 231.4822 226.5921 219.1255 216.3331 208.1250 200.6091 191.0393 188.5099 203.8431 211.5467 209.5710 207.8846 206.4946 205.4069 204.6265 204.1568 204.0000 196.0000 196.1632 196.6520 197.4639 198.5951 200.0400 201.7920 186.2901 184.3909 182.8223 181.5930 180.7097 180.1777 180.0000 172.0465 172.4181 156.4609 146.0548 132.0000 132.2422 132.9662 120.2664 112.0000 104.0000 96.0000 80.0000 64.0000 72.0000 88.0000 98.9545 91.2140 83.5225 75.8947 68.3520 53.6656 40.7922 48.0000 40.0000 32.0000 24.0000 16.0000 11.3137 8.0000
  8: 63.2456 51.2250 50.1199 33.2866 25.2982 24.0000 25.2982 28.8444 33.9411 40.0000 65.1153 70.7672 76.8375 83.2346 89.8888 85.8836 75.1532 64.6220 54.4059 44.7214 44.0000 52.0000 60.0000 68.0000 68.4690 76.4199 76.0000 84.0000 84.3801 89.8888 82.4621 72.1110 68.0000 82.3650 96.7471 89.8888 83.2346 79.3977 84.8528 88.0909 94.4034 100.9554 107.7033 114.6124 121.6553 128.8099 125.5388 118.1863 110.9234 103.7690 97.4064 104.9952 112.6410 120.3329 128.0625 135.8234 143.6106 149.9333 148.2161 148.0000 140.0000 140.2284 132.2422 132.0000 124.0000 124.2578 116.2755 116.0000 108.0000 108.2959 100.3195 92.3472 92.0000 100.0000 96.3328 105.2236 114.5426 124.1934 134.1044 140.4564 132.9662 136.0588 143.3876 150.7846 148.0000 155.5892 158.2403 160.9969 173.0780 178.8854 184.5644 188.6796 193.0389 180.8867 176.4086 174.4018 168.0476 161.8394 155.7947 149.9333 144.4991 136.2351 130.2306 138.8524 144.2775 167.0928 184.3909 195.6732 206.4946 206.4946 212.3017 220.9072 223.4636 217.9541 209.9905 196.1632 190.0316 184.0435 178.2134 172.5572 161.8394 156.8184 152.0526 147.5669 124.2578 116.2755 112.9248 120.0666 128.8099 133.6862 116.0000 108.8118 107.7033 114.6124 121.6553 128.8099 125.5388 118.1863 110.9234 103.7690 96.7471 100.9554 94.4034 88.0909 82.0731 76.4199 71.2180 71.5542 78.7909 86.1626 93.6376 101.1929 98.9545 106.7333 114.5426 126.3012 128.0625 130.2920 132.9662 136.0588 139.5421 143.3876 186.4618 189.6945 199.4893 193.2046 196.9772 204.0000 208.8923 200.9975 205.2511 215.2301 209.7236 196.8146 201.7920 208.0385 214.4015 219.2715 224.3212 229.5387 234.9127 242.5283 248.0323 254.4013 260.8601 256.2811 249.7038 243.2118 232.4220 227.6225 223.0067 221.9640 215.8240 211.0924 206.7365 214.8488 218.2476 221.8829 225.7432 229.8173 234.0940 238.7300 254.5270 250.5993 239.7666 246.8684 243.3434 240.0333 236.9473 234.0940 231.4822 228.0351 220.3270 223.8928 219.1255 211.6979 208.8061 200.6091 193.1321 183.5211 180.8867 196.1632 203.8431 201.7920 200.0400 198.5951 197.4639 196.6520 196.1632 196.0000 188.0000 188.1701 188.6796 189.5257 190.7040 192.2082 194.0309 178.5721 176.5899 174.9514 173.6663 172.7426 172.1859 172.0000 164.0488 164.4384 148.4857 138.0580 124.0000 124.2578 125.0280 112.2854 104.0000 96.0000 88.0000 72.0000 56.0000 64.0000 80.0000 91.2140 83.5225 75.8947 68.3520 60.9262 46.6476 32.9848 40.0000 32.0000 24.0000 16.0000 8.0000 8.0000
  9: 59.0593 45.2548 43.2666 26.9072 17.8885 16.0000 17.8885 22.6274 28.8444 35.7771 60.0000 65.1153 70.7672 76.8375 83.2346 78.8923 68.0000 57.2713 46.8188 36.8782 36.0000 44.0000 52.0000 60.0000 60.5310 68.4690 68.0000 76.0000 76.4199 82.4621 75.1532 64.6220 61.0574 75.4718 89.8888 83.2346 76.8375 73.5391 79.3977 82.0731 88.0909 94.4034 100.9554 107.7033 114.6124 121.6553 118.1863 110.9234 103.7690 96.7471 89.8888 97.4064 104.9952 112.6410 120.3329 128.0625 135.8234 142.0422 140.2284 140.0000 132.0000 132.2422 124.2578 124.0000 116.0000 116.2755 108.2959 108.0000 100.0000 100.3195 92.3472 84.3801 84.0000 92.0000 88.3629 97.3242 106.7333 116.4818 126.4911 132.9662 125.5388 128.8099 136.0588 143.3876 140.4564 148.0000 150.7846 153.8831 165.7106 171.7673 177.6739 181.9450 186.4618 174.4018 169.7528 168.0476 161.8394 155.7947 149.9333 144.2775 138.6218 130.2306 124.9640 133.6862 138.8524 161.8394 179.2875 190.5361 200.9975 200.9975 206.9589 215.6293 217.8073 212.1509 203.9608 190.0316 184.0435 178.2134 172.5572 167.0928 156.8184 152.0526 147.5669 143.3876 120.0666 112.9248 110.0545 116.2755 124.2578 128.8099 110.3449 102.4500 100.9554 107.7033 114.6124 121.6553 118.1863 110.9234 103.7690 96.7471 89.8888 94.4034 88.0909 82.0731 76.4199 71.2180 66.5733 68.3520 75.8947 83.5225 91.2140 98.9545 97.3242 105.2236 113.1371 125.0280 126.3012 128.0625 130.2920 132.9662 136.0588 139.5421 183.5211 186.4618 196.1734 189.6945 193.2046 200.3597 204.9488 196.9772 200.9975 210.9502 205.2511 192.0417 196.8146 203.2142 209.7236 214.4015 219.2715 224.3212 229.5387 237.3942 243.2118 249.7038 256.2811 251.8730 245.1775 238.5624 227.6225 223.0067 218.5864 217.8164 212.0094 207.5765 203.5387 211.6979 214.8488 218.2476 221.8829 225.7432 229.8173 234.6742 250.5993 246.8684 236.1356 243.3434 240.0333 236.9473 234.0940 231.4822 229.1201 226.0619 218.2842 221.4498 216.3331 208.8061 206.1844 197.9596 190.3786 180.8867 178.5721 194.0309 201.7920 200.0400 198.5951 197.4639 196.6520 196.1632 196.0000 196.1632 188.1701 188.0000 188.1701 188.6796 189.5257 190.7040 192.2082 176.5899 174.9514 173.6663 172.7426 172.1859 172.0000 172.1859 164.0488 164.0488 148.0540 138.0580 124.2578 124.0000 124.2578 112.0000 104.3072 96.3328 88.3629 72.4431 56.5685 64.4981 80.3990 89.4427 81.5843 73.7564 65.9697 58.2409 43.0813 32.0000 40.7922 32.9848 25.2982 17.8885 11.3137
 10: 69.9714 56.5685 54.4059 38.2099 28.8444 25.2982 24.0000 25.2982 28.8444 33.9411 59.4643 65.6049 72.1110 78.8923 85.8836 82.4621 72.1110 62.0967 52.6118 44.0000 44.7214 52.6118 60.5310 68.4690 69.8570 77.6660 76.4199 84.3801 85.5102 93.0376 85.8836 75.1532 72.1110 86.5332 100.9554 94.4034 88.0909 84.8528 90.6863 93.3809 99.3579 105.6030 112.0714 118.7266 125.5388 132.4840 128.8099 121.6553 114.6124 107.7033 100.3195 107.7033 115.1694 122.7029 130.2920 137.9275 145.6022 151.4199 148.8624 148.2161 140.2284 140.9113 132.9662 132.2422 124.2578 125.0280 117.0982 116.2755 108.2959 109.1788 101.2719 93.3809 92.3472 100.3195 96.0000 104.3072 113.1371 122.3765 131.9394 137.9275 130.2920 132.9662 140.4564 148.0000 145.6022 153.3101 155.5892 157.5817 170.1881 175.4537 180.7097 184.5644 188.6796 176.4086 172.1859 169.7528 163.2176 156.8184 150.5722 144.4991 139.3126 131.2098 124.4508 132.9662 138.6218 161.2452 178.3928 189.6945 200.8382 200.8382 206.4946 215.0349 217.9541 212.6029 204.9000 191.2067 184.9108 178.7512 172.7426 166.9012 155.7947 150.5722 145.6022 140.9113 117.6435 109.1788 105.6030 113.2078 122.4418 127.5617 110.6345 104.3072 103.7690 110.9234 118.1863 125.5388 122.7029 115.1694 107.7033 100.3195 93.0376 96.7471 89.8888 83.2346 76.8375 70.7672 65.1153 64.4981 71.5542 78.7909 86.1626 93.6376 91.2140 98.9545 106.7333 118.4567 120.3329 122.7029 125.5388 128.8099 132.4840 136.5284 179.1089 182.4719 192.3018 186.1182 190.0316 196.9772 202.0396 194.1958 198.5951 208.5857 203.2142 190.5361 195.6732 201.7920 208.0385 213.0540 218.2476 223.6068 229.1201 236.5164 241.7602 248.0323 254.4013 249.7038 243.2118 236.8122 226.1415 221.2058 216.4532 215.2301 208.8923 204.0000 199.4893 207.5765 211.0924 214.8488 218.8333 223.0336 227.4379 231.9310 247.6449 243.6062 232.7230 239.7666 236.1356 232.7230 229.5387 226.5921 223.8928 220.3270 212.6405 216.3331 211.6979 204.3135 201.3157 193.1321 185.6987 176.0454 173.2974 188.5099 196.1632 194.0309 192.2082 190.7040 189.5257 188.6796 188.1701 188.0000 180.0000 180.1777 180.7097 181.5930 182.8223 184.3909 186.2901 170.8801 168.8076 167.0928 165.7468 164.7786 164.1950 164.0000 156.0513 156.4609 140.5133 130.0615 116.0000 116.2755 117.0982 104.3072 96.0000 88.0000 80.0000 64.0000 48.0000 56.0000 72.0000 83.5225 75.8947 68.3520 60.9262 53.6656 40.0000 25.2982 32.0000 24.0000 16.0000 8.0000
 11: 76.9415 62.4820 59.4643 44.0454 33.9411 28.8444 25.2982 24.0000 25.2982 28.8444 54.4059 61.0574 68.0000 75.1532 82.4621 79.6994 69.8570 60.5310 52.0000 44.7214 46.8188 54.4059 62.0967 69.8570 72.1110 79.6994 77.6660 85.5102 87.3613 96.7471 89.8888 78.8923 76.8375 91.2140 105.6030 99.3579 93.3809 90.6863 96.8297 99.0353 104.6900 110.6345 116.8247 123.2234 129.7998 136.5284 132.4840 125.5388 118.7266 112.0714 103.7690 110.9234 118.1863 125.5388 132.9662 140.4564 148.0000 153.3101 149.9333 148.8624 140.9113 142.0422 134.1641 132.9662 125.0280 126.3012 118.4567 117.0982 109.1788 110.6345 102.8397 95.0789 93.3809 101.2719 96.3328 104.0000 112.2854 121.0620 130.2306 135.8234 128.0625 130.2920 137.9275 145.6022 143.6106 151.4199 153.3101 154.5057 167.6305 172.3253 177.1327 180.7097 184.5644 172.1859 168.2379 165.3602 158.6443 152.0526 145.6022 139.3126 134.4024 126.4911 118.9285 127.3106 133.2066 155.5892 172.5572 183.8695 195.3458 195.3458 200.8382 209.3036 212.6029 207.4223 200.0000 186.4618 180.0000 173.6663 167.4754 161.4435 149.9333 144.4991 139.3126 134.4024 111.2115 102.2155 98.3870 106.5082 116.2755 121.6553 105.6030 100.2397 100.3195 107.7033 115.1694 122.7029 120.3329 112.6410 104.9952 97.4064 89.8888 93.0376 85.8836 78.8923 72.1110 65.6049 59.4643 57.6888 64.4981 71.5542 78.7909 86.1626 83.5225 91.2140 98.9545 110.6345 112.6410 115.1694 118.1863 121.6553 125.5388 129.7998 171.8139 175.3169 185.1810 179.1089 183.1721 190.0316 195.2742 187.4887 192.0417 202.0396 196.8146 184.3909 189.6945 195.6732 201.7920 206.9589 212.3017 217.8073 223.4636 230.6252 235.5929 241.7602 248.0323 243.2118 236.8122 230.5125 219.9727 214.8953 210.0000 208.5857 202.0396 196.9772 192.3018 200.3597 204.0000 207.8846 212.0000 216.3331 220.8710 225.2110 240.8319 236.6770 225.7432 232.7230 228.9803 225.4595 222.1711 219.1255 216.3331 212.6405 204.9780 208.8061 204.3135 196.9772 193.8659 185.6987 178.3143 168.6179 165.7468 180.8867 188.5099 186.2901 184.3909 182.8223 181.5930 180.7097 180.1777 180.0000 172.0000 172.1859 172.7426 173.6663 174.9514 176.5899 178.5721 163.2176 161.0466 159.2482 157.8354 156.8184 156.2050 156.0000 148.0540 148.4857 132.5443 122.0656 108.0000 108.2959 109.1788 96.3328 88.0000 80.0000 72.0000 56.0000 40.0000 48.0000 64.0000 75.8947 68.3520 60.9262 53.6656 46.6476 33.9411 17.8885 24.0000 16.0000 8.0000
 12: 84.0952 68.8186 65.1153 50.4777 40.0000 33.9411 28.8444 25.2982 24.0000 25.2982 50.1199 57.2713 64.6220 72.1110 79.6994 77.6660 68.4690 60.0000 52.6118 46.8188 50.1199 57.2713 64.6220 72.1110 75.1532 82.4621 79.6994 87.3613 89.8888 100.9554 94.4034 83.2346 82.0731 96.3328 110.6345 104.6900 99.0353 96.8297 103.2279 104.9952 110.3449 116.0000 121.9180 128.0625 134.4024 140.9113 136.5284 129.7998 123.2234 116.8247 107.7033 114.6124 121.6553 128.8099 136.0588 143.3876 150.7846 155.5892 151.4199 149.9333 142.0422 143.6106 135.8234 134.1641 126.3012 128.0625 120.3329 118.4567 110.6345 112.6410 104.9952 97.4064 95.0789 102.8397 97.3242 104.3072 112.0000 120.2664 128.9961 134.1641 126.3012 128.0625 135.8234 143.6106 142.0422 149.9333 151.4199 151.7893 165.4207 169.5170 173.8505 177.1327 180.7097 168.2379 164.5843 161.2452 154.3503 147.5669 140.9113 134.4024 129.7998 122.1147 113.7014 121.9180 128.0625 150.1466 166.9012 178.2134 190.0316 190.0316 195.3458 203.7253 207.4223 202.4253 195.3049 181.9450 175.3169 168.8076 162.4315 156.2050 144.2775 138.6218 133.2066 128.0625 104.9952 95.4149 91.3017 100.0000 110.3449 116.0000 100.9554 96.6644 97.4064 104.9952 112.6410 120.3329 118.4567 110.6345 102.8397 95.0789 87.3613 89.8888 82.4621 75.1532 68.0000 61.0574 54.4059 51.2250 57.6888 64.4981 71.5542 78.7909 75.8947 83.5225 91.2140 102.8397 104.9952 107.7033 110.9234 114.6124 118.7266 123.2234 164.5843 168.2379 178.1348 172.1859 176.4086 183.1721 188.6054 180.8867 185.6017 195.6016 190.5361 178.3928 183.8695 189.6945 195.6732 200.9975 206.4946 212.1509 217.9541 224.8644 229.5387 235.5929 241.7602 236.8122 230.5125 224.3212 213.9252 208.7007 203.6566 202.0396 195.2742 190.0316 185.1810 193.2046 196.9772 200.9975 205.2511 209.7236 214.4015 218.5772 234.0940 229.8173 218.8333 225.7432 221.8829 218.2476 214.8488 211.6979 208.8061 204.9780 197.3423 201.3157 196.9772 189.6945 186.4618 178.3143 170.9854 161.2452 158.2403 173.2974 180.8867 178.5721 176.5899 174.9514 173.6663 172.7426 172.1859 172.0000 164.0000 164.1950 164.7786 165.7468 167.0928 168.8076 170.8801 155.5892 153.3101 151.4199 149.9333 148.8624 148.2161 148.0000 140.0571 140.5133 124.5793 114.0702 100.0000 100.3195 101.2719 88.3629 80.0000 72.0000 64.0000 48.0000 32.0000 40.0000 56.0000 68.3520 60.9262 53.6656 46.6476 40.0000 28.8444 11.3137 16.0000 8.0000
 13: 91.3893 75.4718 71.2180 57.3062 46.6476 40.0000 33.9411 28.8444 25.2982 24.0000 46.8188 54.4059 62.0967 69.8570 77.6660 76.4199 68.0000 60.5310 54.4059 50.1199 54.4059 61.0574 68.0000 75.1532 78.8923 85.8836 82.4621 89.8888 93.0376 105.6030 99.3579 88.0909 87.7268 101.8234 116.0000 110.3449 104.9952 103.2279 109.8362 111.2115 116.2755 121.6553 127.3106 133.2066 139.3126 145.6022 140.9113 134.4024 128.0625 121.9180 112.0714 118.7266 125.5388 132.4840 139.5421 146.6970 153.9351 158.2403 153.3101 151.4199 143.6106 145.6022 137.9275 135.8234 128.0625 130.2920 122.7029 120.3329 112.6410 115.1694 107.7033 100.3195 97.4064 104.9952 98.9545 105.2236 112.2854 120.0000 128.2498 132.9662 125.0280 126.3012 134.1641 142.0422 140.9113 148.8624 149.9333 149.4523 163.5726 167.0449 170.8801 173.8505 177.1327 164.5843 161.2452 157.4293 150.3596 143.3876 136.5284 129.7998 125.5388 118.1186 108.8118 116.8247 123.2234 144.9414 161.4435 172.7426 184.9108 184.9108 190.0316 198.3129 202.4253 197.6259 190.8298 177.6739 170.8801 164.1950 157.6325 151.2085 138.8524 132.9662 127.3106 121.9180 99.0353 88.8144 84.3801 93.7230 104.6900 110.6345 96.7471 93.6376 95.0789 102.8397 110.6345 118.4567 117.0982 109.1788 101.2719 93.3809 85.5102 87.3613 79.6994 72.1110 64.6220 57.2713 50.1199 45.2548 51.2250 57.6888 64.4981 71.5542 68.3520 75.8947 83.5225 95.0789 97.4064 100.3195 103.7690 107.7033 112.0714 116.8247 157.4293 161.2452 171.1724 165.3602 169.7528 176.4086 182.0440 174.4018 179.2875 189.2829 184.3909 172.5572 178.2134 183.8695 189.6945 195.1820 200.8382 206.6495 212.6029 219.2442 223.6068 229.5387 235.5929 230.5125 224.3212 218.2476 208.0096 202.6327 197.4335 195.6016 188.6054 183.1721 178.1348 186.1182 190.0316 194.1958 198.5951 203.2142 208.0385 212.0377 227.4379 223.0336 212.0000 218.8333 214.8488 211.0924 207.5765 204.3135 201.3157 197.3423 189.7367 193.8659 189.6945 182.4719 179.1089 170.9854 163.7193 153.9351 150.7846 165.7468 173.2974 170.8801 168.8076 167.0928 165.7468 164.7786 164.1950 164.0000 156.0000 156.2050 156.8184 157.8354 159.2482 161.0466 163.2176 148.0000 145.6022 143.6106 142.0422 140.9113 140.2284 140.0000 132.0606 132.5443 116.6190 106.0754 92.0000 92.3472 93.3809 80.3990 72.0000 64.0000 56.0000 40.0000 24.0000 32.0000 48.0000 60.9262 53.6656 46.6476 40.0000 33.9411 25.2982 8.0000 8.0000
 14: 98.7927 82.3650 77.6660 64.4050 53.6656 46.6476 40.0000 33.9411 28.8444 25.2982 44.7214 52.6118 60.5310 68.4690 76.4199 76.0000 68.4690 62.0967 57.2713 54.4059 59.4643 65.6049 72.1110 78.8923 83.2346 89.8888 85.8836 93.0376 96.7471 110.6345 104.6900 93.3809 93.7230 107.6290 121.6553 116.2755 111.2115 109.8362 116.6190 117.6435 122.4418 127.5617 132.9662 138.6218 144.4991 150.5722 145.6022 139.3126 133.2066 127.3106 116.8247 123.2234 129.7998 136.5284 143.3876 150.3596 157.4293 161.2452 155.5892 153.3101 145.6022 148.0000 140.4564 137.9275 130.2920 132.9662 125.5388 122.7029 115.1694 118.1863 110.9234 103.7690 100.3195 107.7033 101.1929 106.7333 113.1371 120.2664 128.0000 132.2422 124.2578 125.0280 132.9662 140.9113 140.2284 148.2161 148.8624 147.5127 162.0987 164.9242 168.2379 170.8801 173.8505 161.2452 158.2403 153.9351 146.6970 139.5421 132.4840 125.5388 121.6553 114.5426 104.3072 112.0714 118.7266 140.0000 156.2050 167.4754 180.0000 180.0000 184.9108 193.0803 197.6259 193.0389 186.5905 173.6663 166.7093 159.8499 153.1013 146.4787 133.6862 127.5617 121.6553 116.0000 93.3809 82.4621 77.6660 87.7268 99.3579 105.6030 93.0376 91.2140 93.3809 101.2719 109.1788 117.0982 116.2755 108.2959 100.3195 92.3472 84.3801 85.5102 77.6660 69.8570 62.0967 54.4059 46.8188 40.0000 45.2548 51.2250 57.6888 64.4981 60.9262 68.3520 75.8947 87.3613 89.8888 93.0376 96.7471 100.9554 105.6030 110.6345 150.3596 154.3503 164.3046 158.6443 163.2176 169.7528 175.6018 168.0476 173.1127 183.0956 178.3928 166.9012 172.7426 178.2134 183.8695 189.5257 195.3458 201.3157 207.4223 213.7756 217.8073 223.6068 229.5387 224.3212 218.2476 212.3017 202.2375 196.7028 191.3426 189.2829 182.0440 176.4086 171.1724 179.1089 183.1721 187.4887 192.0417 196.8146 201.7920 205.6016 220.8710 216.3331 205.2511 212.0000 207.8846 204.0000 200.3597 196.9772 193.8659 189.7367 182.1648 186.4618 182.4719 175.3169 171.8139 163.7193 156.5248 146.6970 143.3876 158.2403 165.7468 163.2176 161.0466 159.2482 157.8354 156.8184 156.2050 156.0000 148.0000 148.2161 148.8624 149.9333 151.4199 153.3101 155.5892 140.4564 137.9275 135.8234 134.1641 132.9662 132.2422 132.0000 124.0645 124.5793 108.6646 98.0816 84.0000 84.3801 85.5102 72.4431 64.0000 56.0000 48.0000 32.0000 16.0000 24.0000 40.0000 53.6656 46.6476 40.0000 33.9411 28.8444 24.0000 11.3137
 15: 88.5438 71.5542 66.5733 53.8516 43.0813 35.7771 28.8444 22.6274 17.8885 16.0000 39.3954 46.8188 54.4059 62.0967 69.8570 68.4690 60.0000 52.6118 46.8188 43.2666 48.1664 54.4059 61.0574 68.0000 72.1110 78.8923 75.1532 82.4621 85.8836 99.3579 93.3809 82.0731 82.4621 96.3328 110.3449 104.9952 100.0000 98.7927 105.6788 106.5082 111.2115 116.2755 121.6553 127.3106 133.2066 139.3126 134.4024 128.0625 121.9180 116.0000 105.6030 112.0714 118.7266 125.5388 132.4840 139.5421 146.6970 150.7846 145.6022 143.6106 135.8234 137.9275 130.2920 128.0625 120.3329 122.7029 115.1694 112.6410 104.9952 107.7033 100.3195 93.0376 89.8888 97.4064 91.2140 97.3242 104.3072 112.0000 120.2664 125.0280 117.0982 118.4567 126.3012 134.1641 132.9662 140.9113 142.0422 141.7604 155.7562 159.3989 163.4136 166.5173 169.9412 157.4293 153.9351 150.3596 143.3876 136.5284 129.7998 123.2234 118.7266 111.1396 102.4500 110.6345 116.8247 138.8524 155.5892 166.9012 178.7512 178.7512 184.0435 192.4162 196.1632 191.2067 184.1738 170.8801 164.1950 157.6325 151.2085 144.9414 132.9662 127.3106 121.9180 116.8247 93.7230 84.3801 80.4984 88.8144 99.0353 104.6900 89.8888 86.1626 87.3613 95.0789 102.8397 110.6345 109.1788 101.2719 93.3809 85.5102 77.6660 79.6994 72.1110 64.6220 57.2713 50.1199 43.2666 40.0000 46.6476 53.6656 60.9262 68.3520 65.9697 73.7564 81.5843 93.3809 95.0789 97.4064 100.3195 103.7690 107.7033 112.0714 153.9351 157.4293 167.2961 161.2452 165.3602 172.1859 177.5049 169.7528 174.4018 184.4017 179.2875 167.0928 172.5572 178.3928 184.3909 189.6945 195.1820 200.8382 206.6495 213.5509 218.2476 224.3212 230.5125 225.6014 219.2715 213.0540 202.6327 197.4335 192.4266 190.8822 184.2281 179.1089 174.4133 182.4719 186.1182 190.0316 194.1958 198.5951 203.2142 207.4608 223.0336 218.8333 207.8846 214.8488 211.0924 207.5765 204.3135 201.3157 198.5951 195.0590 187.3606 191.0393 186.4618 179.1089 176.0454 167.8690 160.4618 150.7846 148.0000 163.2176 170.8801 168.8076 167.0928 165.7468 164.7786 164.1950 164.0000 164.1950 156.2050 156.0000 156.2050 156.8184 157.8354 159.2482 161.0466 145.6022 143.6106 142.0422 140.9113 140.2284 140.0000 140.2284 132.0606 132.0606 116.0689 106.0754 92.3472 92.0000 92.3472 80.0000 72.4431 64.4981 56.5685 40.7922 25.2982 32.9848 48.6621 58.2409 50.5964 43.0813 35.7771 28.8444 17.8885
 16: 92.7793 73.7564 67.0522 58.1378 48.0000 40.0000 32.0000 24.0000 16.0000 8.0000 21.5407 29.1204 36.8782 44.7214 52.6118 52.0000 44.7214 39.3954 36.8782 37.7359 44.7214 48.8262 53.8145 59.4643 65.1153 70.7672 65.6049 72.1110 76.8375 93.7230 88.8144 77.6660 80.4984 93.2952 106.5082 102.2155 98.3870 98.7927 106.2826 105.6030 109.1788 113.2078 117.6435 122.4418 127.5617 132.9662 127.3106 121.6553 116.2755 111.2115 99.0353 104.6900 110.6345 116.8247 123.2234 129.7998 136.5284 139.5421 132.9662 130.2920 122.7029 125.5388 118.1863 115.1694 107.7033 110.9234 103.7690 100.3195 93.0376 96.7471 89.8888 83.2346 78.8923 85.8836 78.7909 83.5225 89.4427 96.3328 104.0000 108.2959 100.3195 101.2719 109.1788 117.0982 116.2755 124.2578 125.0280 124.1934 138.4630 141.7604 145.6022 148.6472 152.0526 139.5421 136.0588 132.4840 125.5388 118.7266 112.0714 105.6030 100.9554 93.2952 85.0412 93.3809 99.3579 121.6553 138.6218 149.9333 161.4435 161.4435 166.9012 175.3625 178.7512 173.6663 166.4692 153.1013 146.4787 140.0000 133.6862 127.5617 116.0000 110.6345 105.6030 100.9554 77.6660 69.8570 67.0522 73.4302 82.4621 87.7268 72.1110 68.3520 69.8570 77.6660 85.5102 93.3809 92.3472 84.3801 76.4199 68.4690 60.5310 62.0967 54.4059 46.8188 39.3954 32.2490 25.6125 25.2982 32.9848 40.7922 48.6621 56.5685 56.0000 64.0000 72.0000 84.0000 84.3801 85.5102 87.3613 89.8888 93.0376 96.7471 140.4564 143.3876 153.1143 146.6970 150.3596 157.4293 162.2467 154.3503 158.6443 168.6298 163.2176 150.5722 155.7947 161.8394 168.0476 173.1127 178.3928 183.8695 189.5257 196.7028 201.7920 208.0385 214.4015 209.7236 203.2142 196.8146 186.1720 181.2071 176.4653 175.3283 169.1981 164.5843 160.4618 168.6179 171.8139 175.3169 179.1089 183.1721 187.4887 192.0833 207.8846 204.0000 193.2046 200.3597 196.9772 193.8659 191.0393 188.5099 186.2901 183.5647 175.7271 178.5721 173.2974 165.7468 163.2176 154.9839 147.3635 137.9275 135.8234 151.4199 159.2482 157.8354 156.8184 156.2050 156.0000 156.2050 156.8184 157.8354 149.9333 148.8624 148.2161 148.0000 148.2161 148.8624 149.9333 134.1641 132.9662 132.2422 132.0000 132.2422 132.9662 134.1641 125.6025 124.5793 108.6646 100.0200 87.3613 85.5102 84.3801 73.7564 68.3520 60.9262 53.6656 40.0000 28.8444 33.9411 46.6476 48.0000 40.0000 32.0000 24.0000 16.0000
 17: 108.6646 89.4427 82.4621 74.1080 64.0000 56.0000 48.0000 40.0000 32.0000 24.0000 21.5407 29.1204 36.8782 44.7214 52.6118 54.4059 50.1199 48.1664 48.8262 52.0000 59.4643 62.6099 66.5733 71.2180 77.6660 82.4621 76.4199 82.0731 87.7268 106.5082 102.2155 91.3017 95.0789 107.3313 120.0666 116.2755 112.9248 113.8420 121.4578 120.3329 123.4828 127.0590 131.0267 135.3514 140.0000 144.9414 138.8524 133.6862 128.8099 124.2578 111.2115 116.2755 121.6553 127.3106 133.2066 139.3126 145.6022 147.5669 139.5421 136.0588 128.8099 132.4840 125.5388 121.6553 114.6124 118.7266 112.0714 107.7033 100.9554 105.6030 99.3579 93.3809 88.0909 94.4034 86.5332 89.4427 93.6376 98.9545 105.2236 108.2959 100.3195 100.0000 108.0000 116.0000 116.2755 124.2578 124.0000 121.0620 136.3672 138.1014 140.6840 142.9405 145.6022 132.9662 130.2920 125.5388 118.1863 110.9234 103.7690 96.7471 93.0376 86.1626 75.4718 83.2346 89.8888 111.2115 127.5617 138.8524 151.2085 151.2085 156.2050 164.4384 168.8076 164.1950 157.7847 144.9414 137.9275 131.0267 124.2578 117.6435 104.9952 99.0353 93.3809 88.0909 65.1153 55.5698 52.0000 60.0000 70.7672 76.8375 64.6220 64.4981 68.0000 76.0000 84.0000 92.0000 92.3472 84.3801 76.4199 68.4690 60.5310 60.0000 52.0000 44.0000 36.0000 28.0000 20.0000 11.3137 17.8885 25.2982 32.9848 40.7922 40.0000 48.0000 56.0000 68.0000 68.4690 69.8570 72.1110 75.1532 78.8923 83.2346 125.5388 128.8099 138.6362 132.4840 136.5284 143.3876 148.6607 140.9113 145.6022 155.6021 150.5722 138.6218 144.2775 149.9333 155.7947 161.2452 166.9012 172.7426 178.7512 185.3106 189.6945 195.6732 201.7920 196.8146 190.5361 184.3909 174.0919 168.7720 163.6704 162.0494 155.3963 150.3596 145.8355 153.9351 157.4293 161.2452 165.3602 169.7528 174.4018 178.6169 194.1958 190.0316 179.1089 186.1182 182.4719 179.1089 176.0454 173.2974 170.8801 167.9047 160.1000 163.2176 158.2403 150.7846 148.0000 139.7856 132.2573 122.7029 120.3329 135.8234 143.6106 142.0422 140.9113 140.2284 140.0000 140.2284 140.9113 142.0422 134.1641 132.9662 132.2422 132.0000 132.2422 132.9662 134.1641 118.4567 117.0982 116.2755 116.0000 116.2755 117.0982 118.4567 109.8362 108.6646 92.7793 84.4038 72.1110 69.8570 68.4690 58.2409 53.6656 46.6476 40.0000 28.8444 24.0000 25.2982 33.9411 32.0000 24.0000 16.0000 8.0000
 18: 116.6190 97.3242 90.2441 82.0975 72.0000 64.0000 56.0000 48.0000 40.0000 32.0000 25.6125 32.2490 39.3954 46.8188 54.4059 57.2713 54.4059 53.8145 55.5698 59.4643 67.0522 69.8570 73.4302 77.6660 84.3801 88.8144 82.4621 87.7268 93.7230 113.2078 109.1788 98.3870 102.5280 114.5426 127.0590 123.4828 120.3329 121.4578 129.1201 127.8124 130.7823 134.1641 137.9275 142.0422 146.4787 151.2085 144.9414 140.0000 135.3514 131.0267 117.6435 122.4418 127.5617 132.9662 138.6218 144.4991 150.5722 152.0526 143.3876 139.5421 132.4840 136.5284 129.7998 125.5388 118.7266 123.2234 116.8247 112.0714 105.6030 110.6345 104.6900 99.0353 93.3809 99.3579 91.2140 93.2952 96.6644 101.1929 106.7333 109.1788 101.2719 100.3195 108.2959 116.2755 117.0982 125.0280 124.2578 120.2664 136.0147 136.9379 138.8524 140.6840 142.9405 130.2920 128.0625 122.7029 115.1694 107.7033 100.3195 93.0376 89.8888 83.5225 71.5542 78.8923 85.8836 106.5082 122.4418 133.6862 146.4787 146.4787 151.2085 159.2985 164.1950 159.8499 153.8831 141.3648 134.1641 127.0590 120.0666 113.2078 100.0000 93.7230 87.7268 82.0731 59.4643 48.8262 44.7214 53.8145 65.6049 72.1110 62.0967 64.0000 68.4690 76.4199 84.3801 92.3472 93.3809 85.5102 77.6660 69.8570 62.0967 60.5310 52.6118 44.7214 36.8782 29.1204 21.5407 8.0000 11.3137 17.8885 25.2982 32.9848 32.0000 40.0000 48.0000 60.0000 60.5310 62.0967 64.6220 68.0000 72.1110 76.8375 118.1863 121.6553 131.5295 125.5388 129.7998 136.5284 142.0563 134.4024 139.3126 149.3051 144.4991 132.9662 138.8524 144.2775 149.9333 155.5892 161.4435 167.4754 173.6663 179.8777 183.8695 189.6945 195.6732 190.5361 184.3909 178.3928 168.2974 162.7882 157.4929 155.6021 148.6607 143.3876 138.6362 146.6970 150.3596 154.3503 158.6443 163.2176 168.0476 172.0465 187.4887 183.1721 172.1859 179.1089 175.3169 171.8139 168.6179 165.7468 163.2176 160.1000 152.3155 155.5892 150.7846 143.3876 140.4564 132.2573 124.7878 115.1694 112.6410 128.0625 135.8234 134.1641 132.9662 132.2422 132.0000 132.2422 132.9662 134.1641 126.3012 125.0280 124.2578 124.0000 124.2578 125.0280 126.3012 110.6345 109.1788 108.2959 108.0000 108.2959 109.1788 110.6345 101.9804 100.7174 84.8528 76.6551 64.6220 62.0967 60.5310 50.5964 46.6476 40.0000 33.9411 25.2982 25.2982 24.0000 28.8444 24.0000 16.0000 8.0000
 19: 124.5793 105.2236 98.0612 90.0888 80.0000 72.0000 64.0000 56.0000 48.0000 40.0000 31.2410 36.8782 43.2666 50.1199 57.2713 61.0574 59.4643 60.0000 62.6099 67.0522 74.7262 77.2528 80.4984 84.3801 91.3017 95.4149 88.8144 93.7230 100.0000 120.0666 116.2755 105.6030 110.0545 121.8524 134.1641 130.7823 127.8124 129.1201 136.8211 135.3514 138.1593 141.3648 144.9414 148.8624 153.1013 157.6325 151.2085 146.4787 142.0422 137.9275 124.2578 128.8099 133.6862 138.8524 144.2775 149.9333 155.7947 156.8184 147.5669 143.3876 136.5284 140.9113 134.4024 129.7998 123.2234 128.0625 121.9180 116.8247 110.6345 116.0000 110.3449 104.9952 99.0353 104.6900 96.3328 97.6524 100.2397 104.0000 108.8118 110.6345 102.8397 101.2719 109.1788 117.0982 118.4567 126.3012 125.0280 120.0000 136.1323 136.2351 137.4627 138.8524 140.6840 128.0625 126.3012 120.3329 112.6410 104.9952 97.4064 89.8888 87.3613 81.5843 68.3520 75.1532 82.4621 102.2155 117.6435 128.8099 142.0422 142.0422 146.4787 154.4021 159.8499 155.7947 150.3064 138.1593 130.7823 123.4828 116.2755 109.1788 95.4149 88.8144 82.4621 76.4199 54.4059 42.5206 37.7359 48.1664 61.0574 68.0000 60.5310 64.4981 69.8570 77.6660 85.5102 93.3809 95.0789 87.3613 79.6994 72.1110 64.6220 62.0967 54.4059 46.8188 39.3954 32.2490 25.6125 11.3137 8.0000 11.3137 17.8885 25.2982 24.0000 32.0000 40.0000 52.0000 52.6118 54.4059 57.2713 61.0574 65.6049 70.7672 110.9234 114.6124 124.5311 118.7266 123.2234 129.7998 135.6024 128.0625 133.2066 143.1782 138.6218 127.5617 133.6862 138.8524 144.2775 150.1466 156.2050 162.4315 168.8076 174.6425 178.2134 183.8695 189.6945 184.3909 178.3928 172.5572 162.6899 156.9841 151.4860 149.3051 142.0563 136.5284 131.5295 139.5421 143.3876 147.5669 152.0526 156.8184 161.8394 165.6019 180.8867 176.4086 165.3602 172.1859 168.2379 164.5843 161.2452 158.2403 155.5892 152.3155 144.5545 148.0000 143.3876 136.0588 132.9662 124.7878 117.3882 107.7033 104.9952 120.3329 128.0625 126.3012 125.0280 124.2578 124.0000 124.2578 125.0280 126.3012 118.4567 117.0982 116.2755 116.0000 116.2755 117.0982 118.4567 102.8397 101.2719 100.3195 100.0000 100.3195 101.2719 102.8397 94.1488 92.7793 76.9415 68.9638 57.2713 54.4059 52.6118 43.0813 40.0000 33.9411 28.8444 24.0000 28.8444 25.2982 25.2982 16.0000 8.0000
 20: 132.5443 113.1371 105.9056 98.0816 88.0000 80.0000 72.0000 64.0000 56.0000 48.0000 37.7359 42.5206 48.1664 54.4059 61.0574 65.6049 65.1153 66.5733 69.8570 74.7262 82.4621 84.7585 87.7268 91.3017 98.3870 102.2155 95.4149 100.0000 106.5082 127.0590 123.4828 112.9248 117.6435 129.2440 141.3648 138.1593 135.3514 136.8211 144.5545 142.9405 145.6022 148.6472 152.0526 155.7947 159.8499 164.1950 157.6325 153.1013 148.8624 144.9414 131.0267 135.3514 140.0000 144.9414 150.1466 155.5892 161.2452 161.8394 152.0526 147.5669 140.9113 145.6022 139.3126 134.4024 128.0625 133.2066 127.3106 121.9180 116.0000 121.6553 116.2755 111.2115 104.9952 110.3449 101.8234 102.4500 104.3072 107.3313 111.4271 112.6410 104.9952 102.8397 110.6345 118.4567 120.3329 128.0625 126.3012 120.2664 136.7187 136.0000 136.5284 137.4627 138.8524 126.3012 125.0280 118.4567 110.6345 102.8397 95.0789 87.3613 85.5102 80.3990 65.9697 72.1110 79.6994 98.3870 113.2078 124.2578 137.9275 137.9275 142.0422 149.7732 155.7947 152.0526 147.0782 135.3514 127.8124 120.3329 112.9248 105.6030 91.3017 84.3801 77.6660 71.2180 50.1199 36.8782 31.2410 43.2666 57.2713 64.6220 60.0000 65.9697 72.1110 79.6994 87.3613 95.0789 97.4064 89.8888 82.4621 75.1532 68.0000 64.6220 57.2713 50.1199 43.2666 36.8782 31.2410 17.8885 11.3137 8.0000 11.3137 17.8885 16.0000 24.0000 32.0000 44.0000 44.7214 46.8188 50.1199 54.4059 59.4643 65.1153 103.7690 107.7033 117.6605 112.0714 116.8247 123.2234 129.3213 121.9180 127.3106 137.2443 132.9662 122.4418 128.8099 133.6862 138.8524 144.9414 151.2085 157.6325 164.1950 169.6231 172.7426 178.2134 183.8695 178.3928 172.5572 166.9012 157.2895 151.3803 145.6709 143.1782 135.6024 129.7998 124.5311 132.4840 136.5284 140.9113 145.6022 150.5722 155.7947 159.2985 174.4018 169.7528 158.6443 165.3602 161.2452 157.4293 153.9351 150.7846 148.0000 144.5545 136.8211 140.4564 136.0588 128.8099 125.5388 117.3882 110.0727 100.3195 97.4064 112.6410 120.3329 118.4567 117.0982 116.2755 116.0000 116.2755 117.0982 118.4567 110.6345 109.1788 108.2959 108.0000 108.2959 109.1788 110.6345 95.0789 93.3809 92.3472 92.0000 92.3472 93.3809 95.0789 86.3481 84.8528 69.0507 61.3514 50.1199 46.8188 44.7214 35.7771 33.9411 28.8444 25.2982 25.2982 33.9411 28.8444 24.0000 8.0000
 21: 140.5133 121.0620 113.7717 106.0754 96.0000 88.0000 80.0000 72.0000 64.0000 56.0000 44.7214 48.8262 53.8145 59.4643 65.6049 70.7672 71.2180 73.4302 77.2528 82.4621 90.2441 92.3472 95.0789 98.3870 105.6030 109.1788 102.2155 106.5082 113.2078 134.1641 130.7823 120.3329 125.2837 136.7041 148.6472 145.6022 142.9405 144.5545 152.3155 150.5722 153.1013 156.0000 159.2482 162.8251 166.7093 170.8801 164.1950 159.8499 155.7947 152.0526 137.9275 142.0422 146.4787 151.2085 156.2050 161.4435 166.9012 167.0928 156.8184 152.0526 145.6022 150.5722 144.4991 139.3126 133.2066 138.6218 132.9662 127.3106 121.6553 127.5617 122.4418 117.6435 111.2115 116.2755 107.6290 107.6290 108.8118 111.1396 114.5426 115.1694 107.7033 104.9952 112.6410 120.3329 122.7029 130.2920 128.0625 121.0620 137.7679 136.2351 136.0588 136.5284 137.4627 125.0280 124.2578 117.0982 109.1788 101.2719 93.3809 85.5102 84.3801 80.0000 64.4981 69.8570 77.6660 95.0789 109.1788 120.0666 134.1641 134.1641 137.9275 145.4373 152.0526 148.6472 144.2221 132.9662 125.2837 117.6435 110.0545 102.5280 87.7268 80.4984 73.4302 66.5733 46.8188 32.2490 25.6125 39.3954 54.4059 62.0967 60.5310 68.3520 75.1532 82.4621 89.8888 97.4064 100.3195 93.0376 85.8836 78.8923 72.1110 68.0000 61.0574 54.4059 48.1664 42.5206 37.7359 25.2982 17.8885 11.3137 8.0000 11.3137 8.0000 16.0000 24.0000 36.0000 36.8782 39.3954 43.2666 48.1664 53.8145 60.0000 96.7471 100.9554 110.9414 105.6030 110.6345 116.8247 123.2396 116.0000 121.6553 131.5295 127.5617 117.6435 124.2578 128.8099 133.6862 140.0000 146.4787 153.1013 159.8499 164.8393 167.4754 172.7426 178.2134 172.5572 166.9012 161.4435 152.1184 146.0000 140.0714 137.2443 129.3213 123.2234 117.6605 125.5388 129.7998 134.4024 139.3126 144.4991 149.9333 153.1535 168.0476 163.2176 152.0526 158.6443 154.3503 150.3596 146.6970 143.3876 140.4564 136.8211 129.1201 132.9662 128.8099 121.6553 118.1863 110.0727 102.8591 93.0376 89.8888 104.9952 112.6410 110.6345 109.1788 108.2959 108.0000 108.2959 109.1788 110.6345 102.8397 101.2719 100.3195 100.0000 100.3195 101.2719 102.8397 87.3613 85.5102 84.3801 84.0000 84.3801 85.5102 87.3613 78.5875 76.9415 61.1882 53.8516 43.2666 39.3954 36.8782 28.8444 28.8444 25.2982 24.0000 28.8444 40.0000 33.9411 25.2982
 22: 136.8211 118.9285 112.9248 101.9215 91.2140 83.5225 75.8947 68.3520 60.9262 53.6656 54.4059 61.0574 68.0000 75.1532 82.4621 85.8836 83.2346 82.0731 82.4621 84.3801 91.3017 95.4149 100.0000 104.9952 111.2115 116.2755 110.3449 116.0000 121.6553 140.0000 135.3514 124.2578 127.0590 139.9428 153.1013 148.8624 144.9414 144.9966 152.3155 152.0526 155.7947 159.8499 164.1950 168.8076 173.6663 178.7512 172.7426 167.4754 162.4315 157.6325 144.9414 150.1466 155.5892 161.2452 167.0928 173.1127 179.2875 180.8867 172.1859 168.2379 161.2452 165.3602 158.6443 154.3503 147.5669 152.0526 145.6022 140.9113 134.4024 139.3126 133.2066 127.3106 121.9180 128.0625 120.0000 122.1147 125.2198 129.2440 134.1044 135.8234 128.0625 126.3012 134.1641 142.0422 143.6106 151.4199 149.9333 144.2221 160.6113 160.0000 160.4494 161.2452 162.4315 149.9333 148.8624 142.0422 134.1641 126.3012 118.4567 110.6345 109.1788 104.3072 89.4427 95.0789 102.8397 120.3329 134.1641 144.9414 159.2482 159.2482 162.8251 170.1764 177.1327 173.8505 169.5170 158.2403 150.5722 142.9405 135.3514 127.8124 112.9248 105.6030 98.3870 91.3017 72.1110 57.2713 50.1199 64.6220 79.6994 87.3613 84.0000 89.4427 95.0789 102.8397 110.6345 118.4567 120.3329 112.6410 104.9952 97.4064 89.8888 87.3613 79.6994 72.1110 64.6220 57.2713 50.1199 35.7771 32.9848 32.0000 32.9848 35.7771 28.8444 33.9411 40.0000 50.1199 54.4059 59.4643 65.1153 71.2180 77.6660 84.3801 116.8247 121.9180 131.8939 127.3106 132.9662 138.6218 145.7258 138.8524 144.9414 154.6739 151.2085 142.0422 148.8624 153.1013 157.6325 164.1950 170.8801 177.6739 184.5644 189.1560 191.2067 196.1632 201.3157 195.3458 190.0316 184.9108 176.0114 169.6231 163.3769 159.9625 151.3275 144.4991 138.0580 145.6022 150.5722 155.7947 161.2452 166.9012 172.7426 175.3625 189.6945 184.3909 173.1127 179.2875 174.4018 169.7528 165.3602 161.2452 157.4293 152.3155 144.9966 150.3596 147.5669 140.9113 136.5284 128.7012 122.0656 112.0714 107.7033 121.6553 128.8099 125.5388 122.7029 120.3329 118.4567 117.0982 116.2755 116.0000 108.0000 108.2959 109.1788 110.6345 112.6410 115.1694 118.1863 103.7690 100.3195 97.4064 95.0789 93.3809 92.3472 92.0000 84.0952 84.8528 69.0507 58.1378 44.0000 44.7214 46.8188 32.9848 24.0000 16.0000 8.0000 8.0000 24.0000 16.0000
 23: 121.4578 104.0000 98.3870 86.6487 75.8947 68.3520 60.9262 53.6656 46.6476 40.0000 46.8188 54.4059 62.0967 69.8570 77.6660 79.6994 75.1532 72.1110 70.7672 71.2180 77.6660 82.4621 87.7268 93.3809 99.0353 104.6900 99.3579 105.6030 110.6345 127.5617 122.4418 111.2115 113.2078 126.4911 140.0000 135.3514 131.0267 130.5986 137.7534 137.9275 142.0422 146.4787 151.2085 156.2050 161.4435 166.9012 161.2452 155.5892 150.1466 144.9414 132.9662 138.6218 144.4991 150.5722 156.8184 163.2176 169.7528 172.1859 164.5843 161.2452 153.9351 157.4293 150.3596 146.6970 139.5421 143.3876 136.5284 132.4840 125.5388 129.7998 123.2234 116.8247 112.0714 118.7266 111.1396 114.5426 118.9285 124.1934 130.2306 132.9662 125.0280 124.2578 132.2422 140.2284 140.9113 148.8624 148.2161 144.2221 160.0125 160.7980 162.4315 164.0000 165.9397 153.3101 151.4199 145.6022 137.9275 130.2920 122.7029 115.1694 112.6410 106.7333 93.6376 100.3195 107.7033 127.0590 142.0422 153.1013 166.7093 166.7093 170.8801 178.6169 184.5644 180.7097 175.4537 163.4136 156.0000 148.6472 141.3648 134.1641 120.0666 113.2078 106.5082 100.0000 78.8923 65.6049 59.4643 72.1110 85.8836 93.0376 85.5102 88.0000 92.3472 100.3195 108.2959 116.2755 117.0982 109.1788 101.2719 93.3809 85.5102 84.3801 76.4199 68.4690 60.5310 52.6118 44.7214 32.0000 32.9848 35.7771 40.0000 45.2548 40.0000 46.6476 53.6656 64.6220 68.0000 72.1110 76.8375 82.0731 87.7268 93.7230 129.7998 134.4024 144.4022 139.3126 144.4991 150.5722 157.1369 149.9333 155.5892 165.4690 161.4435 151.2085 157.6325 162.4315 167.4754 173.6663 180.0000 186.4618 193.0389 198.4036 201.3157 206.6495 212.1509 206.4946 200.8382 195.3458 185.9140 179.8777 174.0000 171.1724 163.1318 156.8184 150.9039 158.6443 163.2176 168.0476 173.1127 178.3928 183.8695 187.0187 201.7920 196.8146 185.6017 192.0417 187.4887 183.1721 179.1089 175.3169 171.8139 167.1407 159.6997 164.5843 161.2452 154.3503 150.3596 142.3938 135.4843 125.5388 121.6553 136.0588 143.3876 140.4564 137.9275 135.8234 134.1641 132.9662 132.2422 132.0000 124.0000 124.2578 125.0280 126.3012 128.0625 130.2920 132.9662 118.1863 115.1694 112.6410 110.6345 109.1788 108.2959 108.0000 100.0800 100.7174 84.8528 74.1080 60.0000 60.5310 62.0967 48.6621 40.0000 32.0000 24.0000 8.0000 8.0000
 24: 113.8420 96.6644 91.3017 79.1202 68.3520 60.9262 53.6656 46.6476 40.0000 33.9411 44.7214 52.6118 60.5310 68.4690 76.4199 77.6660 72.1110 68.0000 65.6049 65.1153 71.2180 76.4199 82.0731 88.0909 93.3809 99.3579 94.4034 100.9554 105.6030 121.6553 116.2755 104.9952 106.5082 120.0000 133.6862 128.8099 124.2578 123.5476 130.5986 131.0267 135.3514 140.0000 144.9414 150.1466 155.5892 161.2452 155.7947 149.9333 144.2775 138.8524 127.3106 133.2066 139.3126 145.6022 152.0526 158.6443 165.3602 168.2379 161.2452 158.2403 150.7846 153.9351 146.6970 143.3876 136.0588 139.5421 132.4840 128.8099 121.6553 125.5388 118.7266 112.0714 107.7033 114.6124 107.3313 111.4271 116.4818 122.3765 128.9961 132.2422 124.2578 124.0000 132.0000 140.0000 140.2284 148.2161 148.0000 144.8862 160.3122 161.7900 164.0000 165.9397 168.2379 155.5892 153.3101 148.0000 140.4564 132.9662 125.5388 118.1863 115.1694 108.8118 96.6644 103.7690 110.9234 131.0267 146.4787 157.6325 170.8801 170.8801 175.3169 183.2157 188.6796 184.5644 178.8854 166.5173 159.2482 152.0526 144.9414 137.9275 124.2578 117.6435 111.2115 104.9952 83.2346 70.7672 65.1153 76.8375 89.8888 96.7471 87.3613 88.3629 92.0000 100.0000 108.0000 116.0000 116.2755 108.2959 100.3195 92.3472 84.3801 84.0000 76.0000 68.0000 60.0000 52.0000 44.0000 32.9848 35.7771 40.0000 45.2548 51.2250 46.6476 53.6656 60.9262 72.1110 75.1532 78.8923 83.2346 88.0909 93.3809 99.0353 136.5284 140.9113 150.9039 145.6022 150.5722 156.8184 163.1318 155.7947 161.2452 171.1724 166.9012 156.2050 162.4315 167.4754 172.7426 178.7512 184.9108 191.2067 197.6259 203.3421 206.6495 212.1509 217.8073 212.3017 206.4946 200.8382 191.1753 185.3106 179.6107 177.0537 169.2926 163.2176 157.5436 165.3602 169.7528 174.4018 179.2875 184.3909 189.6945 193.0803 208.0385 203.2142 192.0417 198.5951 194.1958 190.0316 186.1182 182.4719 179.1089 174.6310 167.1407 171.8139 168.2379 161.2452 157.4293 149.4122 142.3938 132.4840 128.8099 143.3876 150.7846 148.0000 145.6022 143.6106 142.0422 140.9113 140.2284 140.0000 132.0000 132.2422 132.9662 134.1641 135.8234 137.9275 140.4564 125.5388 122.7029 120.3329 118.4567 117.0982 116.2755 116.0000 108.0740 108.6646 92.7793 82.0975 68.0000 68.4690 69.8570 56.5685 48.0000 40.0000 32.0000 16.0000
 25: 129.1201 111.4271 105.6030 94.2550 83.5225 75.8947 68.3520 60.9262 53.6656 46.6476 50.1199 57.2713 64.6220 72.1110 79.6994 82.4621 78.8923 76.8375 76.4199 77.6660 84.3801 88.8144 93.7230 99.0353 104.9952 110.3449 104.6900 110.6345 116.0000 133.6862 128.8099 117.6435 120.0666 133.1465 146.4787 142.0422 137.9275 137.7534 144.9966 144.9414 148.8624 153.1013 157.6325 162.4315 167.4754 172.7426 166.9012 161.4435 156.2050 151.2085 138.8524 144.2775 149.9333 155.7947 161.8394 168.0476 174.4018 176.4086 168.2379 164.5843 157.4293 161.2452 154.3503 150.3596 143.3876 147.5669 140.9113 136.5284 129.7998 134.4024 128.0625 121.9180 116.8247 123.2234 115.3776 118.1186 121.8524 126.4911 131.9394 134.1641 126.3012 125.0280 132.9662 140.9113 142.0422 149.9333 148.8624 144.0000 160.1125 160.1999 161.2452 162.4315 164.0000 151.4199 149.9333 143.6106 135.8234 128.0625 120.3329 112.6410 110.6345 105.2236 91.2140 97.4064 104.9952 123.4828 137.9275 148.8624 162.8251 162.8251 166.7093 174.2642 180.7097 177.1327 172.3253 160.6487 153.1013 145.6022 138.1593 130.7823 116.2755 109.1788 102.2155 95.4149 75.1532 61.0574 54.4059 68.0000 82.4621 89.8888 84.3801 88.3629 93.3809 101.2719 109.1788 117.0982 118.4567 110.6345 102.8397 95.0789 87.3613 85.5102 77.6660 69.8570 62.0967 54.4059 46.8188 32.9848 32.0000 32.9848 35.7771 40.0000 33.9411 40.0000 46.6476 57.2713 61.0574 65.6049 70.7672 76.4199 82.4621 88.8144 123.2234 128.0625 138.0580 133.2066 138.6218 144.4991 151.3275 144.2775 150.1466 159.9625 156.2050 146.4787 153.1013 157.6325 162.4315 168.8076 175.3169 181.9450 188.6796 193.6698 196.1632 201.3157 206.6495 200.8382 195.3458 190.0316 180.8535 174.6425 168.5823 165.4690 157.1369 150.5722 144.4022 152.0526 156.8184 161.8394 167.0928 172.5572 178.2134 181.1077 195.6732 190.5361 179.2875 185.6017 180.8867 176.4086 172.1859 168.2379 164.5843 159.6997 152.3155 157.4293 154.3503 147.5669 143.3876 135.4843 128.7012 118.7266 114.6124 128.8099 136.0588 132.9662 130.2920 128.0625 126.3012 125.0280 124.2578 124.0000 116.0000 116.2755 117.0982 118.4567 120.3329 122.7029 125.5388 110.9234 107.7033 104.9952 102.8397 101.2719 100.3195 100.0000 92.0869 92.7793 76.9415 66.1211 52.0000 52.6118 54.4059 40.7922 32.0000 24.0000 16.0000
 26: 144.5545 126.4911 120.3329 109.6358 98.9545 91.2140 83.5225 75.8947 68.3520 60.9262 59.4643 65.6049 72.1110 78.8923 85.8836 89.8888 88.0909 87.7268 88.8144 91.3017 98.3870 102.2155 106.5082 111.2115 117.6435 122.4418 116.2755 121.6553 127.5617 146.4787 142.0422 131.0267 134.1641 146.8605 159.8499 155.7947 152.0526 152.3155 159.6997 159.2482 162.8251 166.7093 170.8801 175.3169 180.0000 184.9108 178.7512 173.6663 168.8076 164.1950 151.2085 156.2050 161.4435 166.9012 172.5572 178.3928 184.3909 185.6017 176.4086 172.1859 165.3602 169.7528 163.2176 158.6443 152.0526 156.8184 150.5722 145.6022 139.3126 144.4991 138.6218 132.9662 127.3106 133.2066 124.9640 126.4911 128.9961 132.4236 136.7041 137.9275 130.2920 128.0625 135.8234 143.6106 145.6022 153.3101 151.4199 144.8862 161.5054 160.1999 160.0500 160.4494 161.2452 148.8624 148.2161 140.9113 132.9662 125.0280 117.0982 109.1788 108.2959 104.0000 88.3629 93.3809 101.2719 117.6435 130.7823 141.3648 156.0000 156.0000 159.2482 166.3731 173.8505 170.8801 167.0449 156.2050 148.4318 140.6840 132.9662 125.2837 110.0545 102.5280 95.0789 87.7268 69.8570 54.4059 46.8188 62.0967 77.6660 85.5102 84.3801 91.2140 97.4064 104.9952 112.6410 120.3329 122.7029 115.1694 107.7033 100.3195 93.0376 89.8888 82.4621 75.1532 68.0000 61.0574 54.4059 40.0000 35.7771 32.9848 32.0000 32.9848 25.2982 28.8444 33.9411 43.2666 48.1664 53.8145 60.0000 66.5733 73.4302 80.4984 110.6345 116.0000 125.9365 121.6553 127.5617 132.9662 140.3567 133.6862 140.0000 149.6262 146.4787 137.9275 144.9414 148.8624 153.1013 159.8499 166.7093 173.6663 180.7097 184.8783 186.4618 191.2067 196.1632 190.0316 184.9108 180.0000 171.4060 164.8393 158.4045 154.6739 145.7258 138.6218 131.8939 139.3126 144.4991 149.9333 155.5892 161.4435 167.4754 169.7999 183.8695 178.3928 167.0928 173.1127 168.0476 163.2176 158.6443 154.3503 150.3596 144.9966 137.7534 143.3876 140.9113 134.4024 129.7998 122.0656 115.6028 105.6030 100.9554 114.6124 121.6553 118.1863 115.1694 112.6410 110.6345 109.1788 108.2959 108.0000 100.0000 100.3195 101.2719 102.8397 104.9952 107.7033 110.9234 96.7471 93.0376 89.8888 87.3613 85.5102 84.3801 84.0000 76.1052 76.9415 61.1882 50.1597 36.0000 36.8782 39.3954 25.2982 16.0000 8.0000
 27: 152.3155 134.1044 127.8124 117.3882 106.7333 98.9545 91.2140 83.5225 75.8947 68.3520 65.1153 70.7672 76.8375 83.2346 89.8888 94.4034 93.3809 93.7230 95.4149 98.3870 105.6030 109.1788 113.2078 117.6435 124.2578 128.8099 122.4418 127.5617 133.6862 153.1013 148.8624 137.9275 141.3648 153.8831 166.7093 162.8251 159.2482 159.6997 167.1407 166.5173 169.9412 173.6663 177.6739 181.9450 186.4618 191.2067 184.9108 180.0000 175.3169 170.8801 157.6325 162.4315 167.4754 172.7426 178.2134 183.8695 189.6945 190.5361 180.8867 176.4086 169.7528 174.4018 168.0476 163.2176 156.8184 161.8394 155.7947 150.5722 144.4991 149.9333 144.2775 138.8524 132.9662 138.6218 130.2306 131.2098 133.1465 136.0000 139.7140 140.4564 132.9662 130.2920 137.9275 145.6022 148.0000 155.5892 153.3101 145.9863 162.7882 160.7980 160.0500 160.0500 160.4494 148.2161 148.0000 140.2284 132.2422 124.2578 116.2755 108.2959 108.0000 104.3072 88.0000 92.3472 100.3195 115.4470 127.8124 138.1593 153.1013 153.1013 156.0000 162.8742 170.8801 168.2379 164.9242 154.5574 146.6970 138.8524 131.0267 123.2234 107.7033 100.0000 92.3472 84.7585 68.4690 52.6118 44.7214 60.5310 76.4199 84.3801 85.5102 93.6376 100.3195 107.7033 115.1694 122.7029 125.5388 118.1863 110.9234 103.7690 96.7471 93.0376 85.8836 78.8923 72.1110 65.6049 59.4643 45.2548 40.0000 35.7771 32.9848 32.0000 24.0000 25.2982 28.8444 36.8782 42.5206 48.8262 55.5698 62.6099 69.8570 77.2528 104.6900 110.3449 120.2165 116.2755 122.4418 127.5617 135.2479 128.8099 135.3514 144.8447 142.0422 134.1641 141.3648 144.9414 148.8624 155.7947 162.8251 169.9412 177.1327 180.8535 181.9450 186.4618 191.2067 184.9108 180.0000 175.3169 167.0569 160.3122 153.6880 149.6262 140.3567 132.9662 125.9365 133.2066 138.6218 144.2775 150.1466 156.2050 162.4315 164.4384 178.2134 172.5572 161.2452 167.0928 161.8394 156.8184 152.0526 147.5669 143.3876 137.7534 130.5986 136.5284 134.4024 128.0625 123.2234 115.6028 109.3435 99.3579 94.4034 107.7033 114.6124 110.9234 107.7033 104.9952 102.8397 101.2719 100.3195 100.0000 92.0000 92.3472 93.3809 95.0789 97.4064 100.3195 103.7690 89.8888 85.8836 82.4621 79.6994 77.6660 76.4199 76.0000 68.1175 69.0507 53.3667 42.1900 28.0000 29.1204 32.2490 17.8885 8.0000
 28: 160.1000 141.7604 135.3514 125.1719 114.5426 106.7333 98.9545 91.2140 83.5225 75.8947 71.2180 76.4199 82.0731 88.0909 94.4034 99.3579 99.0353 100.0000 102.2155 105.6030 112.9248 116.2755 120.0666 124.2578 131.0267 135.3514 128.8099 133.6862 140.0000 159.8499 155.7947 144.9414 148.6472 160.9969 173.6663 169.9412 166.5173 167.1407 174.6310 173.8505 177.1327 180.7097 184.5644 188.6796 193.0389 197.6259 191.2067 186.4618 181.9450 177.6739 164.1950 168.8076 173.6663 178.7512 184.0435 189.5257 195.1820 195.6732 185.6017 180.8867 174.4018 179.2875 173.1127 168.0476 161.8394 167.0928 161.2452 155.7947 149.9333 155.5892 150.1466 144.9414 138.8524 144.2775 135.7645 136.2351 137.6372 139.9428 143.1084 143.3876 136.0588 132.9662 140.4564 148.0000 150.7846 158.2403 155.5892 147.5127 164.4506 161.7900 160.4494 160.0500 160.0500 148.0000 148.2161 140.0000 132.0000 124.0000 116.0000 108.0000 108.2959 105.2236 88.3629 92.0000 100.0000 113.7717 125.2837 135.3514 150.5722 150.5722 153.1013 159.6997 168.2379 165.9397 163.1686 153.3101 145.3823 137.4627 129.5531 121.6553 105.9056 98.0612 90.2441 82.4621 68.0000 52.0000 44.0000 60.0000 76.0000 84.0000 87.3613 96.6644 103.7690 110.9234 118.1863 125.5388 128.8099 121.6553 114.6124 107.7033 100.9554 96.7471 89.8888 83.2346 76.8375 70.7672 65.1153 51.2250 45.2548 40.0000 35.7771 32.9848 25.2982 24.0000 25.2982 31.2410 37.7359 44.7214 52.0000 59.4643 67.0522 74.7262 99.0353 104.9952 114.7693 111.2115 117.6435 122.4418 130.4301 124.2578 131.0267 140.3567 137.9275 130.7823 138.1593 141.3648 144.9414 152.0526 159.2482 166.5173 173.8505 177.0988 177.6739 181.9450 186.4618 180.0000 175.3169 170.8801 162.9847 156.0641 149.2515 144.8447 135.2479 127.5617 120.2165 127.3106 132.9662 138.8524 144.9414 151.2085 157.6325 159.2985 172.7426 166.9012 155.5892 161.2452 155.7947 150.5722 145.6022 140.9113 136.5284 130.5986 123.5476 129.7998 128.0625 121.9180 116.8247 109.3435 103.3247 93.3809 88.0909 100.9554 107.7033 103.7690 100.3195 97.4064 95.0789 93.3809 92.3472 92.0000 84.0000 84.3801 85.5102 87.3613 89.8888 93.0376 96.7471 83.2346 78.8923 75.1532 72.1110 69.8570 68.4690 68.0000 60.1332 61.1882 45.6070 34.2345 20.0000 21.5407 25.6125 11.3137
 29: 166.3731 147.5127 140.6840 131.5295 121.0620 113.1371 105.2236 97.3242 89.4427 81.5843 73.4302 77.6660 82.4621 87.7268 93.3809 99.0353 100.0000 102.2155 105.6030 110.0545 117.6435 120.3329 123.4828 127.0590 134.1641 137.9275 131.0267 135.3514 142.0422 162.8251 159.2482 148.6472 153.1013 164.9242 177.1327 173.8505 170.8801 172.0465 179.6886 178.3928 181.2402 184.3909 187.8297 191.5411 195.5096 199.7198 193.0389 188.6796 184.5644 180.7097 166.7093 170.8801 175.3169 180.0000 184.9108 190.0316 195.3458 195.1820 184.3909 179.2875 173.1127 178.3928 172.5572 167.0928 161.2452 166.9012 161.4435 155.5892 150.1466 156.2050 151.2085 146.4787 140.0000 144.9414 136.2351 135.7645 136.2351 137.6372 139.9428 139.5421 132.4840 128.8099 136.0588 143.3876 146.6970 153.9351 150.7846 141.7604 158.8081 155.3319 153.3101 152.4729 152.0526 140.2284 140.9113 132.2422 124.2578 116.2755 108.2959 100.3195 101.2719 98.9545 81.5843 84.3801 92.3472 104.6900 115.4470 125.2837 140.6840 140.6840 142.9405 149.3452 158.2403 156.2050 153.8831 144.4991 136.5284 128.5613 120.5985 112.6410 96.7471 88.8144 80.8950 72.9932 60.5310 44.7214 36.8782 52.6118 68.4690 76.4199 82.4621 93.2952 100.9554 107.7033 114.6124 121.6553 125.5388 118.7266 112.0714 105.6030 99.3579 94.4034 88.0909 82.0731 76.4199 71.2180 66.5733 53.6656 46.6476 40.0000 33.9411 28.8444 22.6274 17.8885 16.0000 20.0000 26.8328 34.1760 41.7612 49.4773 57.2713 65.1153 87.7268 93.7230 103.4795 100.0000 106.5082 111.2115 119.2812 113.2078 120.0666 129.3213 127.0590 120.3329 127.8124 130.7823 134.1641 141.3648 148.6472 156.0000 163.4136 166.3851 166.7093 170.8801 175.3169 168.8076 164.1950 159.8499 152.1184 145.1206 138.2317 133.7012 124.0161 116.2755 108.9036 116.0000 121.6553 127.5617 133.6862 140.0000 146.4787 148.0540 161.4435 155.5892 144.2775 149.9333 144.4991 139.3126 134.4024 129.7998 125.5388 119.8666 112.7120 118.7266 116.8247 110.6345 105.6030 98.0816 92.0217 82.0731 76.8375 89.8888 96.7471 93.0376 89.8888 87.3613 85.5102 84.3801 84.0000 84.3801 76.4199 76.0000 76.4199 77.6660 79.6994 82.4621 85.8836 72.1110 68.0000 64.6220 62.0967 60.5310 60.0000 60.5310 52.1536 52.1536 36.2215 26.3059 14.4222 12.0000 14.4222
 30: 177.1327 157.8354 150.6254 142.5061 132.2422 124.2578 116.2755 108.2959 100.3195 92.3472 80.9938 84.0952 87.8180 92.0869 96.8297 103.2279 105.6788 109.2520 113.8420 119.3315 127.1220 129.1201 131.5751 134.4619 141.8732 144.9966 137.7534 141.4214 148.4857 170.1764 167.1407 156.8694 162.0864 173.2974 184.9540 182.1648 179.6886 181.4166 189.1877 187.3606 189.7367 192.4162 195.3868 198.6353 202.1485 205.9126 198.9573 195.0590 191.4158 188.0425 173.5281 177.1779 181.1077 185.2998 189.7367 194.4016 199.2787 198.3129 186.6762 181.1077 175.3625 181.1077 175.7271 169.7999 164.4384 170.5520 165.6019 159.2985 154.4021 160.8975 156.4609 152.3155 145.4373 149.7732 140.9113 139.3126 138.6218 138.8524 140.0000 138.6795 132.0606 127.6244 134.4619 141.4214 145.4373 152.3155 148.4857 138.1593 155.2417 150.5722 147.5127 145.9863 144.8862 133.5066 134.9370 125.6025 117.7115 109.8362 101.9804 94.1488 96.1665 95.0789 77.2528 78.5875 86.3481 96.0000 105.2236 114.5426 130.2306 130.2306 131.9394 137.9275 147.5127 145.9863 144.4991 136.0000 128.0000 120.0000 112.0000 104.0000 88.0000 80.0000 72.0000 64.0000 55.7136 41.1825 34.4093 48.3322 63.2456 70.8802 80.9938 93.7230 101.9804 108.0740 114.4028 120.9297 125.6025 119.3315 113.2784 107.4802 101.9804 96.1665 90.6863 85.6037 80.9938 76.9415 73.5391 62.0967 54.4059 46.8188 39.3954 32.2490 29.1204 21.5407 14.4222 8.0000 16.0000 24.0000 32.0000 40.0000 48.0000 56.0000 73.7564 80.0000 89.6437 86.5332 93.2952 97.6524 106.0000 100.2397 107.3313 116.3615 114.5426 108.8118 116.4818 118.9285 121.8524 129.2440 136.7041 144.2221 151.7893 154.1558 153.8831 157.7847 161.9877 155.3319 150.9437 146.8605 139.5564 132.3782 125.2996 120.4159 110.4355 102.4500 94.8472 101.8234 107.6290 113.7014 120.0000 126.4911 133.1465 134.4024 147.5127 141.5344 130.2306 135.7645 130.2306 124.9640 120.0000 115.3776 111.1396 105.6030 98.3870 104.3072 102.4500 96.3328 91.2140 83.7377 77.7946 67.8823 62.4820 75.4718 82.3650 78.7909 75.8947 73.7564 72.4431 72.0000 72.4431 73.7564 65.9697 64.4981 64.0000 64.4981 65.9697 68.3520 71.5542 57.6888 53.6656 50.5964 48.6621 48.0000 48.6621 50.5964 41.7612 40.1995 24.3311 18.4391 16.0000 8.0000
 31: 178.2134 159.2482 152.3155 143.4015 132.9662 125.0280 117.0982 109.1788 101.2719 93.3809 84.0952 87.8180 92.0869 96.8297 101.9804 108.0740 109.8362 112.7120 116.6190 121.4578 129.1201 131.5751 134.4619 137.7534 144.9966 148.4857 141.4214 145.4373 152.3155 173.5281 170.1764 159.6997 164.4384 176.0454 188.0425 184.9540 182.1648 183.5211 191.2067 189.7367 192.4162 195.3868 198.6353 202.1485 205.9126 209.9143 203.0960 198.9573 195.0590 191.4158 177.1779 181.1077 185.2998 189.7367 194.4016 199.2787 204.3526 203.7253 192.4162 187.0187 181.1077 186.6762 181.1077 175.3625 169.7999 175.7271 170.5520 164.4384 159.2985 165.6019 160.8975 156.4609 149.7732 154.4021 145.6022 144.4991 144.2775 144.9414 146.4787 145.4373 138.6795 134.4619 141.4214 148.4857 152.3155 159.2985 155.6406 145.6022 162.6899 158.2403 155.3319 153.8831 152.8398 141.4214 142.7725 133.5066 125.6025 117.7115 109.8362 101.9804 103.8460 102.5280 84.7585 86.3481 94.1488 104.0000 113.1371 122.3765 138.1014 138.1014 139.7140 145.6022 155.3319 153.8831 152.4729 144.0000 136.0000 128.0000 120.0000 112.0000 96.0000 88.0000 80.0000 72.0000 63.2456 48.3322 41.1825 55.7136 70.8802 78.5875 87.8180 100.0000 108.0740 114.4028 120.9297 127.6244 132.0606 125.6025 119.3315 113.2784 107.4802 101.9804 96.1665 90.6863 85.6037 80.9938 76.9415 64.6220 57.2713 50.1199 43.2666 36.8782 32.2490 25.6125 20.0000 16.0000 24.0000 32.0000 40.0000 48.0000 56.0000 64.0000 80.0000 86.5332 96.0208 93.2952 100.2397 104.3072 112.8716 107.3313 114.5426 123.4342 121.8524 116.4818 124.1934 126.4911 129.2440 136.7041 144.2221 151.7893 159.3989 161.5549 160.9969 164.7301 168.7602 161.9877 157.7847 153.8831 146.8196 139.5564 132.3782 127.2635 117.0470 108.8118 100.8960 107.6290 113.7014 120.0000 126.4911 133.1465 139.9428 140.9113 153.6750 147.5127 136.2351 141.5344 135.7645 130.2306 124.9640 120.0000 115.3776 109.1788 102.2155 108.8118 107.6290 101.8234 96.3328 89.1067 83.5464 73.7564 67.8823 80.0000 86.5332 82.3650 78.7909 75.8947 73.7564 72.4431 72.0000 72.4431 64.4981 64.0000 64.4981 65.9697 68.3520 71.5542 75.4718 62.4820 57.6888 53.6656 50.5964 48.6621 48.0000 48.6621 40.1995 40.1995 24.3311 14.5602 8.0000
 32: 179.6441 161.0466 154.4021 144.7342 134.1641 126.3012 118.4567 110.6345 102.8397 95.0789 87.8180 92.0869 96.8297 101.9804 107.4802 113.2784 114.4028 116.6190 119.8666 124.0645 131.5751 134.4619 137.7534 141.4214 148.4857 152.3155 145.4373 149.7732 156.4609 177.1779 173.5281 162.8742 167.1407 179.1089 191.4158 188.0425 184.9540 185.9462 193.5355 192.4162 195.3868 198.6353 202.1485 205.9126 209.9143 214.1401 207.4608 203.0960 198.9573 195.0590 181.1077 185.2998 189.7367 194.4016 199.2787 204.3526 209.6092 209.3036 198.3129 193.0803 187.0187 192.4162 186.6762 181.1077 175.3625 181.1077 175.7271 169.7999 164.4384 170.5520 165.6019 160.8975 154.4021 159.2985 150.5722 149.9333 150.1466 151.2085 153.1013 152.3155 145.4373 141.4214 148.4857 155.6406 159.2985 166.3731 162.8742 153.1013 170.1881 165.9397 163.1686 161.7900 160.7980 149.3452 150.6254 141.4214 133.5066 125.6025 117.7115 109.8362 111.5706 110.0545 92.3472 94.1488 101.9804 112.0000 121.0620 130.2306 145.9863 145.9863 147.5127 153.3101 163.1686 161.7900 160.4494 152.0000 144.0000 136.0000 128.0000 120.0000 104.0000 96.0000 88.0000 80.0000 70.8802 55.7136 48.3322 63.2456 78.5875 86.3481 94.8262 106.5082 114.4028 120.9297 127.6244 134.4619 138.6795 132.0606 125.6025 119.3315 113.2784 108.0740 101.9804 96.1665 90.6863 85.6037 80.9938 68.0000 61.0574 54.4059 48.1664 42.5206 36.8782 31.2410 26.8328 24.0000 32.0000 40.0000 48.0000 56.0000 64.0000 72.0000 86.5332 93.2952 102.6255 100.2397 107.3313 111.1396 119.8833 114.5426 121.8524 130.6139 129.2440 124.1934 131.9394 134.1044 136.7041 144.2221 151.7893 159.3989 167.0449 169.0089 168.1904 171.7673 175.6360 168.7602 164.7301 160.9969 154.1558 146.8196 139.5564 134.2386 123.8225 115.3776 107.2007 113.7014 120.0000 126.4911 133.1465 139.9428 146.8605 147.5669 160.0000 153.6750 142.4360 147.5127 141.5344 135.7645 130.2306 124.9640 120.0000 113.2078 106.5082 113.7014 113.1371 107.6290 101.8234 94.8472 89.6437 80.0000 73.7564 85.0412 91.2140 86.5332 82.3650 78.7909 75.8947 73.7564 72.4431 72.0000 64.0000 64.4981 65.9697 68.3520 71.5542 75.4718 80.0000 67.8823 62.4820 57.6888 53.6656 50.5964 48.6621 48.0000 40.1995 41.7612 26.8328 14.5602
 33: 192.6759 173.7700 166.8652 157.8354 147.3635 139.4417 131.5295 123.6285 115.7411 107.8703 98.4886 102.0000 106.0000 110.4355 115.2562 121.6059 123.8225 127.0118 131.1030 136.0147 143.6802 146.1095 148.9295 152.1184 159.4114 162.7882 155.6535 159.5118 166.4812 187.8829 184.6185 174.1838 178.9860 190.5466 202.4747 199.4492 196.7028 198.0808 205.7669 204.2841 206.9299 209.8476 213.0258 216.4532 220.1182 224.0089 217.1175 213.1009 209.3132 205.7669 191.4262 195.2332 199.2887 203.5780 208.0865 212.8004 217.7062 216.7487 205.0658 199.4492 193.7524 199.5294 194.1649 188.2233 182.8770 188.9868 184.0109 177.7301 172.8005 179.2540 174.7341 170.4699 163.6704 168.1071 159.2608 157.7466 157.0350 157.1369 158.0506 156.4736 150.0000 145.3410 152.0132 158.8081 163.0828 169.8117 165.7106 154.7773 171.8139 166.4332 162.6407 160.5615 158.8584 147.9595 150.0000 140.1856 132.4387 124.7237 117.0470 109.4166 112.1606 111.8034 93.9149 94.3398 101.8430 108.9036 116.0172 124.4026 140.3567 140.3567 141.1524 146.3284 157.0350 156.3202 156.0128 148.6607 140.6983 132.7403 124.7878 116.8418 100.9752 93.0591 85.1587 77.2787 72.4707 58.8218 52.4976 65.5134 79.6241 86.9253 98.8130 111.9464 120.2830 126.2537 132.4387 138.8092 143.6802 137.5354 131.5903 125.8730 120.4159 114.5600 109.1238 104.0192 99.2975 95.0158 91.2360 79.1202 71.6938 64.4050 57.3062 50.4777 46.5188 39.4462 32.8024 24.4131 31.3050 38.6264 46.1736 53.8516 61.6117 69.4262 76.0263 83.2586 92.1303 90.6201 98.0816 101.1336 110.3087 105.6220 113.2254 121.4907 120.8801 117.3882 125.2996 126.6965 128.5768 136.3085 144.0694 151.8552 159.6621 160.7234 158.9591 162.0494 165.4690 158.3540 154.7773 151.5388 145.4648 137.8985 130.3840 124.4829 113.5958 104.7091 96.0417 102.0784 108.7566 115.6028 122.5887 129.6919 136.8941 136.9525 148.6607 142.0563 130.9198 135.6024 129.3213 123.2396 117.3882 111.8034 106.5270 99.2975 92.8009 100.4988 100.6578 95.6033 89.3756 82.8010 78.2304 68.9638 62.1289 72.1388 77.8974 72.8011 68.2642 64.4050 61.3514 59.2284 58.1378 58.1378 50.1597 50.1597 51.4198 53.8516 57.3062 61.6117 66.6033 55.6058 49.5177 44.0454 39.4462 36.0555 34.2345 34.2345 26.0000 27.2029 12.8062
 34: 201.4349 182.1648 174.9514 166.7693 156.4609 148.4857 140.5133 132.5443 124.5793 116.6190 104.9952 107.7033 110.9234 114.6124 118.7266 125.5388 128.8099 132.9662 137.9275 143.6106 151.4199 153.3101 155.5892 158.2403 165.7468 168.6179 161.2452 164.5843 171.8139 193.8659 191.0393 180.8867 186.2901 197.3423 208.8061 206.1844 203.8431 205.6794 213.4666 211.5467 213.8036 216.3331 219.1255 222.1711 225.4595 228.9803 221.8829 218.2476 214.8488 211.6979 196.9772 200.3597 204.0000 207.8846 212.0000 216.3331 220.8710 219.2715 206.9589 200.9975 195.6732 201.7920 196.8146 190.5361 185.6017 192.0417 187.4887 180.8867 176.4086 183.1721 179.1089 175.3169 168.2379 172.1859 163.2667 160.8975 159.2985 158.4929 158.4929 156.2050 150.1466 144.9414 151.2085 157.6325 162.4315 168.8076 164.1950 152.3155 169.1981 162.8742 158.2403 155.5892 153.3101 142.9405 145.6022 135.3514 127.8124 120.3329 112.9248 105.6030 109.1788 109.8362 92.0869 91.3017 98.3870 102.8397 108.2959 116.0000 132.0000 132.0000 132.2422 136.9379 148.2161 148.0000 148.4857 142.0422 134.1641 126.3012 118.4567 110.6345 95.0789 87.3613 79.6994 72.1110 71.2180 59.4643 54.4059 65.1153 77.6660 84.3801 99.0353 113.2784 121.9180 127.3106 132.9662 138.8524 144.2775 138.6218 133.2066 128.0625 123.2234 116.8247 112.0714 107.7033 103.7690 100.3195 97.4064 86.3481 78.5875 70.8802 63.2456 55.7136 53.3667 45.6070 37.9473 26.8328 31.2410 36.8782 43.2666 50.1199 57.2713 64.6220 64.6220 72.1110 80.6226 79.6994 87.3613 89.8888 99.2975 95.0789 102.8397 110.7249 110.6345 108.2959 116.2755 117.0982 118.4567 126.3012 134.1641 142.0422 149.9333 150.3729 148.0000 150.7846 153.9351 146.6970 143.3876 140.4564 134.8925 127.2006 119.5492 113.2961 102.1567 93.0376 84.1190 89.8888 96.7471 103.7690 110.9234 118.1863 125.5388 125.2198 136.5284 129.7998 118.7266 123.2234 116.8247 110.6345 104.6900 99.0353 93.7230 86.5332 80.0000 87.7268 88.0909 83.2346 76.8375 70.4557 66.2420 57.2713 50.1199 59.4643 65.1153 60.0000 55.5698 52.0000 49.4773 48.1664 48.1664 49.4773 41.7612 40.1995 40.1995 41.7612 44.7214 48.8262 53.8145 43.2666 36.8782 31.2410 26.8328 24.3311 24.3311 26.8328 17.8885 16.0000
 35: 217.3292 197.9899 190.7040 182.7019 172.4181 164.4384 156.4609 148.4857 140.5133 132.5443 120.3329 122.7029 125.5388 128.8099 132.4840 139.5421 143.3876 148.0000 153.3101 159.2482 167.0928 168.8076 170.8801 173.2974 180.8867 183.5211 176.0454 179.1089 186.4618 208.8061 206.1844 196.1632 201.7920 212.6405 223.8928 221.4498 219.2715 221.2691 229.0851 227.0154 229.1201 231.4822 234.0940 236.9473 240.0333 243.3434 236.1356 232.7230 229.5387 226.5921 211.6979 214.8488 218.2476 221.8829 225.7432 229.8173 234.0940 232.0345 219.2715 213.0540 208.0385 214.4015 209.7236 203.2142 198.5951 205.2511 200.9975 194.1958 190.0316 196.9772 193.2046 189.6945 182.4719 186.1182 177.1779 174.2642 172.0465 170.5520 169.7999 166.9012 161.2452 155.5892 161.4435 167.4754 172.7426 178.7512 173.6663 160.8975 177.5049 170.1764 164.5843 161.2452 158.2403 148.6472 152.0526 141.3648 134.1641 127.0590 120.0666 113.2078 117.6435 119.3315 101.9804 100.0000 106.5082 107.7033 110.6345 117.0982 132.9662 132.9662 132.2422 136.0000 148.2161 148.8624 150.6254 145.6022 137.9275 130.2920 122.7029 115.1694 100.3195 93.0376 85.8836 78.8923 82.0731 72.1110 68.0000 76.8375 87.7268 93.7230 110.6345 125.6025 134.4024 139.3126 144.4991 149.9333 155.7947 150.5722 145.6022 140.9113 136.5284 129.7998 125.5388 121.6553 118.1863 115.1694 112.6410 101.9804 94.1488 86.3481 78.5875 70.8802 69.0507 61.1882 53.3667 41.7612 44.7214 48.8262 53.8145 59.4643 65.6049 72.1110 60.5310 68.4690 75.7100 76.4199 84.3801 85.5102 95.3520 92.3472 100.3195 107.2007 108.2959 108.2959 116.2755 116.0000 116.2755 124.2578 132.2422 140.2284 148.2161 147.3635 143.6106 145.6022 148.0000 140.4564 137.9275 135.8234 131.5295 123.6285 115.7411 108.6830 97.0155 87.3613 77.7946 82.4621 89.8888 97.4064 104.9952 112.6410 120.3329 118.9285 128.8099 121.6553 110.9234 114.6124 107.7033 100.9554 94.4034 88.0909 82.0731 73.7564 67.8823 76.8375 78.8923 75.1532 68.0000 62.7694 60.1664 52.6118 44.7214 50.1199 54.4059 48.1664 42.5206 37.7359 34.1760 32.2490 32.2490 34.1760 26.8328 24.3311 24.3311 26.8328 31.2410 36.8782 43.2666 36.8782 29.1204 21.5407 14.4222 8.9443 8.9443 14.4222 8.0000
 36: 218.3575 199.2787 192.2082 183.5756 173.1589 165.2150 157.2768 149.3452 141.4214 133.5066 122.7029 125.5388 128.8099 132.4840 136.5284 143.3876 146.6970 150.7846 155.5892 161.0466 168.8076 170.8801 173.2974 176.0454 183.5211 186.4618 179.1089 182.4719 189.6945 211.6979 208.8061 198.5951 203.8431 215.0349 226.5921 223.8928 221.4498 223.1412 230.8939 229.1201 231.4822 234.0940 236.9473 240.0333 243.3434 246.8684 239.7666 236.1356 232.7230 229.5387 214.8488 218.2476 221.8829 225.7432 229.8173 234.0940 238.5624 236.8122 224.3212 218.2476 213.0540 219.2715 214.4015 208.0385 203.2142 209.7236 205.2511 198.5951 194.1958 200.9975 196.9772 193.2046 186.1182 190.0316 181.1077 178.6169 176.8163 175.7271 175.3625 172.7426 166.9012 161.4435 167.4754 173.6663 178.7512 184.9108 180.0000 167.5231 184.2281 177.1779 171.8139 168.6179 165.7468 156.0000 159.2482 148.6472 141.3648 134.1641 127.0590 120.0666 124.2578 125.6025 108.0740 106.5082 113.2078 115.1694 118.4567 125.0280 140.9113 140.9113 140.2284 144.0000 156.2050 156.8184 158.4929 153.3101 145.6022 137.9275 130.2920 122.7029 107.7033 100.3195 93.0376 85.8836 87.7268 76.8375 72.1110 82.0731 93.7230 100.0000 116.0000 130.5986 139.3126 144.4991 149.9333 155.5892 161.2452 155.7947 150.5722 145.6022 140.9113 134.4024 129.7998 125.5388 121.6553 118.1863 115.1694 103.8460 96.1665 88.5438 80.9938 73.5391 70.8802 63.2456 55.7136 44.7214 48.8262 53.8145 59.4643 65.6049 72.1110 78.8923 68.4690 76.4199 83.5464 84.3801 92.3472 93.3809 103.2473 100.3195 108.2959 115.1173 116.2755 116.2755 124.2578 124.0000 124.2578 132.2422 140.2284 148.2161 156.2050 155.2933 151.4199 153.3101 155.5892 148.0000 145.6022 143.6106 139.4417 131.5295 123.6285 116.4989 104.7855 95.0789 85.4400 89.8888 97.4064 104.9952 112.6410 120.3329 128.0625 126.4911 136.0588 128.8099 118.1863 121.6553 114.6124 107.7033 100.9554 94.4034 88.0909 79.1960 73.7564 83.2346 85.8836 82.4621 75.1532 70.2282 67.9117 60.5310 52.6118 57.2713 61.0574 54.4059 48.1664 42.5206 37.7359 34.1760 32.2490 32.2490 24.3311 24.3311 26.8328 31.2410 36.8782 43.2666 50.1199 44.7214 36.8782 29.1204 21.5407 14.4222 8.9443 8.9443
 37: 226.8744 207.8846 200.8781 192.0521 181.5930 173.6663 165.7468 157.8354 149.9333 142.0422 131.5751 134.4619 137.7534 141.4214 145.4373 152.3155 155.6406 159.6997 164.4384 169.7999 177.5387 179.6886 182.1648 184.9540 192.4162 195.3868 188.0425 191.4158 198.6353 220.6173 217.6970 207.4608 212.6405 223.8928 235.4910 232.7574 230.2694 231.8965 239.6331 237.9244 240.3331 242.9815 245.8617 248.9659 252.2856 255.8124 248.7087 245.0796 241.6609 238.4617 223.7856 227.1915 230.8246 234.6742 238.7300 242.9815 247.4187 245.6013 233.0322 226.9097 221.7747 228.0351 223.2129 216.8133 212.0377 218.5772 214.1401 207.4608 203.0960 209.9143 205.9126 202.1485 195.0590 198.9573 190.0316 187.4887 185.6017 184.3909 183.8695 181.1077 175.3625 169.7999 175.7271 181.8131 187.0187 193.0803 188.0425 175.3169 191.9271 184.5644 178.8854 175.4537 172.3253 162.8742 166.3731 155.6406 148.4857 141.4214 134.4619 127.6244 132.0606 133.6862 116.2755 114.4028 120.9297 121.8524 124.1934 130.2306 145.9863 145.9863 144.8862 148.2161 160.7980 161.7900 164.0000 159.3989 151.7893 144.2221 136.7041 129.2440 114.5426 107.3313 100.2397 93.2952 96.1665 85.6037 80.9938 90.6863 101.9804 108.0740 124.5793 139.3126 148.0540 153.1535 158.4929 164.0488 169.7999 164.4384 159.2985 154.4021 149.7732 143.2201 138.6795 134.4619 130.5986 127.1220 124.0645 112.6410 104.9952 97.4064 89.8888 82.4621 79.6994 72.1110 64.6220 53.6656 57.6888 62.4820 67.8823 73.7564 80.0000 86.5332 72.0000 80.0000 86.3713 88.0000 96.0000 96.3328 106.3015 104.0000 112.0000 118.2709 120.0000 121.0620 128.9961 128.2498 128.0000 136.0000 144.0000 152.0000 160.0000 158.4550 153.8831 155.3319 157.1751 149.4523 147.5127 145.9863 142.5061 134.5362 126.5701 119.0798 107.2007 97.3242 87.4757 91.2140 98.9545 106.7333 114.5426 122.3765 130.2306 128.0625 136.7041 129.2440 118.9285 121.8524 114.5426 107.3313 100.2397 93.2952 86.5332 76.8375 72.1110 82.3650 86.1626 83.5225 75.8947 71.8053 70.4557 64.0000 56.0000 58.2409 60.9262 53.6656 46.6476 40.0000 33.9411 28.8444 25.2982 24.0000 16.0000 17.8885 22.6274 28.8444 35.7771 43.0813 50.5964 48.0000 40.0000 32.0000 24.0000 16.0000 8.0000
 38: 225.7432 206.4946 199.2787 191.0497 180.7097 172.7426 164.7786 156.8184 148.8624 140.9113 129.1201 131.5751 134.4619 137.7534 141.4214 148.4857 152.3155 156.8694 162.0864 167.9047 175.7271 177.5387 179.6886 182.1648 189.7367 192.4162 184.9540 188.0425 195.3868 217.6970 215.0349 204.9780 210.5232 221.4498 232.7574 230.2694 228.0351 229.9565 237.7562 235.7626 237.9244 240.3331 242.9815 245.8617 248.9659 252.2856 245.0796 241.6609 238.4617 235.4910 220.6173 223.7856 227.1915 230.8246 234.6742 238.7300 242.9815 240.8651 228.0351 221.7747 216.8133 223.2129 218.5772 212.0377 207.4608 214.1401 209.9143 203.0960 198.9573 205.9126 202.1485 198.6353 191.4158 195.0590 186.1182 183.1721 180.8867 179.2875 178.3928 175.3625 169.7999 164.0488 169.7999 175.7271 181.1077 187.0187 181.8131 168.8076 185.3106 177.6739 171.7673 168.1904 164.9242 155.6406 159.2985 148.4857 141.4214 134.4619 127.6244 120.9297 125.6025 127.5617 110.3449 108.0740 114.4028 114.5426 116.4818 122.3765 138.1014 138.1014 136.9379 140.2284 152.8398 153.8831 156.2050 151.7893 144.2221 136.7041 129.2440 121.8524 107.3313 100.2397 93.2952 86.5332 90.6863 80.9938 76.9415 85.6037 96.1665 101.9804 119.3315 134.4024 143.2201 148.0540 153.1535 158.4929 164.4384 159.2985 154.4021 149.7732 145.4373 138.6795 134.4619 130.5986 127.1220 124.0645 121.4578 110.6345 102.8397 95.0789 87.3613 79.6994 77.6660 69.8570 62.0967 50.5964 53.6656 57.6888 62.4820 67.8823 73.7564 80.0000 64.0000 72.0000 78.4092 80.0000 88.0000 88.3629 98.3260 96.0000 104.0000 110.2905 112.0000 113.1371 121.0620 120.2664 120.0000 128.0000 136.0000 144.0000 152.0000 150.4792 145.9863 147.5127 149.4523 141.7604 139.7140 138.1014 134.5362 126.5701 118.6086 111.1575 99.2975 89.4427 79.6241 83.5225 91.2140 98.9545 106.7333 114.5426 122.3765 120.3329 129.2440 121.8524 111.4271 114.5426 107.3313 100.2397 93.2952 86.5332 80.0000 70.7672 65.6049 75.4718 78.7909 75.8947 68.3520 64.0312 62.5140 56.0000 48.0000 50.5964 53.6656 46.6476 40.0000 33.9411 28.8444 25.2982 24.0000 25.2982 17.8885 16.0000 17.8885 22.6274 28.8444 35.7771 43.0813 40.0000 32.0000 24.0000 16.0000 8.0000
 39: 224.8911 205.4069 197.9899 190.3786 180.1777 172.1859 164.1950 156.2050 148.2161 140.2284 127.1220 129.1201 131.5751 134.4619 137.7534 144.9966 149.3452 154.4021 160.1000 166.3731 174.2642 175.7271 177.5387 179.6886 187.3606 189.7367 182.1648 184.9540 192.4162 215.0349 212.6405 202.7807 208.6912 219.2715 230.2694 228.0351 226.0619 228.2805 236.1356 233.8547 235.7626 237.9244 240.3331 242.9815 245.8617 248.9659 241.6609 238.4617 235.4910 232.7574 217.6970 220.6173 223.7856 227.1915 230.8246 234.6742 238.7300 236.3049 223.2129 216.8133 212.0377 218.5772 214.1401 207.4608 203.0960 209.9143 205.9126 198.9573 195.0590 202.1485 198.6353 195.3868 188.0425 191.4158 182.4719 179.1089 176.4086 174.4018 173.1127 169.7999 164.4384 158.4929 164.0488 169.7999 175.3625 181.1077 175.7271 162.4315 178.8072 170.8801 164.7301 160.9969 157.5817 148.4857 152.3155 141.4214 134.4619 127.6244 120.9297 114.4028 119.3315 121.6553 104.6900 101.9804 108.0740 107.3313 108.8118 114.5426 130.2306 130.2306 128.9961 132.2422 144.8862 145.9863 148.4318 144.2221 136.7041 129.2440 121.8524 114.5426 100.2397 93.2952 86.5332 80.0000 85.6037 76.9415 73.5391 80.9938 90.6863 96.1665 114.4028 129.7998 138.6795 143.2201 148.0540 153.1535 159.2985 154.4021 149.7732 145.4373 141.4214 134.4619 130.5986 127.1220 124.0645 121.4578 119.3315 109.1788 101.2719 93.3809 85.5102 77.6660 76.4199 68.4690 60.5310 48.6621 50.5964 53.6656 57.6888 62.4820 67.8823 73.7564 56.0000 64.0000 70.4557 72.0000 80.0000 80.3990 90.3549 88.0000 96.0000 102.3132 104.0000 105.2236 113.1371 112.2854 112.0000 120.0000 128.0000 136.0000 144.0000 142.5061 138.1014 139.7140 141.7604 134.1044 131.9394 130.2306 126.5701 118.6086 110.6526 103.2473 91.4112 81.5843 71.8053 75.8947 83.5225 91.2140 98.9545 106.7333 114.5426 112.6410 121.8524 114.5426 104.0000 107.3313 100.2397 93.2952 86.5332 80.0000 73.7564 65.1153 59.4643 68.8186 71.5542 68.3520 60.9262 56.3205 54.5894 48.0000 40.0000 43.0813 46.6476 40.0000 33.9411 28.8444 25.2982 24.0000 25.2982 28.8444 22.6274 17.8885 16.0000 17.8885 22.6274 28.8444 35.7771 32.0000 24.0000 16.0000 8.0000
 40: 224.3212 204.6265 197.0178 190.0421 180.0000 172.0000 164.0000 156.0000 148.0000 140.0000 125.6025 127.1220 129.1201 131.5751 134.4619 141.8732 146.7515 152.3155 158.4929 165.2150 173.1589 174.2642 175.7271 177.5387 185.2998 187.3606 179.6886 182.1648 189.7367 212.6405 210.5232 200.8781 207.1521 217.3661 228.0351 226.0619 224.3569 226.8744 234.7765 232.2068 233.8547 235.7626 237.9244 240.3331 242.9815 245.8617 238.4617 235.4910 232.7574 230.2694 215.0349 217.6970 220.6173 223.7856 227.1915 230.8246 234.6742 231.9310 218.5772 212.0377 207.4608 214.1401 209.9143 203.0960 198.9573 205.9126 202.1485 195.0590 191.4158 198.6353 195.3868 192.4162 184.9540 188.0425 179.1089 175.3169 172.1859 169.7528 168.0476 164.4384 159.2985 153.1535 158.4929 164.0488 169.7999 175.3625 169.7999 156.2050 172.4297 164.1950 157.7847 153.8831 150.3064 141.4214 145.4373 134.4619 127.6244 120.9297 114.4028 108.0740 113.2784 116.0000 99.3579 96.1665 101.9804 100.2397 101.1929 106.7333 122.3765 122.3765 121.0620 124.2578 136.9379 138.1014 140.6840 136.7041 129.2440 121.8524 114.5426 107.3313 93.2952 86.5332 80.0000 73.7564 80.9938 73.5391 70.8802 76.9415 85.6037 90.6863 109.8362 125.5388 134.4619 138.6795 143.2201 148.0540 154.4021 149.7732 145.4373 141.4214 137.7534 130.5986 127.1220 124.0645 121.4578 119.3315 117.7115 108.2959 100.3195 92.3472 84.3801 76.4199 76.0000 68.0000 60.0000 48.0000 48.6621 50.5964 53.6656 57.6888 62.4820 67.8823 48.0000 56.0000 62.5140 64.0000 72.0000 72.4431 82.3893 80.0000 88.0000 94.3398 96.0000 97.3242 105.2236 104.3072 104.0000 112.0000 120.0000 128.0000 136.0000 134.5362 130.2306 131.9394 134.1044 126.4911 124.1934 122.3765 118.6086 110.6526 102.7035 95.3520 83.5464 73.7564 64.0312 68.3520 75.8947 83.5225 91.2140 98.9545 106.7333 104.9952 114.5426 107.3313 96.6644 100.2397 93.2952 86.5332 80.0000 73.7564 67.8823 60.0000 53.8145 62.4820 64.4981 60.9262 53.6656 48.7032 46.6905 40.0000 32.0000 35.7771 40.0000 33.9411 28.8444 25.2982 24.0000 25.2982 28.8444 33.9411 28.8444 22.6274 17.8885 16.0000 17.8885 22.6274 28.8444 24.0000 16.0000 8.0000
 41: 224.0357 204.1568 196.3670 190.0421 180.1777 172.1859 164.1950 156.2050 148.2161 140.2284 124.5793 125.6025 127.1220 129.1201 131.5751 139.1402 144.5545 150.6254 157.2768 164.4384 172.4181 173.1589 174.2642 175.7271 183.5647 185.2998 177.5387 179.6886 187.3606 210.5232 208.6912 199.2787 205.9126 215.7406 226.0619 224.3569 222.9260 225.7432 233.6835 230.8246 232.2068 233.8547 235.7626 237.9244 240.3331 242.9815 235.4910 232.7574 230.2694 228.0351 212.6405 215.0349 217.6970 220.6173 223.7856 227.1915 230.8246 227.7543 214.1401 207.4608 203.0960 209.9143 205.9126 198.9573 195.0590 202.1485 198.6353 191.4158 188.0425 195.3868 192.4162 189.7367 182.1648 184.9540 176.0454 171.8139 168.2379 165.3602 163.2176 159.2985 154.4021 148.0540 153.1535 158.4929 164.4384 169.7999 164.0488 150.1466 166.1927 157.6325 150.9437 146.8605 143.1084 134.4619 138.6795 127.6244 120.9297 114.4028 108.0740 101.9804 107.4802 110.6345 94.4034 90.6863 96.1665 93.2952 93.6376 98.9545 114.5426 114.5426 113.1371 116.2755 128.9961 130.2306 132.9662 129.2440 121.8524 114.5426 107.3313 100.2397 86.5332 80.0000 73.7564 67.8823 76.9415 70.8802 69.0507 73.5391 80.9938 85.6037 105.6788 121.6553 130.5986 134.4619 138.6795 143.2201 149.7732 145.4373 141.4214 137.7534 134.4619 127.1220 124.0645 121.4578 119.3315 117.7115 116.6190 108.0000 100.0000 92.0000 84.0000 76.0000 76.4199 68.4690 60.5310 48.6621 48.0000 48.6621 50.5964 53.6656 57.6888 62.4820 40.0000 48.0000 54.5894 56.0000 64.0000 64.4981 74.4312 72.0000 80.0000 86.3713 88.0000 89.4427 97.3242 96.3328 96.0000 104.0000 112.0000 120.0000 128.0000 126.5701 122.3765 124.1934 126.4911 118.9285 116.4818 114.5426 110.6526 102.7035 94.7629 87.4757 75.7100 65.9697 56.3205 60.9262 68.3520 75.8947 83.5225 91.2140 98.9545 97.4064 107.3313 100.2397 89.4427 93.2952 86.5332 80.0000 73.7564 67.8823 62.4820 55.5698 48.8262 56.5685 57.6888 53.6656 46.6476 41.2311 38.8330 32.0000 24.0000 28.8444 33.9411 28.8444 25.2982 24.0000 25.2982 28.8444 33.9411 40.0000 35.7771 28.8444 22.6274 17.8885 16.0000 17.8885 22.6274 16.0000 8.0000
 42: 224.0357 204.0000 196.0408 190.3786 180.7097 172.7426 164.7786 156.8184 148.8624 140.9113 124.0645 124.5793 125.6025 127.1220 129.1201 136.8211 142.7725 149.3452 156.4609 164.0488 172.0465 172.4181 173.1589 174.2642 182.1648 183.5647 175.7271 177.5387 185.2998 208.6912 207.1521 197.9899 204.9780 214.4015 224.3569 222.9260 221.7747 224.8911 232.8605 229.7129 230.8246 232.2068 233.8547 235.7626 237.9244 240.3331 232.7574 230.2694 228.0351 226.0619 210.5232 212.6405 215.0349 217.6970 220.6173 223.7856 227.1915 223.7856 209.9143 203.0960 198.9573 205.9126 202.1485 195.0590 191.4158 198.6353 195.3868 188.0425 184.9540 192.4162 189.7367 187.3606 179.6886 182.1648 173.2974 168.6179 164.5843 161.2452 158.6443 154.4021 149.7732 143.2201 148.0540 153.1535 159.2985 164.4384 158.4929 144.2775 160.1125 151.2085 144.2221 139.9428 136.0000 127.6244 132.0606 120.9297 114.4028 108.0740 101.9804 96.1665 101.9804 105.6030 89.8888 85.6037 90.6863 86.5332 86.1626 91.2140 106.7333 106.7333 105.2236 108.2959 121.0620 122.3765 125.2837 121.8524 114.5426 107.3313 100.2397 93.2952 80.0000 73.7564 67.8823 62.4820 73.5391 69.0507 68.1175 70.8802 76.9415 80.9938 101.9804 118.1863 127.1220 130.5986 134.4619 138.6795 145.4373 141.4214 137.7534 134.4619 131.5751 124.0645 121.4578 119.3315 117.7115 116.6190 116.0689 108.2959 100.3195 92.3472 84.3801 76.4199 77.6660 69.8570 62.0967 50.5964 48.6621 48.0000 48.6621 50.5964 53.6656 57.6888 32.0000 40.0000 46.6905 48.0000 56.0000 56.5685 66.4831 64.0000 72.0000 78.4092 80.0000 81.5843 89.4427 88.3629 88.0000 96.0000 104.0000 112.0000 120.0000 118.6086 114.5426 116.4818 118.9285 111.4271 108.8118 106.7333 102.7035 94.7629 86.8332 79.6241 67.9117 58.2409 48.7032 53.6656 60.9262 68.3520 75.8947 83.5225 91.2140 89.8888 100.2397 93.2952 82.3650 86.5332 80.0000 73.7564 67.8823 62.4820 57.6888 52.0000 44.7214 51.2250 51.2250 46.6476 40.0000 34.0000 31.0483 24.0000 16.0000 22.6274 28.8444 25.2982 24.0000 25.2982 28.8444 33.9411 40.0000 46.6476 43.0813 35.7771 28.8444 22.6274 17.8885 16.0000 17.8885 8.0000
 43: 224.3212 204.1568 196.0408 191.0497 181.5930 173.6663 165.7468 157.8354 149.9333 142.0422 124.0645 124.0645 124.5793 125.6025 127.1220 134.9370 141.4214 148.4857 156.0513 164.0488 172.0465 172.0465 172.4181 173.1589 181.1077 182.1648 174.2642 175.7271 183.5647 207.1521 205.9126 197.0178 204.3526 213.3542 222.9260 221.7747 220.9072 224.3212 232.3101 228.8755 229.7129 230.8246 232.2068 233.8547 235.7626 237.9244 230.2694 228.0351 226.0619 224.3569 208.6912 210.5232 212.6405 215.0349 217.6970 220.6173 223.7856 220.0364 205.9126 198.9573 195.0590 202.1485 198.6353 191.4158 188.0425 195.3868 192.4162 184.9540 182.1648 189.7367 187.3606 185.2998 177.5387 179.6886 170.8801 165.7468 161.2452 157.4293 154.3503 149.7732 145.4373 138.6795 143.2201 148.0540 154.4021 159.2985 153.1535 138.6218 154.2077 144.9414 137.6372 133.1465 128.9961 120.9297 125.6025 114.4028 108.0740 101.9804 96.1665 90.6863 96.8297 100.9554 85.8836 80.9938 85.6037 80.0000 78.7909 83.5225 98.9545 98.9545 97.3242 100.3195 113.1371 114.5426 117.6435 114.5426 107.3313 100.2397 93.2952 86.5332 73.7564 67.8823 62.4820 57.6888 70.8802 68.1175 68.1175 69.0507 73.5391 76.9415 98.7927 115.1694 124.0645 127.1220 130.5986 134.4619 141.4214 137.7534 134.4619 131.5751 129.1201 121.4578 119.3315 117.7115 116.6190 116.0689 116.0689 109.1788 101.2719 93.3809 85.5102 77.6660 79.6994 72.1110 64.6220 53.6656 50.5964 48.6621 48.0000 48.6621 50.5964 53.6656 24.0000 32.0000 38.8330 40.0000 48.0000 48.6621 58.5491 56.0000 64.0000 70.4557 72.0000 73.7564 81.5843 80.3990 80.0000 88.0000 96.0000 104.0000 112.0000 110.6526 106.7333 108.8118 111.4271 104.0000 101.1929 98.9545 94.7629 86.8332 78.9177 71.8053 60.1664 50.5964 41.2311 46.6476 53.6656 60.9262 68.3520 75.8947 83.5225 82.4621 93.2952 86.5332 75.4718 80.0000 73.7564 67.8823 62.4820 57.6888 53.6656 49.4773 41.7612 46.6476 45.2548 40.0000 33.9411 27.2029 23.4094 16.0000 8.0000 17.8885 25.2982 24.0000 25.2982 28.8444 33.9411 40.0000 46.6476 53.6656 50.5964 43.0813 35.7771 28.8444 22.6274 17.8885 16.0000
 44: 240.2998 220.1454 212.0377 206.9686 197.4639 189.5257 181.5930 173.6663 165.7468 157.8354 140.0571 140.0571 140.5133 141.4214 142.7725 150.6254 157.2768 164.4384 172.0465 180.0444 188.0425 188.0425 188.3826 189.0608 197.0178 197.9899 190.0737 191.4158 199.2787 222.9260 221.7747 212.9413 220.3270 229.2597 238.7300 237.6552 236.8459 240.2998 248.2902 244.8183 245.6013 246.6414 247.9355 249.4795 251.2688 253.2982 245.6013 243.5077 241.6609 240.0667 224.3569 226.0619 228.0351 230.2694 232.7574 235.4910 238.4617 234.4014 220.0364 212.9413 209.3036 216.5179 213.2416 205.9126 202.7807 210.2189 207.4608 199.9200 197.3423 204.9780 202.7807 200.8781 193.0803 195.0590 186.2901 180.8867 176.0454 171.8139 168.2379 163.2667 159.2985 152.3155 156.4609 160.8975 167.5231 172.0465 165.6019 150.5722 165.6140 155.5892 147.5127 142.4360 137.6372 130.5986 135.8823 124.5793 118.7939 113.2784 108.0740 103.2279 109.8362 114.6124 100.3195 94.8262 98.7927 90.5097 86.5332 89.4427 104.0000 104.0000 101.1929 102.8397 116.4818 118.9285 123.4828 122.1147 115.3776 108.8118 102.4500 96.3328 85.0412 80.0000 75.4718 71.5542 86.3481 84.0952 84.0952 84.8528 88.5438 91.3893 113.8420 130.2920 139.1402 141.8732 144.9966 148.4857 155.6406 152.3155 149.3452 146.7515 144.5545 136.8211 134.9370 133.5066 132.5443 132.0606 132.0606 125.0280 117.0982 109.1788 101.2719 93.3809 95.0789 87.3613 79.6994 68.3520 65.9697 64.4981 64.0000 64.4981 65.9697 68.3520 28.8444 35.7771 38.8330 43.0813 50.5964 48.6621 58.5491 58.2409 65.9697 70.4557 73.7564 78.7909 86.1626 83.5225 81.5843 89.4427 97.3242 105.2236 113.1371 110.0727 104.3072 105.2236 106.7333 98.9545 97.3242 96.3328 94.0851 86.0930 78.1025 70.0000 58.0000 48.0000 38.0000 40.7922 48.6621 56.5685 64.4981 72.4431 80.3990 77.6660 86.1626 78.7909 68.3520 71.5542 64.4981 57.6888 51.2250 45.2548 40.0000 34.1760 26.8328 33.9411 35.7771 32.9848 25.2982 22.0000 23.4094 22.6274 17.8885 8.0000 11.3137 8.0000 11.3137 17.8885 25.2982 32.9848 40.7922 48.6621 48.0000 40.0000 32.0000 24.0000 16.0000 8.0000
 45: 240.0333 220.0000 212.0377 206.3492 196.6520 188.6796 180.7097 172.7426 164.7786 156.8184 140.0571 140.5133 141.4214 142.7725 144.5545 152.3155 158.4929 165.2150 172.4181 180.0444 188.0425 188.3826 189.0608 190.0737 197.9899 199.2787 191.4158 193.0803 200.8781 224.3569 222.9260 213.8411 220.9072 230.2347 240.0667 238.7300 237.6552 240.8319 248.8051 245.6013 246.6414 247.9355 249.4795 251.2688 253.2982 255.5621 247.9355 245.6013 243.5077 241.6609 226.0619 228.0351 230.2694 232.7574 235.4910 238.4617 241.6609 237.9244 223.7856 216.8133 212.9413 220.0364 216.5179 209.3036 205.9126 213.2416 210.2189 202.7807 199.9200 207.4608 204.9780 202.7807 195.0590 197.3423 188.5099 183.5211 179.1089 175.3169 172.1859 167.5231 163.2667 156.4609 160.8975 165.6019 172.0465 176.8163 170.5520 155.7947 171.1257 161.4435 153.6750 148.8086 144.2221 136.8211 141.8732 130.5986 124.5793 118.7939 113.2784 108.0740 114.4028 118.7266 103.7690 98.7927 103.2279 96.3328 93.2952 96.6644 111.4271 111.4271 108.8118 110.6345 124.1934 126.4911 130.7823 128.9961 122.1147 115.3776 108.8118 102.4500 90.5097 85.0412 80.0000 75.4718 88.5438 84.8528 84.0952 86.3481 91.3893 94.8262 116.6190 132.9662 141.8732 144.9966 148.4857 152.3155 159.2985 155.6406 152.3155 149.3452 146.7515 139.1402 136.8211 134.9370 133.5066 132.5443 132.0606 124.2578 116.2755 108.2959 100.3195 92.3472 93.3809 85.5102 77.6660 65.9697 64.4981 64.0000 64.4981 65.9697 68.3520 71.5542 35.7771 43.0813 46.6905 50.5964 58.2409 56.5685 66.4831 65.9697 73.7564 78.4092 81.5843 86.1626 93.6376 91.2140 89.4427 97.3242 105.2236 113.1371 121.0620 118.0678 112.2854 113.1371 114.5426 106.7333 105.2236 104.3072 102.0784 94.0851 86.0930 78.0000 66.0000 56.0000 46.0000 48.6621 56.5685 64.4981 72.4431 80.3990 88.3629 85.5102 93.6376 86.1626 75.8947 78.7909 71.5542 64.4981 57.6888 51.2250 45.2548 37.7359 31.2410 40.0000 43.0813 40.7922 32.9848 30.0000 31.0483 28.8444 22.6274 16.0000 17.8885 11.3137 8.0000 11.3137 17.8885 25.2982 32.9848 40.7922 40.0000 32.0000 24.0000 16.0000 8.0000
 46: 240.0333 220.1454 212.3394 206.0388 196.1632 188.1701 180.1777 172.1859 164.1950 156.2050 140.5133 141.4214 142.7725 144.5545 146.7515 154.4021 160.1000 166.3731 173.1589 180.3996 188.3826 189.0608 190.0737 191.4158 199.2787 200.8781 193.0803 195.0590 202.7807 226.0619 224.3569 215.0349 221.7747 231.4822 241.6609 240.0667 238.7300 241.6278 249.5756 246.6414 247.9355 249.4795 251.2688 253.2982 255.5621 258.0543 250.5035 247.9355 245.6013 243.5077 228.0351 230.2694 232.7574 235.4910 238.4617 241.6609 245.0796 241.6609 227.7543 220.9072 216.8133 223.7856 220.0364 212.9413 209.3036 216.5179 213.2416 205.9126 202.7807 210.2189 207.4608 204.9780 197.3423 199.9200 191.0393 186.4618 182.4719 179.1089 176.4086 172.0465 167.5231 160.8975 165.6019 170.5520 176.8163 181.8131 175.7271 161.2452 176.8276 167.4754 160.0000 155.3319 150.9437 143.2201 148.0540 136.8211 130.5986 124.5793 118.7939 113.2784 119.3315 123.2234 107.7033 103.2279 108.0740 102.4500 100.2397 104.0000 118.9285 118.9285 116.4818 118.4567 131.9394 134.1044 138.1593 136.0000 128.9961 122.1147 115.3776 108.8118 96.3328 90.5097 85.0412 80.0000 91.3893 86.3481 84.8528 88.5438 94.8262 98.7927 119.8666 136.0588 144.9966 148.4857 152.3155 156.4609 163.2667 159.2985 155.6406 152.3155 149.3452 141.8732 139.1402 136.8211 134.9370 133.5066 132.5443 124.0000 116.0000 108.0000 100.0000 92.0000 92.3472 84.3801 76.4199 64.4981 64.0000 64.4981 65.9697 68.3520 71.5542 75.4718 43.0813 50.5964 54.5894 58.2409 65.9697 64.4981 74.4312 73.7564 81.5843 86.3713 89.4427 93.6376 101.1929 98.9545 97.3242 105.2236 113.1371 121.0620 128.9961 126.0635 120.2664 121.0620 122.3765 114.5426 113.1371 112.2854 110.0727 102.0784 94.0851 86.0000 74.0000 64.0000 54.0000 56.5685 64.4981 72.4431 80.3990 88.3629 96.3328 93.3809 101.1929 93.6376 83.5225 86.1626 78.7909 71.5542 64.4981 57.6888 51.2250 42.5206 36.8782 46.6476 50.5964 48.6621 40.7922 38.0000 38.8330 35.7771 28.8444 24.0000 25.2982 17.8885 11.3137 8.0000 11.3137 17.8885 25.2982 32.9848 32.0000 24.0000 16.0000 8.0000
 47: 240.2998 220.5811 212.9413 206.0388 196.0000 188.0000 180.0000 172.0000 164.0000 156.0000 141.4214 142.7725 144.5545 146.7515 149.3452 156.8694 162.0864 167.9047 174.2642 181.1077 189.0608 190.0737 191.4158 193.0803 200.8781 202.7807 195.0590 197.3423 204.9780 228.0351 226.0619 216.5179 222.9260 232.9979 243.5077 241.6609 240.0667 242.6850 250.5993 247.9355 249.4795 251.2688 253.2982 255.5621 258.0543 260.7681 253.2982 250.5035 247.9355 245.6013 230.2694 232.7574 235.4910 238.4617 241.6609 245.0796 248.7087 245.6013 231.9310 225.2110 220.9072 227.7543 223.7856 216.8133 212.9413 220.0364 216.5179 209.3036 205.9126 213.2416 210.2189 207.4608 199.9200 202.7807 193.8659 189.6945 186.1182 183.1721 180.8867 176.8163 172.0465 165.6019 170.5520 175.7271 181.8131 187.0187 181.1077 166.9012 182.7019 173.6663 166.4692 161.9877 157.7847 149.7732 154.4021 143.2201 136.8211 130.5986 124.5793 118.7939 124.5793 128.0625 112.0714 108.0740 113.2784 108.8118 107.3313 111.4271 126.4911 126.4911 124.1934 126.3012 139.7140 141.7604 145.6022 143.1084 136.0000 128.9961 122.1147 115.3776 102.4500 96.3328 90.5097 85.0412 94.8262 88.5438 86.3481 91.3893 98.7927 103.2279 123.5476 139.5421 148.4857 152.3155 156.4609 160.8975 167.5231 163.2667 159.2985 155.6406 152.3155 144.9966 141.8732 139.1402 136.8211 134.9370 133.5066 124.2578 116.2755 108.2959 100.3195 92.3472 92.0000 84.0000 76.0000 64.0000 64.4981 65.9697 68.3520 71.5542 75.4718 80.0000 50.5964 58.2409 62.5140 65.9697 73.7564 72.4431 82.3893 81.5843 89.4427 94.3398 97.3242 101.1929 108.8118 106.7333 105.2236 113.1371 121.0620 128.9961 136.9379 134.0597 128.2498 128.9961 130.2306 122.3765 121.0620 120.2664 118.0678 110.0727 102.0784 94.0000 82.0000 72.0000 62.0000 64.4981 72.4431 80.3990 88.3629 96.3328 104.3072 101.2719 108.8118 101.1929 91.2140 93.6376 86.1626 78.7909 71.5542 64.4981 57.6888 48.1664 43.2666 53.6656 58.2409 56.5685 48.6621 46.0000 46.6905 43.0813 35.7771 32.0000 32.9848 25.2982 17.8885 11.3137 8.0000 11.3137 17.8885 25.2982 24.0000 16.0000 8.0000
 48: 240.8319 221.3052 213.8411 206.3492 196.1632 188.1701 180.1777 172.1859 164.1950 156.2050 142.7725 144.5545 146.7515 149.3452 152.3155 159.6997 164.4384 169.7999 175.7271 182.1648 190.0737 191.4158 193.0803 195.0590 202.7807 204.9780 197.3423 199.9200 207.4608 230.2694 228.0351 218.2842 224.3569 234.7765 245.6013 243.5077 241.6609 244.0000 251.8730 249.4795 251.2688 253.2982 255.5621 258.0543 260.7681 263.6968 256.3123 253.2982 250.5035 247.9355 232.7574 235.4910 238.4617 241.6609 245.0796 248.7087 252.5391 249.7359 236.3049 229.7129 225.2110 231.9310 227.7543 220.9072 216.8133 223.7856 220.0364 212.9413 209.3036 216.5179 213.2416 210.2189 202.7807 205.9126 196.9772 193.2046 190.0316 187.4887 185.6017 181.8131 176.8163 170.5520 175.7271 181.1077 187.0187 192.4162 186.6762 172.7426 188.7326 180.0000 173.0665 168.7602 164.7301 156.4609 160.8975 149.7732 143.2201 136.8211 130.5986 124.5793 130.1076 133.2066 116.8247 113.2784 118.7939 115.3776 114.5426 118.9285 134.1044 134.1044 131.9394 134.1641 147.5127 149.4523 153.1013 150.3064 143.1084 136.0000 128.9961 122.1147 108.8118 102.4500 96.3328 90.5097 98.7927 91.3893 88.5438 94.8262 103.2279 108.0740 127.6244 143.3876 152.3155 156.4609 160.8975 165.6019 172.0465 167.5231 163.2667 159.2985 155.6406 148.4857 144.9966 141.8732 139.1402 136.8211 134.9370 125.0280 117.0982 109.1788 101.2719 93.3809 92.3472 84.3801 76.4199 64.4981 65.9697 68.3520 71.5542 75.4718 80.0000 85.0412 58.2409 65.9697 70.4557 73.7564 81.5843 80.3990 90.3549 89.4427 97.3242 102.3132 105.2236 108.8118 116.4818 114.5426 113.1371 121.0620 128.9961 136.9379 144.8862 142.0563 136.2351 136.9379 138.1014 130.2306 128.9961 128.2498 126.0635 118.0678 110.0727 102.0000 90.0000 80.0000 70.0000 72.4431 80.3990 88.3629 96.3328 104.3072 112.2854 109.1788 116.4818 108.8118 98.9545 101.1929 93.6376 86.1626 78.7909 71.5542 64.4981 54.4059 50.1199 60.9262 65.9697 64.4981 56.5685 54.0000 54.5894 50.5964 43.0813 40.0000 40.7922 32.9848 25.2982 17.8885 11.3137 8.0000 11.3137 17.8885 16.0000 8.0000
 49: 241.6278 222.3151 215.0349 206.9686 196.6520 188.6796 180.7097 172.7426 164.7786 156.8184 144.5545 146.7515 149.3452 152.3155 155.6406 162.8742 167.1407 172.0465 177.5387 183.5647 191.4158 193.0803 195.0590 197.3423 204.9780 207.4608 199.9200 202.7807 210.2189 232.7574 230.2694 220.3270 226.0619 236.8122 247.9355 245.6013 243.5077 245.5687 253.3930 251.2688 253.2982 255.5621 258.0543 260.7681 263.6968 266.8333 259.5381 256.3123 253.2982 250.5035 235.4910 238.4617 241.6609 245.0796 248.7087 252.5391 256.5619 254.0551 240.8651 234.4014 229.7129 236.3049 231.9310 225.2110 220.9072 227.7543 223.7856 216.8133 212.9413 220.0364 216.5179 213.2416 205.9126 209.3036 200.3597 196.9772 194.1958 192.0417 190.5361 187.0187 181.8131 175.7271 181.1077 186.6762 192.4162 197.9899 192.4162 178.7512 194.9051 186.4618 179.7776 175.6360 171.7673 163.2667 167.5231 156.4609 149.7732 143.2201 136.8211 130.5986 135.8823 138.6218 121.9180 118.7939 124.5793 122.1147 121.8524 126.4911 141.7604 141.7604 139.7140 142.0422 155.3319 157.1751 160.6487 157.5817 150.3064 143.1084 136.0000 128.9961 115.3776 108.8118 102.4500 96.3328 103.2279 94.8262 91.3893 98.7927 108.0740 113.2784 132.0606 147.5669 156.4609 160.8975 165.6019 170.5520 176.8163 172.0465 167.5231 163.2667 159.2985 152.3155 148.4857 144.9966 141.8732 139.1402 136.8211 126.3012 118.4567 110.6345 102.8397 95.0789 93.3809 85.5102 77.6660 65.9697 68.3520 71.5542 75.4718 80.0000 85.0412 90.5097 65.9697 73.7564 78.4092 81.5843 89.4427 88.3629 98.3260 97.3242 105.2236 110.2905 113.1371 116.4818 124.1934 122.3765 121.0620 128.9961 136.9379 144.8862 152.8398 150.0533 144.2221 144.8862 145.9863 138.1014 136.9379 136.2351 134.0597 126.0635 118.0678 110.0000 98.0000 88.0000 78.0000 80.3990 88.3629 96.3328 104.3072 112.2854 120.2664 117.0982 124.1934 116.4818 106.7333 108.8118 101.1929 93.6376 86.1626 78.7909 71.5542 61.0574 57.2713 68.3520 73.7564 72.4431 64.4981 62.0000 62.5140 58.2409 50.5964 48.0000 48.6621 40.7922 32.9848 25.2982 17.8885 11.3137 8.0000 11.3137 8.0000
 50: 242.6850 223.6068 216.5179 207.8942 197.4639 189.5257 181.5930 173.6663 165.7468 157.8354 146.7515 149.3452 152.3155 155.6406 159.2985 166.3731 170.1764 174.6310 179.6886 185.2998 193.0803 195.0590 197.3423 199.9200 207.4608 210.2189 202.7807 205.9126 213.2416 235.4910 232.7574 222.6387 228.0351 239.0983 250.5035 247.9355 245.6013 247.3863 255.1549 253.2982 255.5621 258.0543 260.7681 263.6968 266.8333 270.1703 262.9677 259.5381 256.3123 253.2982 238.4617 241.6609 245.0796 248.7087 252.5391 256.5619 260.7681 258.5498 245.6013 239.2655 234.4014 240.8651 236.3049 229.7129 225.2110 231.9310 227.7543 220.9072 216.8133 223.7856 220.0364 216.5179 209.3036 212.9413 204.0000 200.9975 198.5951 196.8146 195.6732 192.4162 187.0187 181.1077 186.6762 192.4162 197.9899 203.7253 198.3129 184.9108 201.2064 193.0389 186.5905 182.6034 178.8854 170.1764 174.2642 163.2667 156.4609 149.7732 143.2201 136.8211 141.8732 144.2775 127.3106 124.5793 130.5986 128.9961 129.2440 134.1044 149.4523 149.4523 147.5127 149.9333 163.1686 164.9242 168.2379 164.9242 157.5817 150.3064 143.1084 136.0000 122.1147 115.3776 108.8118 102.4500 108.0740 98.7927 94.8262 103.2279 113.2784 118.7939 136.8211 152.0526 160.8975 165.6019 170.5520 175.7271 181.8131 176.8163 172.0465 167.5231 163.2667 156.4609 152.3155 148.4857 144.9966 141.8732 139.1402 128.0625 120.3329 112.6410 104.9952 97.4064 95.0789 87.3613 79.6994 68.3520 71.5542 75.4718 80.0000 85.0412 90.5097 96.3328 73.7564 81.5843 86.3713 89.4427 97.3242 96.3328 106.3015 105.2236 113.1371 118.2709 121.0620 124.1934 131.9394 130.2306 128.9961 136.9379 144.8862 152.8398 160.7980 158.0506 152.2104 152.8398 153.8831 145.9863 144.8862 144.2221 142.0563 134.0597 126.0635 118.0000 106.0000 96.0000 86.0000 88.3629 96.3328 104.3072 112.2854 120.2664 128.2498 125.0280 131.9394 124.1934 114.5426 116.4818 108.8118 101.1929 93.6376 86.1626 78.7909 68.0000 64.6220 75.8947 81.5843 80.3990 72.4431 70.0000 70.4557 65.9697 58.2409 56.0000 56.5685 48.6621 40.7922 32.9848 25.2982 17.8885 11.3137 8.0000
 51: 250.5993 231.4822 224.3569 215.8240 205.4069 197.4639 189.5257 181.5930 173.6663 165.7468 154.4021 156.8694 159.6997 162.8742 166.3731 173.5281 177.5387 182.1648 187.3606 193.0803 200.8781 202.7807 204.9780 207.4608 215.0349 217.6970 210.2189 213.2416 220.6173 242.9815 240.3331 230.2694 235.7626 246.7387 258.0543 255.5621 253.2982 255.1549 262.9373 261.0134 263.2109 265.6313 268.2685 271.1162 274.1678 277.4167 270.1703 266.8333 263.6968 260.7681 245.8617 248.9659 252.2856 255.8124 259.5381 263.4540 267.5519 265.1490 252.0317 245.6013 240.8651 247.4187 242.9815 236.3049 231.9310 238.7300 234.6742 227.7543 223.7856 230.8246 227.1915 223.7856 216.5179 220.0364 211.0924 207.8846 205.2511 203.2142 201.7920 198.3129 193.0803 187.0187 192.4162 197.9899 203.7253 209.3036 203.7253 190.0316 206.1553 197.6259 190.8298 186.5905 182.6034 174.2642 178.6169 167.5231 160.8975 154.4021 148.0540 141.8732 147.1870 149.9333 133.2066 130.1076 135.8823 133.1465 132.4236 136.7041 151.7893 151.7893 149.4523 151.4199 164.9242 167.0449 170.8801 168.1904 160.9969 153.8831 146.8605 139.9428 126.4911 120.0000 113.7014 107.6290 114.4028 105.6788 101.9804 109.8362 119.3315 124.5793 143.2201 158.6443 167.5231 172.0465 176.8163 181.8131 188.0425 183.2157 178.6169 174.2642 170.1764 163.2667 159.2985 155.6406 152.3155 149.3452 146.7515 135.8234 128.0625 120.3329 112.6410 104.9952 102.8397 95.0789 87.3613 75.8947 78.7909 82.3650 86.5332 91.2140 96.3328 101.8234 75.8947 83.5225 87.4757 91.2140 98.9545 97.3242 107.2007 106.7333 114.5426 119.0798 122.3765 126.4911 134.1044 131.9394 130.2306 138.1014 145.9863 153.8831 161.7900 158.4550 152.0000 152.2104 152.8398 144.8862 144.2221 144.0000 142.5061 134.5362 126.5701 118.2709 106.3015 96.3328 86.3713 88.0000 96.0000 104.0000 112.0000 120.0000 128.0000 124.2578 130.2306 122.3765 113.1371 114.5426 106.7333 98.9545 91.2140 83.5225 75.8947 64.6220 62.0967 73.7564 80.3990 80.0000 72.0000 70.4557 71.8053 68.3520 60.9262 56.5685 56.0000 48.0000 40.0000 32.0000 24.0000 16.0000 8.0000
 52: 249.5756 230.2347 222.9260 214.9325 204.6265 196.6520 188.6796 180.7097 172.7426 164.7786 152.3155 154.4021 156.8694 159.6997 162.8742 170.1764 174.6310 179.6886 185.2998 191.4158 199.2787 200.8781 202.7807 204.9780 212.6405 215.0349 207.4608 210.2189 217.6970 240.3331 237.9244 228.0351 233.8547 244.5240 255.5621 253.2982 251.2688 253.3930 261.2279 259.0444 261.0134 263.2109 265.6313 268.2685 271.1162 274.1678 266.8333 263.6968 260.7681 258.0543 242.9815 245.8617 248.9659 252.2856 255.8124 259.5381 263.4540 260.7681 247.4187 240.8651 236.3049 242.9815 238.7300 231.9310 227.7543 234.6742 230.8246 223.7856 220.0364 227.1915 223.7856 220.6173 213.2416 216.5179 207.5765 204.0000 200.9975 198.5951 196.8146 193.0803 188.0425 181.8131 187.0187 192.4162 198.3129 203.7253 197.9899 184.0435 200.0100 191.2067 184.1738 179.7776 175.6360 167.5231 172.0465 160.8975 154.4021 148.0540 141.8732 135.8823 141.4214 144.4991 128.0625 124.5793 130.1076 126.4911 125.2198 129.2440 144.2221 144.2221 141.7604 143.6106 157.1751 159.3989 163.4136 160.9969 153.8831 146.8605 139.9428 133.1465 120.0000 113.7014 107.6290 101.8234 109.8362 101.9804 98.7927 105.6788 114.4028 119.3315 138.6795 154.3503 163.2667 167.5231 172.0465 176.8163 183.2157 178.6169 174.2642 170.1764 166.3731 159.2985 155.6406 152.3155 149.3452 146.7515 144.5545 134.1641 126.3012 118.4567 110.6345 102.8397 101.2719 93.3809 85.5102 73.7564 75.8947 78.7909 82.3650 86.5332 91.2140 96.3328 68.3520 75.8947 79.6241 83.5225 91.2140 89.4427 99.2975 98.9545 106.7333 111.1575 114.5426 118.9285 126.4911 124.1934 122.3765 130.2306 138.1014 145.9863 153.8831 150.4792 144.0000 144.2221 144.8862 136.9379 136.2351 136.0000 134.5362 126.5701 118.6086 110.2905 98.3260 88.3629 78.4092 80.0000 88.0000 96.0000 104.0000 112.0000 120.0000 116.2755 122.3765 114.5426 105.2236 106.7333 98.9545 91.2140 83.5225 75.8947 68.3520 57.2713 54.4059 65.9697 72.4431 72.0000 64.0000 62.5140 64.0312 60.9262 53.6656 48.6621 48.0000 40.0000 32.0000 24.0000 16.0000 8.0000
 53: 248.8051 229.2597 221.7747 214.3362 204.1568 196.1632 188.1701 180.1777 172.1859 164.1950 150.6254 152.3155 154.4021 156.8694 159.6997 167.1407 172.0465 177.5387 183.5647 190.0737 197.9899 199.2787 200.8781 202.7807 210.5232 212.6405 204.9780 207.4608 215.0349 237.9244 235.7626 226.0619 232.2068 242.5531 253.2982 251.2688 249.4795 251.8730 259.7537 257.3092 259.0444 261.0134 263.2109 265.6313 268.2685 271.1162 263.6968 260.7681 258.0543 255.5621 240.3331 242.9815 245.8617 248.9659 252.2856 255.8124 259.5381 256.5619 242.9815 236.3049 231.9310 238.7300 234.6742 227.7543 223.7856 230.8246 227.1915 220.0364 216.5179 223.7856 220.6173 217.6970 210.2189 213.2416 204.3135 200.3597 196.9772 194.1958 192.0417 188.0425 183.2157 176.8163 181.8131 187.0187 193.0803 198.3129 192.4162 178.2134 194.0000 184.9108 177.6288 173.0665 168.7602 160.8975 165.6019 154.4021 148.0540 141.8732 135.8823 130.1076 135.8823 139.3126 123.2234 119.3315 124.5793 120.0000 118.1186 121.8524 136.7041 136.7041 134.1044 135.8234 149.4523 151.7893 156.0000 153.8831 146.8605 139.9428 133.1465 126.4911 113.7014 107.6290 101.8234 96.3328 105.6788 98.7927 96.1665 101.9804 109.8362 114.4028 134.4619 150.3596 159.2985 163.2667 167.5231 172.0465 178.6169 174.2642 170.1764 166.3731 162.8742 155.6406 152.3155 149.3452 146.7515 144.5545 142.7725 132.9662 125.0280 117.0982 109.1788 101.2719 100.3195 92.3472 84.3801 72.4431 73.7564 75.8947 78.7909 82.3650 86.5332 91.2140 60.9262 68.3520 71.8053 75.8947 83.5225 81.5843 91.4112 91.2140 98.9545 103.2473 106.7333 111.4271 118.9285 116.4818 114.5426 122.3765 130.2306 138.1014 145.9863 142.5061 136.0000 136.2351 136.9379 128.9961 128.2498 128.0000 126.5701 118.6086 110.6526 102.3132 90.3549 80.3990 70.4557 72.0000 80.0000 88.0000 96.0000 104.0000 112.0000 108.2959 114.5426 106.7333 97.3242 98.9545 91.2140 83.5225 75.8947 68.3520 60.9262 50.1199 46.8188 58.2409 64.4981 64.0000 56.0000 54.5894 56.3205 53.6656 46.6476 40.7922 40.0000 32.0000 24.0000 16.0000 8.0000
 54: 248.2902 228.5607 220.9072 214.0374 204.0000 196.0000 188.0000 180.0000 172.0000 164.0000 149.3452 150.6254 152.3155 154.4021 156.8694 164.4384 169.7999 175.7271 182.1648 189.0608 197.0178 197.9899 199.2787 200.8781 208.6912 210.5232 202.7807 204.9780 212.6405 235.7626 233.8547 224.3569 230.8246 240.8319 251.2688 249.4795 247.9355 250.5993 258.5189 255.8124 257.3092 259.0444 261.0134 263.2109 265.6313 268.2685 260.7681 258.0543 255.5621 253.2982 237.9244 240.3331 242.9815 245.8617 248.9659 252.2856 255.8124 252.5391 238.7300 231.9310 227.7543 234.6742 230.8246 223.7856 220.0364 227.1915 223.7856 216.5179 213.2416 220.6173 217.6970 215.0349 207.4608 210.2189 201.3157 196.9772 193.2046 190.0316 187.4887 183.2157 178.6169 172.0465 176.8163 181.8131 188.0425 193.0803 187.0187 172.5572 188.1382 178.7512 171.2075 166.4692 161.9877 154.4021 159.2985 148.0540 141.8732 135.8823 130.1076 124.5793 130.5986 134.4024 118.7266 114.4028 119.3315 113.7014 111.1396 114.5426 129.2440 129.2440 126.4911 128.0625 141.7604 144.2221 148.6472 146.8605 139.9428 133.1465 126.4911 120.0000 107.6290 101.8234 96.3328 91.2140 101.9804 96.1665 94.1488 98.7927 105.6788 109.8362 130.5986 146.6970 155.6406 159.2985 163.2667 167.5231 174.2642 170.1764 166.3731 162.8742 159.6997 152.3155 149.3452 146.7515 144.5545 142.7725 141.4214 132.2422 124.2578 116.2755 108.2959 100.3195 100.0000 92.0000 84.0000 72.0000 72.4431 73.7564 75.8947 78.7909 82.3650 86.5332 53.6656 60.9262 64.0312 68.3520 75.8947 73.7564 83.5464 83.5225 91.2140 95.3520 98.9545 104.0000 111.4271 108.8118 106.7333 114.5426 122.3765 130.2306 138.1014 134.5362 128.0000 128.2498 128.9961 121.0620 120.2664 120.0000 118.6086 110.6526 102.7035 94.3398 82.3893 72.4431 62.5140 64.0000 72.0000 80.0000 88.0000 96.0000 104.0000 100.3195 106.7333 98.9545 89.4427 91.2140 83.5225 75.8947 68.3520 60.9262 53.6656 43.2666 39.3954 50.5964 56.5685 56.0000 48.0000 46.6905 48.7032 46.6476 40.0000 32.9848 32.0000 24.0000 16.0000 8.0000
 55: 248.0323 228.1403 220.3270 214.0374 204.1568 196.1632 188.1701 180.1777 172.1859 164.1950 148.4857 149.3452 150.6254 152.3155 154.4021 162.0864 167.9047 174.2642 181.1077 188.3826 196.3670 197.0178 197.9899 199.2787 207.1521 208.6912 200.8781 202.7807 210.5232 233.8547 232.2068 222.9260 229.7129 239.3658 249.4795 247.9355 246.6414 249.5756 257.5267 254.5584 255.8124 257.3092 259.0444 261.0134 263.2109 265.6313 258.0543 255.5621 253.2982 251.2688 235.7626 237.9244 240.3331 242.9815 245.8617 248.9659 252.2856 248.7087 234.6742 227.7543 223.7856 230.8246 227.1915 220.0364 216.5179 223.7856 220.6173 213.2416 210.2189 217.6970 215.0349 212.6405 204.9780 207.4608 198.5951 193.8659 189.6945 186.1182 183.1721 178.6169 174.2642 167.5231 172.0465 176.8163 183.2157 188.0425 181.8131 167.0928 182.4390 172.7426 164.9242 160.0000 155.3319 148.0540 153.1535 141.8732 135.8823 130.1076 124.5793 119.3315 125.6025 129.7998 114.6124 109.8362 114.4028 107.6290 104.3072 107.3313 121.8524 121.8524 118.9285 120.3329 134.1044 136.7041 141.3648 139.9428 133.1465 126.4911 120.0000 113.7014 101.8234 96.3328 91.2140 86.5332 98.7927 94.1488 92.7793 96.1665 101.9804 105.6788 127.1220 143.3876 152.3155 155.6406 159.2985 163.2667 170.1764 166.3731 162.8742 159.6997 156.8694 149.3452 146.7515 144.5545 142.7725 141.4214 140.5133 132.0000 124.0000 116.0000 108.0000 100.0000 100.3195 92.3472 84.3801 72.4431 72.0000 72.4431 73.7564 75.8947 78.7909 82.3650 46.6476 53.6656 56.3205 60.9262 68.3520 65.9697 75.7100 75.8947 83.5225 87.4757 91.2140 96.6644 104.0000 101.1929 98.9545 106.7333 114.5426 122.3765 130.2306 126.5701 120.0000 120.2664 121.0620 113.1371 112.2854 112.0000 110.6526 102.7035 94.7629 86.3713 74.4312 64.4981 54.5894 56.0000 64.0000 72.0000 80.0000 88.0000 96.0000 92.3472 98.9545 91.2140 81.5843 83.5225 75.8947 68.3520 60.9262 53.6656 46.6476 36.8782 32.2490 43.0813 48.6621 48.0000 40.0000 38.8330 41.2311 40.0000 33.9411 25.2982 24.0000 16.0000 8.0000
 56: 248.0323 228.0000 220.0364 214.3362 204.6265 196.6520 188.6796 180.7097 172.7426 164.7786 148.0540 148.4857 149.3452 150.6254 152.3155 160.1000 166.3731 173.1589 180.3996 188.0425 196.0408 196.3670 197.0178 197.9899 205.9126 207.1521 199.2787 200.8781 208.6912 232.2068 230.8246 221.7747 228.8755 238.1596 247.9355 246.6414 245.6013 248.8051 256.7801 253.5508 254.5584 255.8124 257.3092 259.0444 261.0134 263.2109 255.5621 253.2982 251.2688 249.4795 233.8547 235.7626 237.9244 240.3331 242.9815 245.8617 248.9659 245.0796 230.8246 223.7856 220.0364 227.1915 223.7856 216.5179 213.2416 220.6173 217.6970 210.2189 207.4608 215.0349 212.6405 210.5232 202.7807 204.9780 196.1632 191.0393 186.4618 182.4719 179.1089 174.2642 170.1764 163.2667 167.5231 172.0465 178.6169 183.2157 176.8163 161.8394 176.9181 166.9012 158.7955 153.6750 148.8086 141.8732 147.1870 135.8823 130.1076 124.5793 119.3315 114.4028 120.9297 125.5388 110.9234 105.6788 109.8362 101.8234 97.6524 100.2397 114.5426 114.5426 111.4271 112.6410 126.4911 129.2440 134.1641 133.1465 126.4911 120.0000 113.7014 107.6290 96.3328 91.2140 86.5332 82.3650 96.1665 92.7793 92.0869 94.1488 98.7927 101.9804 124.0645 140.4564 149.3452 152.3155 155.6406 159.2985 166.3731 162.8742 159.6997 156.8694 154.4021 146.7515 144.5545 142.7725 141.4214 140.5133 140.0571 132.2422 124.2578 116.2755 108.2959 100.3195 101.2719 93.3809 85.5102 73.7564 72.4431 72.0000 72.4431 73.7564 75.8947 78.7909 40.0000 46.6476 48.7032 53.6656 60.9262 58.2409 67.9117 68.3520 75.8947 79.6241 83.5225 89.4427 96.6644 93.6376 91.2140 98.9545 106.7333 114.5426 122.3765 118.6086 112.0000 112.2854 113.1371 105.2236 104.3072 104.0000 102.7035 94.7629 86.8332 78.4092 66.4831 56.5685 46.6905 48.0000 56.0000 64.0000 72.0000 80.0000 88.0000 84.3801 91.2140 83.5225 73.7564 75.8947 68.3520 60.9262 53.6656 46.6476 40.0000 31.2410 25.6125 35.7771 40.7922 40.0000 32.0000 31.0483 34.0000 33.9411 28.8444 17.8885 16.0000 8.0000
 57: 248.2902 228.1403 220.0364 214.9325 205.4069 197.4639 189.5257 181.5930 173.6663 165.7468 148.0540 148.0540 148.4857 149.3452 150.6254 158.4929 165.2150 172.4181 180.0444 188.0425 196.0408 196.0408 196.3670 197.0178 204.9780 205.9126 197.9899 199.2787 207.1521 230.8246 229.7129 220.9072 228.3156 237.2172 246.6414 245.6013 244.8183 248.2902 256.2811 252.7924 253.5508 254.5584 255.8124 257.3092 259.0444 261.0134 253.2982 251.2688 249.4795 247.9355 232.2068 233.8547 235.7626 237.9244 240.3331 242.9815 245.8617 241.6609 227.1915 220.0364 216.5179 223.7856 220.6173 213.2416 210.2189 217.6970 215.0349 207.4608 204.9780 212.6405 210.5232 208.6912 200.8781 202.7807 194.0309 188.5099 183.5211 179.1089 175.3169 170.1764 166.3731 159.2985 163.2667 167.5231 174.2642 178.6169 172.0465 156.8184 171.5925 161.2452 152.8398 147.5127 142.4360 135.8823 141.4214 130.1076 124.5793 119.3315 114.4028 109.8362 116.6190 121.6553 107.7033 101.9804 105.6788 96.3328 91.2140 93.2952 107.3313 107.3313 104.0000 104.9952 118.9285 121.8524 127.0590 126.4911 120.0000 113.7014 107.6290 101.8234 91.2140 86.5332 82.3650 78.7909 94.1488 92.0869 92.0869 92.7793 96.1665 98.7927 121.4578 137.9275 146.7515 149.3452 152.3155 155.6406 162.8742 159.6997 156.8694 154.4021 152.3155 144.5545 142.7725 141.4214 140.5133 140.0571 140.0571 132.9662 125.0280 117.0982 109.1788 101.2719 102.8397 95.0789 87.3613 75.8947 73.7564 72.4431 72.0000 72.4431 73.7564 75.8947 33.9411 40.0000 41.2311 46.6476 53.6656 50.5964 60.1664 60.9262 68.3520 71.8053 75.8947 82.3650 89.4427 86.1626 83.5225 91.2140 98.9545 106.7333 114.5426 110.6526 104.0000 104.3072 105.2236 97.3242 96.3328 96.0000 94.7629 86.8332 78.9177 70.4557 58.5491 48.6621 38.8330 40.0000 48.0000 56.0000 64.0000 72.0000 80.0000 76.4199 83.5225 75.8947 65.9697 68.3520 60.9262 53.6656 46.6476 40.0000 33.9411 26.8328 20.0000 28.8444 32.9848 32.0000 24.0000 23.4094 27.2029 28.8444 25.2982 11.3137 8.0000
 58: 248.8051 228.5607 220.3270 215.8240 206.4946 198.5951 190.7040 182.8223 174.9514 167.0928 148.4857 148.0540 148.0540 148.4857 149.3452 157.2768 164.4384 172.0465 180.0444 188.3826 196.3670 196.0408 196.0408 196.3670 204.3526 204.9780 197.0178 197.9899 205.9126 229.7129 228.8755 220.3270 228.0351 236.5418 245.6013 244.8183 244.2949 248.0323 256.0312 252.2856 252.7924 253.5508 254.5584 255.8124 257.3092 259.0444 251.2688 249.4795 247.9355 246.6414 230.8246 232.2068 233.8547 235.7626 237.9244 240.3331 242.9815 238.4617 223.7856 216.5179 213.2416 220.6173 217.6970 210.2189 207.4608 215.0349 212.6405 204.9780 202.7807 210.5232 208.6912 207.1521 199.2787 200.8781 192.2082 186.2901 180.8867 176.0454 171.8139 166.3731 162.8742 155.6406 159.2985 163.2667 170.1764 174.2642 167.5231 152.0526 166.4812 155.7947 147.0782 141.5344 136.2351 130.1076 135.8823 124.5793 119.3315 114.4028 109.8362 105.6788 112.7120 118.1863 104.9952 98.7927 101.9804 91.2140 85.0412 86.5332 100.2397 100.2397 96.6644 97.4064 111.4271 114.5426 120.0666 120.0000 113.7014 107.6290 101.8234 96.3328 86.5332 82.3650 78.7909 75.8947 92.7793 92.0869 92.7793 92.0869 94.1488 96.1665 119.3315 135.8234 144.5545 146.7515 149.3452 152.3155 159.6997 156.8694 154.4021 152.3155 150.6254 142.7725 141.4214 140.5133 140.0571 140.0571 140.5133 134.1641 126.3012 118.4567 110.6345 102.8397 104.9952 97.4064 89.8888 78.7909 75.8947 73.7564 72.4431 72.0000 72.4431 73.7564 28.8444 33.9411 34.0000 40.0000 46.6476 43.0813 52.4976 53.6656 60.9262 64.0312 68.3520 75.4718 82.3650 78.7909 75.8947 83.5225 91.2140 98.9545 106.7333 102.7035 96.0000 96.3328 97.3242 89.4427 88.3629 88.0000 86.8332 78.9177 71.0211 62.5140 50.6360 40.7922 31.0483 32.0000 40.0000 48.0000 56.0000 64.0000 72.0000 68.4690 75.8947 68.3520 58.2409 60.9262 53.6656 46.6476 40.0000 33.9411 28.8444 24.3311 16.4924 22.6274 25.2982 24.0000 16.0000 16.1245 21.2603 25.2982 24.0000 8.0000
 59: 240.8319 220.5811 212.3394 207.8942 198.5951 190.7040 182.8223 174.9514 167.0928 159.2482 140.5133 140.0571 140.0571 140.5133 141.4214 149.3452 156.4609 164.0488 172.0465 180.3996 188.3826 188.0425 188.0425 188.3826 196.3670 197.0178 189.0608 190.0737 197.9899 221.7747 220.9072 212.3394 220.0364 228.5607 237.6552 236.8459 236.3049 240.0333 248.0323 244.2949 244.8183 245.6013 246.6414 247.9355 249.4795 251.2688 243.5077 241.6609 240.0667 238.7300 222.9260 224.3569 226.0619 228.0351 230.2694 232.7574 235.4910 231.1017 216.5179 209.3036 205.9126 213.2416 210.2189 202.7807 199.9200 207.4608 204.9780 197.3423 195.0590 202.7807 200.8781 199.2787 191.4158 193.0803 184.3909 178.5721 173.2974 168.6179 164.5843 159.2985 155.6406 148.4857 152.3155 156.4609 163.2667 167.5231 160.8975 145.6022 160.3122 149.9333 141.5344 136.2351 131.2098 124.5793 130.1076 118.7939 113.2784 108.0740 103.2279 98.7927 105.6788 110.9234 97.4064 91.3893 94.8262 85.0412 80.0000 82.3650 96.6644 96.6644 93.6376 95.0789 108.8118 111.4271 116.2755 115.3776 108.8118 102.4500 96.3328 90.5097 80.0000 75.4718 71.5542 68.3520 84.8528 84.0952 84.8528 84.0952 86.3481 88.5438 111.5706 128.0625 136.8211 139.1402 141.8732 144.9966 152.3155 149.3452 146.7515 144.5545 142.7725 134.9370 133.5066 132.5443 132.0606 132.0606 132.5443 126.3012 118.4567 110.6345 102.8397 95.0789 97.4064 89.8888 82.4621 71.5542 68.3520 65.9697 64.4981 64.0000 64.4981 65.9697 22.6274 28.8444 31.0483 35.7771 43.0813 40.7922 50.6360 50.5964 58.2409 62.5140 65.9697 71.5542 78.7909 75.8947 73.7564 81.5843 89.4427 97.3242 105.2236 102.0784 96.3328 97.3242 98.9545 91.2140 89.4427 88.3629 86.0930 78.1025 70.1142 62.0000 50.0000 40.0000 30.0000 32.9848 40.7922 48.6621 56.5685 64.4981 72.4431 69.8570 78.7909 71.5542 60.9262 64.4981 57.6888 51.2250 45.2548 40.0000 35.7771 32.2490 24.3311 28.8444 28.8444 25.2982 17.8885 14.0000 16.1245 17.8885 16.0000
 60: 224.8911 204.6265 196.3670 192.0521 182.8223 174.9514 167.0928 159.2482 151.4199 143.6106 124.5793 124.0645 124.0645 124.5793 125.6025 133.5066 140.5133 148.0540 156.0513 164.4384 172.4181 172.0465 172.0465 172.4181 180.3996 181.1077 173.1589 174.2642 182.1648 205.9126 204.9780 196.3670 204.0392 212.6029 221.7747 220.9072 220.3270 224.0357 232.0345 228.3156 228.8755 229.7129 230.8246 232.2068 233.8547 235.7626 228.0351 226.0619 224.3569 222.9260 207.1521 208.6912 210.5232 212.6405 215.0349 217.6970 220.6173 216.5179 202.1485 195.0590 191.4158 198.6353 195.3868 188.0425 184.9540 192.4162 189.7367 182.1648 179.6886 187.3606 185.2998 183.5647 175.7271 177.5387 168.8076 163.2176 158.2403 153.9351 150.3596 145.4373 141.4214 134.4619 138.6795 143.2201 149.7732 154.4021 148.0540 133.2066 148.4992 138.8524 131.2098 126.4911 122.1147 114.4028 119.3315 108.0740 101.9804 96.1665 90.6863 85.6037 92.0869 96.7471 82.4621 76.9415 80.9938 73.7564 71.5542 75.8947 91.2140 91.2140 89.4427 92.3472 105.2236 106.7333 110.0545 107.3313 100.2397 93.2952 86.5332 80.0000 67.8823 62.4820 57.6888 53.6656 69.0507 68.1175 69.0507 68.1175 70.8802 73.5391 96.1665 112.6410 121.4578 124.0645 127.1220 130.5986 137.7534 134.4619 131.5751 129.1201 127.1220 119.3315 117.7115 116.6190 116.0689 116.0689 116.6190 110.6345 102.8397 95.0789 87.3613 79.6994 82.4621 75.1532 68.0000 57.6888 53.6656 50.5964 48.6621 48.0000 48.6621 50.5964 16.0000 24.0000 31.0483 32.0000 40.0000 40.7922 50.6360 48.0000 56.0000 62.5140 64.0000 65.9697 73.7564 72.4431 72.0000 80.0000 88.0000 96.0000 104.0000 102.7035 98.9545 101.1929 104.0000 96.6644 93.6376 91.2140 86.8332 78.9177 71.0211 64.0312 52.4976 43.0813 34.0000 40.0000 46.6476 53.6656 60.9262 68.3520 75.8947 75.1532 86.5332 80.0000 68.8186 73.7564 67.8823 62.4820 57.6888 53.6656 50.5964 48.1664 40.1995 43.0813 40.0000 33.9411 28.8444 21.2603 16.1245 8.0000
 61: 225.7432 205.4069 197.0178 193.3805 184.3909 176.5899 168.8076 161.0466 153.3101 145.6022 125.6025 124.5793 124.0645 124.0645 124.5793 132.5443 140.0571 148.0540 156.4609 165.2150 173.1589 172.4181 172.0465 172.0465 180.0444 180.3996 172.4181 173.1589 181.1077 204.9780 204.3526 196.0408 204.0392 212.1509 220.9072 220.3270 220.0364 224.0357 232.0345 228.0351 228.3156 228.8755 229.7129 230.8246 232.2068 233.8547 226.0619 224.3569 222.9260 221.7747 205.9126 207.1521 208.6912 210.5232 212.6405 215.0349 217.6970 213.2416 198.6353 191.4158 188.0425 195.3868 192.4162 184.9540 182.1648 189.7367 187.3606 179.6886 177.5387 185.2998 183.5647 182.1648 174.2642 175.7271 167.0928 161.0466 155.5892 150.7846 146.6970 141.4214 137.7534 130.5986 134.4619 138.6795 145.4373 149.7732 143.2201 128.0625 143.0105 132.9662 124.9640 120.0000 115.3776 108.0740 113.2784 101.9804 96.1665 90.6863 85.6037 80.9938 87.8180 93.0376 79.6994 73.5391 76.9415 67.8823 64.4981 68.3520 83.5225 83.5225 81.5843 84.3801 97.3242 98.9545 102.5280 100.2397 93.2952 86.5332 80.0000 73.7564 62.4820 57.6888 53.6656 50.5964 68.1175 69.0507 70.8802 68.1175 69.0507 70.8802 94.1488 110.6345 119.3315 121.4578 124.0645 127.1220 134.4619 131.5751 129.1201 127.1220 125.6025 117.7115 116.6190 116.0689 116.0689 116.6190 117.7115 112.6410 104.9952 97.4064 89.8888 82.4621 85.8836 78.8923 72.1110 62.4820 57.6888 53.6656 50.5964 48.6621 48.0000 48.6621 8.0000 16.0000 23.4094 24.0000 32.0000 32.9848 42.7551 40.0000 48.0000 54.5894 56.0000 58.2409 65.9697 64.4981 64.0000 72.0000 80.0000 88.0000 96.0000 94.7629 91.2140 93.6376 96.6644 89.4427 86.1626 83.5225 78.9177 71.0211 63.1506 56.3205 44.9444 35.7771 27.2029 33.9411 40.0000 46.6476 53.6656 60.9262 68.3520 68.0000 80.0000 73.7564 62.4820 67.8823 62.4820 57.6888 53.6656 50.5964 48.6621 48.1664 40.1995 40.7922 35.7771 28.8444 25.2982 17.0880 10.0000
 62: 234.4781 214.1121 205.6502 202.4055 193.5459 185.7848 178.0449 170.3291 162.6407 154.9839 134.5362 133.2216 132.3782 132.0152 132.1363 140.1285 148.0135 156.3202 164.9848 173.9540 181.8681 180.8978 180.2776 180.0111 188.0106 188.0957 180.1000 180.5436 188.5206 212.4618 212.0849 204.0098 212.2357 220.0091 228.4294 228.0789 228.0088 232.2154 240.2082 236.0085 236.0763 236.4149 237.0232 237.8991 239.0397 240.4413 232.5941 231.1450 229.9652 229.0589 213.1385 214.1121 215.3787 216.9332 218.7693 220.8801 223.2577 218.4033 203.5387 196.1734 193.1321 200.6091 197.9596 190.3786 187.9255 195.6016 193.5459 185.7848 183.9674 191.8020 190.3786 189.2829 181.3395 182.4829 173.9540 167.4873 161.5549 156.2178 151.5388 145.8355 142.6184 135.2479 138.6362 142.3938 149.4122 153.3232 146.4923 130.9198 145.2446 134.5362 125.8730 120.4159 115.2562 108.9036 114.6298 103.3247 98.0816 93.2309 88.8369 84.9706 92.1954 98.0816 85.9069 79.1202 81.7068 70.0000 64.0312 66.2420 80.6226 80.6226 77.7946 79.6241 93.1450 95.5196 100.1798 99.2975 92.8009 86.5563 80.6226 75.0733 65.5134 61.7414 58.8218 56.8859 76.0263 78.1025 80.3243 76.6551 76.2365 77.2787 100.9752 117.3882 125.9365 127.5774 129.6919 132.2573 139.7856 137.3608 135.3662 133.8208 132.7403 124.7878 124.1451 124.0161 124.4026 125.2996 126.6965 122.0656 114.4902 106.9766 99.5389 92.1954 95.7706 88.8369 82.0975 72.4707 67.6757 63.5295 60.1664 57.7235 56.3205 56.0357 8.2462 12.8062 16.0000 19.6977 27.2029 26.0000 36.0000 34.9285 42.7551 48.0000 50.6360 55.4617 62.7694 60.1664 58.5491 66.4831 74.4312 82.3893 90.3549 88.0909 83.5464 85.4400 88.0227 80.6226 77.7946 75.7100 72.1110 64.1249 56.1427 48.6621 36.8782 27.2029 17.8885 24.0832 30.5287 37.5766 44.9444 52.4976 60.1664 59.0931 70.4557 64.0312 52.8015 58.0000 52.4976 47.7074 43.8634 41.2311 40.0500 41.2311 33.5261 32.0624 26.0000 18.8680 16.1245 8.0000
 63: 242.3964 222.0360 213.5884 210.2380 201.3256 193.5459 185.7848 178.0449 170.3291 162.6407 142.3938 141.1524 140.3567 140.0143 140.1285 148.1216 156.0128 164.3046 172.9393 181.8681 189.7894 188.8597 188.2658 188.0106 196.0102 196.0918 188.0957 188.5206 196.4994 220.4450 220.0818 212.0094 220.2272 228.0088 236.4149 236.0763 236.0085 240.2082 248.2015 244.0082 244.0738 244.4013 244.9898 245.8373 246.9413 248.2982 240.4413 239.0397 237.8991 237.0232 221.0973 222.0360 223.2577 224.7576 226.5304 228.5695 230.8679 225.8938 210.9502 203.5387 200.6091 208.1250 205.5724 197.9596 195.6016 203.3027 201.3256 193.5459 191.8020 199.6497 198.2826 197.2308 189.2829 190.3786 181.8681 175.3283 169.2926 163.8170 158.9591 153.1143 150.0533 142.6184 145.8355 149.4122 156.5248 160.2623 153.3232 137.5936 151.6047 140.5845 131.5903 125.8730 120.4159 114.6298 120.6151 109.3435 104.4031 99.8599 95.7706 92.1954 99.5389 105.6220 93.7443 86.8332 89.1964 76.5506 69.3109 70.4557 84.1190 84.1190 80.6226 81.6088 95.5196 98.4886 103.9423 104.0192 97.8366 91.9348 86.3713 81.2158 72.4707 69.0797 66.4831 64.7765 84.0238 85.9069 87.9318 84.5931 84.2140 85.1587 108.9036 125.2996 133.8208 135.3662 137.3608 139.7856 147.3635 145.0655 143.1782 141.7180 140.6983 132.7403 132.1363 132.0152 132.3782 133.2216 134.5362 129.6919 122.0656 114.4902 106.9766 99.5389 102.8591 95.7706 88.8369 78.8162 74.4312 70.6824 67.6757 65.5134 64.2806 64.0312 16.1245 18.8680 17.8885 24.0832 30.5287 27.2029 36.8782 37.5766 44.9444 48.6621 52.4976 59.3633 66.2420 62.7694 60.1664 67.9117 75.7100 83.5464 91.4112 88.0909 82.3893 83.5464 85.4400 77.7946 75.7100 74.4312 72.1110 64.1249 56.1427 48.0000 36.0000 26.0000 16.0000 19.6977 27.2029 34.9285 42.7551 50.6360 58.5491 56.3205 66.2420 59.3633 48.3735 52.8015 46.6905 41.2311 36.7151 33.5261 32.0624 33.5261 26.0000 24.0832 18.8680 12.8062 8.2462
 64: 250.5993 230.2347 221.7747 218.4765 209.5710 201.7920 194.0309 186.2901 178.5721 170.8801 150.6254 149.3452 148.4857 148.0540 148.0540 156.0513 164.0488 172.4181 181.1077 190.0737 197.9899 197.0178 196.3670 196.0408 204.0392 204.0392 196.0408 196.3670 204.3526 228.3156 228.0351 220.0364 228.3156 236.0000 244.2949 244.0328 244.0328 248.2902 256.2811 252.0317 252.0317 252.2856 252.7924 253.5508 254.5584 255.8124 247.9355 246.6414 245.6013 244.8183 228.8755 229.7129 230.8246 232.2068 233.8547 235.7626 237.9244 232.7574 217.6970 210.2189 207.4608 215.0349 212.6405 204.9780 202.7807 210.5232 208.6912 200.8781 199.2787 207.1521 205.9126 204.9780 197.0178 197.9899 189.5257 182.8223 176.5899 170.8801 165.7468 159.6997 156.8694 149.3452 152.3155 155.6406 162.8742 166.3731 159.2985 143.3876 156.9841 145.6022 136.2351 130.2306 124.4508 119.3315 125.6025 114.4028 109.8362 105.6788 101.9804 98.7927 106.2826 112.6410 101.2719 94.1488 96.1665 82.3650 73.7564 73.7564 86.5332 86.5332 82.3650 82.4621 96.6644 100.2397 106.5082 107.6290 101.8234 96.3328 91.2140 86.5332 78.7909 75.8947 73.7564 72.4431 92.0869 94.1488 96.1665 92.7793 92.0869 92.7793 116.6190 132.9662 141.4214 142.7725 144.5545 146.7515 154.4021 152.3155 150.6254 149.3452 148.4857 140.5133 140.0571 140.0571 140.5133 141.4214 142.7725 137.9275 130.2920 122.7029 115.1694 107.7033 110.9234 103.7690 96.7471 86.5332 82.3650 78.7909 75.8947 73.7564 72.4431 72.0000 24.0000 25.2982 21.2603 28.8444 33.9411 28.8444 37.5766 40.0000 46.6476 48.7032 53.6656 62.4820 68.8186 64.4981 60.9262 68.3520 75.8947 83.5225 91.2140 86.8332 80.0000 80.3990 81.5843 73.7564 72.4431 72.0000 71.0211 63.1506 55.3173 46.6905 34.9285 25.2982 16.1245 16.0000 24.0000 32.0000 40.0000 48.0000 56.0000 52.6118 60.9262 53.6656 43.0813 46.6476 40.0000 33.9411 28.8444 25.2982 24.0000 26.8328 20.0000 16.0000 11.3137 8.0000
 65: 251.8730 231.4822 222.9260 220.2272 211.5467 203.8431 196.1632 188.5099 180.8867 173.2974 152.3155 150.6254 149.3452 148.4857 148.0540 156.0513 164.4384 173.1589 182.1648 191.4158 199.2787 197.9899 197.0178 196.3670 204.3526 204.0392 196.0408 196.0408 204.0392 228.0351 228.0351 220.3270 228.8755 236.1356 244.0328 244.0328 244.2949 248.8051 256.7801 252.2856 252.0317 252.0317 252.2856 252.7924 253.5508 254.5584 246.6414 245.6013 244.8183 244.2949 228.3156 228.8755 229.7129 230.8246 232.2068 233.8547 235.7626 230.2694 215.0349 207.4608 204.9780 212.6405 210.5232 202.7807 200.8781 208.6912 207.1521 199.2787 197.9899 205.9126 204.9780 204.3526 196.3670 197.0178 188.6796 181.5930 174.9514 168.8076 163.2176 156.8694 154.4021 146.7515 149.3452 152.3155 159.6997 162.8742 155.6406 139.5421 152.6434 140.9113 131.2098 124.9640 118.9285 114.4028 120.9297 109.8362 105.6788 101.9804 98.7927 96.1665 103.8460 110.6345 100.3195 92.7793 94.1488 78.7909 68.8186 67.8823 80.0000 80.0000 75.4718 75.1532 89.4427 93.2952 100.0000 101.8234 96.3328 91.2140 86.5332 82.3650 75.8947 73.7564 72.4431 72.0000 92.7793 96.1665 98.7927 94.1488 92.0869 92.0869 116.0689 132.2422 140.5133 141.4214 142.7725 144.5545 152.3155 150.6254 149.3452 148.4857 148.0540 140.0571 140.0571 140.5133 141.4214 142.7725 144.5545 140.4564 132.9662 125.5388 118.1863 110.9234 114.6124 107.7033 100.9554 91.2140 86.5332 82.3650 78.7909 75.8947 73.7564 72.4431 25.2982 24.0000 17.0880 25.2982 28.8444 22.6274 30.5287 33.9411 40.0000 41.2311 46.6476 56.5685 62.4820 57.6888 53.6656 60.9262 68.3520 75.8947 83.5225 78.9177 72.0000 72.4431 73.7564 65.9697 64.4981 64.0000 63.1506 55.3173 47.5395 38.8330 27.2029 17.8885 10.0000 8.0000 16.0000 24.0000 32.0000 40.0000 48.0000 44.7214 53.6656 46.6476 35.7771 40.0000 33.9411 28.8444 25.2982 24.0000 25.2982 31.2410 25.6125 17.8885 8.0000
 66: 259.7537 239.3658 230.8246 228.0088 219.2715 211.5467 203.8431 196.1632 188.5099 180.8867 160.1000 158.4929 157.2768 156.4609 156.0513 164.0488 172.4181 181.1077 190.0737 199.2787 207.1521 205.9126 204.9780 204.3526 212.3394 212.0377 204.0392 204.0392 212.0377 236.0339 236.0339 228.3156 236.8459 244.1311 252.0317 252.0317 252.2856 256.7801 264.7565 260.2768 260.0308 260.0308 260.2768 260.7681 261.5033 262.4805 254.5584 253.5508 252.7924 252.2856 236.3049 236.8459 237.6552 238.7300 240.0667 241.6609 243.5077 237.9244 222.6387 215.0349 212.6405 220.3270 218.2842 210.5232 208.6912 216.5179 215.0349 207.1521 205.9126 213.8411 212.9413 212.3394 204.3526 204.9780 196.6520 189.5257 182.8223 176.5899 170.8801 164.4384 162.0864 154.4021 156.8694 159.6997 167.1407 170.1764 162.8742 146.6970 159.5118 147.5669 137.6372 131.2098 124.9640 120.9297 127.6244 116.6190 112.7120 109.2520 106.2826 103.8460 111.5706 118.4567 108.2959 100.7174 101.9804 86.1626 75.4718 73.7564 85.0412 85.0412 80.0000 78.8923 93.2952 97.6524 104.9952 107.6290 102.4500 97.6524 93.2952 89.4427 83.5225 81.5843 80.3990 80.0000 100.7174 103.8460 106.2826 101.9804 100.0800 100.0800 124.0645 140.2284 148.4857 149.3452 150.6254 152.3155 160.1000 158.4929 157.2768 156.4609 156.0513 148.0540 148.0540 148.4857 149.3452 150.6254 152.3155 148.0000 140.4564 132.9662 125.5388 118.1863 121.6553 114.6124 107.7033 97.6524 93.2952 89.4427 86.1626 83.5225 81.5843 80.3990 32.9848 32.0000 24.7386 32.9848 35.7771 28.8444 35.3836 40.0000 45.2548 44.9444 51.2250 62.4820 67.8823 62.4820 57.6888 64.4981 71.5542 78.7909 86.1626 80.5233 72.4431 72.0000 72.4431 64.4981 64.0000 64.4981 65.1460 57.5847 50.1597 41.2311 30.5287 22.6274 17.0880 11.3137 17.8885 25.2982 32.9848 40.7922 48.6621 44.0000 50.5964 43.0813 32.9848 35.7771 28.8444 22.6274 17.8885 16.0000 17.8885 25.6125 21.5407 11.3137
 67: 266.4432 246.0894 237.6552 234.1709 225.1755 217.3661 209.5710 201.7920 194.0309 186.2901 166.3731 165.2150 164.4384 164.0488 164.0488 172.0465 180.0444 188.3826 197.0178 205.9126 213.8411 212.9413 212.3394 212.0377 220.0364 220.0364 212.0377 212.3394 220.3270 244.2949 244.0328 236.0339 244.2949 252.0000 260.2768 260.0308 260.0308 264.2726 272.2646 268.0298 268.0298 268.2685 268.7452 269.4587 270.4071 271.5879 263.6968 262.4805 261.5033 260.7681 244.8183 245.6013 246.6414 247.9355 249.4795 251.2688 253.2982 247.9355 232.7574 225.2110 222.6387 230.2694 228.0351 220.3270 218.2842 226.0619 224.3569 216.5179 215.0349 222.9260 221.7747 220.9072 212.9413 213.8411 205.4069 198.5951 192.2082 186.2901 180.8867 174.6310 172.0465 164.4384 167.1407 170.1764 177.5387 180.7540 173.5281 157.4293 170.4699 158.6443 148.8086 142.4360 136.2351 132.0606 138.6795 127.6244 123.5476 119.8666 116.6190 113.8420 121.4578 128.0625 117.0982 109.8362 111.5706 96.6644 86.5332 85.0412 96.3328 96.3328 91.2140 89.8888 104.3072 108.8118 116.2755 118.9285 113.7014 108.8118 104.3072 100.2397 93.6376 91.2140 89.4427 88.3629 108.0740 109.8362 111.5706 108.6646 108.0740 108.6646 132.5443 148.8624 157.2768 158.4929 160.1000 162.0864 169.7999 167.9047 166.3731 165.2150 164.4384 156.4609 156.0513 156.0513 156.4609 157.2768 158.4929 153.3101 145.6022 137.9275 130.2920 122.7029 125.5388 118.1863 110.9234 100.2397 96.6644 93.6376 91.2140 89.4427 88.3629 88.0000 40.0000 40.7922 34.9285 43.0813 46.6476 40.0000 46.6905 51.2250 56.5685 56.0357 62.4820 73.7564 79.1960 73.7564 68.8186 75.4718 82.3650 89.4427 96.6644 90.4434 81.5843 80.3990 80.0000 72.0000 72.4431 73.7564 75.3923 68.0294 60.8276 51.8845 41.6173 33.9411 27.7849 22.6274 28.8444 35.7771 43.0813 50.5964 58.2409 52.6118 56.5685 48.6621 40.0000 40.7922 32.9848 25.2982 17.8885 11.3137 8.0000 14.4222 12.0000
 68: 265.0887 244.8183 236.5418 232.2154 222.9260 215.0349 207.1521 199.2787 191.4158 183.5647 164.7786 164.1950 164.0000 164.1950 164.7786 172.7426 180.1777 188.0000 196.1632 204.6265 212.6029 212.1509 212.0000 212.1509 220.1454 220.5811 212.6029 213.3542 221.3052 245.1775 244.5240 236.1356 244.0000 252.2856 261.1053 260.4918 260.1230 264.0000 272.0000 268.1194 268.4772 269.0725 269.9037 270.9686 272.2646 273.7882 265.9624 264.3936 263.0589 261.9618 246.0894 247.2570 248.6765 250.3438 252.2538 254.4013 256.7801 251.8730 236.9473 229.5387 226.5921 234.0940 231.4822 223.8928 221.4498 229.1201 227.0154 219.2715 217.3661 225.1755 223.6068 222.3151 214.4015 215.7406 207.1521 200.8781 195.0590 189.7367 184.9540 179.1089 176.0454 168.6179 171.8139 175.3169 182.4719 186.1182 179.1089 163.2667 176.9633 165.6019 156.2050 150.1466 144.2775 139.3126 145.6022 134.4024 129.7998 125.5388 121.6553 118.1863 125.5388 131.5751 119.3315 112.6410 115.1694 102.2155 93.7230 93.3809 105.6030 105.6030 100.9554 100.2397 114.6124 118.7266 125.6025 127.3106 121.6553 116.2755 111.2115 106.5082 98.3870 95.0789 92.3472 90.2441 108.2959 108.2959 109.1788 108.0000 109.1788 110.6345 134.1641 150.6254 159.2482 161.0466 163.2176 165.7468 173.2974 170.8801 168.8076 167.0928 165.7468 157.8354 156.8184 156.2050 156.0000 156.2050 156.8184 150.6254 142.7725 134.9370 127.1220 119.3315 121.4578 113.8420 106.2826 95.0789 92.3472 90.2441 88.8144 88.0909 88.0909 88.8144 41.7612 44.7214 41.2311 48.8262 53.8145 48.1664 56.0357 59.4643 65.6049 66.2420 72.1110 82.0731 88.0909 83.2346 78.8923 85.8836 93.0376 100.3195 107.7033 101.9215 93.3809 92.3472 92.0000 84.0000 84.3801 85.5102 86.6487 79.1202 71.6938 62.7694 51.8845 43.2666 35.3836 32.2490 39.3954 46.8188 54.4059 62.0967 69.8570 64.4981 68.4690 60.5310 52.0000 52.6118 44.7214 36.8782 29.1204 21.5407 14.4222 8.0000
 69: 273.0568 252.7924 244.5240 240.1416 230.8246 222.9260 215.0349 207.1521 199.2787 191.4158 172.7426 172.1859 172.0000 172.1859 172.7426 180.7097 188.1701 196.0000 204.1568 212.6029 220.5811 220.1454 220.0000 220.1454 228.1403 228.5607 220.5811 221.3052 229.2597 253.1403 252.5074 244.1311 252.0000 260.2768 269.0725 268.4772 268.1194 272.0000 280.0000 276.1159 276.4634 277.0415 277.8489 278.8835 280.1428 281.6239 273.7882 272.2646 270.9686 269.9037 254.0236 255.1549 256.5307 258.1472 260.0000 262.0840 264.3936 259.3839 244.3931 236.9473 234.0940 241.6278 239.0983 231.4822 229.1201 236.8122 234.7765 227.0154 225.1755 232.9979 231.4822 230.2347 222.3151 223.6068 215.0349 208.6912 202.7807 197.3423 192.4162 186.4618 183.5211 176.0454 179.1089 182.4719 189.6945 193.2046 186.1182 170.1764 183.6192 172.0465 162.4315 156.2050 150.1466 145.6022 152.0526 140.9113 136.5284 132.4840 128.8099 125.5388 132.9662 139.1402 127.1220 120.3329 122.7029 109.1788 100.0000 99.0353 110.6345 110.6345 105.6030 104.3072 118.7266 123.2234 130.5986 132.9662 127.5617 122.4418 117.6435 113.2078 105.6030 102.5280 100.0000 98.0612 116.2755 116.2755 117.0982 116.0000 117.0982 118.4567 142.0422 158.4929 167.0928 168.8076 170.8801 173.2974 180.8867 178.5721 176.5899 174.9514 173.6663 165.7468 164.7786 164.1950 164.0000 164.1950 164.7786 158.4929 150.6254 142.7725 134.9370 127.1220 129.1201 121.4578 113.8420 102.5280 100.0000 98.0612 96.7471 96.0833 96.0833 96.7471 49.4773 52.0000 47.7074 55.5698 60.0000 53.8145 60.9590 65.1153 70.7672 70.4557 76.8375 87.7268 93.3809 88.0909 83.2346 89.8888 96.7471 103.7690 110.9234 104.4031 95.0789 93.3809 92.3472 84.3801 85.5102 87.3613 89.5545 82.2922 75.1798 66.2420 56.0357 48.1664 41.2311 36.8782 43.2666 50.1199 57.2713 64.6220 72.1110 65.9697 68.0000 60.0000 52.6118 52.0000 44.0000 36.0000 28.0000 20.0000 12.0000
 70: 274.3720 254.0236 245.6013 242.0331 232.9979 225.1755 217.3661 209.5710 201.7920 194.0309 174.2642 173.1589 172.4181 172.0465 172.0465 180.0444 188.0425 196.3670 204.9780 213.8411 221.7747 220.9072 220.3270 220.0364 228.0351 228.0351 220.0364 220.3270 228.3156 252.2856 252.0317 244.0328 252.2856 260.0000 268.2685 268.0298 268.0298 272.2646 280.2570 276.0290 276.0290 276.2607 276.7237 277.4167 278.3379 279.4852 271.5879 270.4071 269.4587 268.7452 252.7924 253.5508 254.5584 255.8124 257.3092 259.0444 261.0134 255.5621 240.3331 232.7574 230.2694 237.9244 235.7626 228.0351 226.0619 233.8547 232.2068 224.3569 222.9260 230.8246 229.7129 228.8755 220.9072 221.7747 213.3542 206.4946 200.0400 194.0309 188.5099 182.1648 179.6886 172.0465 174.6310 177.5387 184.9540 188.0425 180.7540 164.5843 177.3697 165.3602 155.3319 148.8086 142.4360 138.6795 145.4373 134.4619 130.5986 127.1220 124.0645 121.4578 129.1201 135.8234 125.0280 117.7115 119.3315 104.0000 93.2952 91.2140 101.8234 101.8234 96.3328 94.4034 108.8118 113.7014 121.6553 124.9640 120.0000 115.3776 111.1396 107.3313 101.1929 98.9545 97.3242 96.3328 116.0689 117.7115 119.3315 116.6190 116.0689 116.6190 140.5133 156.8184 165.2150 166.3731 167.9047 169.7999 177.5387 175.7271 174.2642 173.1589 172.4181 164.4384 164.0488 164.0488 164.4384 165.2150 166.3731 161.0466 153.3101 145.6022 137.9275 130.2920 132.9662 125.5388 118.1863 107.3313 104.0000 101.1929 98.9545 97.3242 96.3328 96.0000 48.0000 48.6621 42.3792 50.5964 53.6656 46.6476 52.4976 57.6888 62.4820 60.9590 67.8823 80.0000 85.0412 79.1960 73.7564 80.0000 86.5332 93.2952 100.2397 93.2309 83.5225 81.5843 80.3990 72.4431 73.7564 75.8947 78.7147 71.6938 64.8999 56.0357 46.6905 40.0000 34.9285 28.8444 33.9411 40.0000 46.6476 53.6656 60.9262 54.4059 56.0000 48.0000 40.7922 40.0000 32.0000 24.0000 16.0000 8.0000
 71: 275.5358 255.1549 246.6414 243.6144 234.7765 227.0154 219.2715 211.5467 203.8431 196.1632 175.7271 174.2642 173.1589 172.4181 172.0465 180.0444 188.3826 197.0178 205.9126 215.0349 222.9260 221.7747 220.9072 220.3270 228.3156 228.0351 220.0364 220.0364 228.0351 252.0317 252.0317 244.2949 252.7924 260.1230 268.0298 268.0298 268.2685 272.7343 280.7134 276.2607 276.0290 276.0290 276.2607 276.7237 277.4167 278.3379 270.4071 269.4587 268.7452 268.2685 252.2856 252.7924 253.5508 254.5584 255.8124 257.3092 259.0444 253.2982 237.9244 230.2694 228.0351 235.7626 233.8547 226.0619 224.3569 232.2068 230.8246 222.9260 221.7747 229.7129 228.8755 228.3156 220.3270 220.9072 212.6029 205.4069 198.5951 192.2082 186.2901 179.6886 177.5387 169.7999 172.0465 174.6310 182.1648 184.9540 177.5387 161.2452 173.5396 161.2452 150.9437 144.2221 137.6372 134.4619 141.4214 130.5986 127.1220 124.0645 121.4578 119.3315 127.1220 134.1641 124.2578 116.6190 117.7115 101.1929 89.4427 86.5332 96.3328 96.3328 90.5097 88.0909 102.4500 107.6290 116.0000 120.0000 115.3776 111.1396 107.3313 104.0000 98.9545 97.3242 96.3328 96.0000 116.6190 119.3315 121.4578 117.7115 116.0689 116.0689 140.0571 156.2050 164.4384 165.2150 166.3731 167.9047 175.7271 174.2642 173.1589 172.4181 172.0465 164.0488 164.0488 164.4384 165.2150 166.3731 167.9047 163.2176 155.5892 148.0000 140.4564 132.9662 136.0588 128.8099 121.6553 111.1396 107.3313 104.0000 101.1929 98.9545 97.3242 96.3328 48.6621 48.0000 40.4475 48.6621 50.5964 43.0813 47.7074 53.6656 57.6888 55.1725 62.4820 75.4718 80.0000 73.7564 67.8823 73.7564 80.0000 86.5332 93.2952 85.9069 75.8947 73.7564 72.4431 64.4981 65.9697 68.3520 71.6938 64.8999 58.4123 49.6790 41.2311 35.7771 32.5576 25.2982 28.8444 33.9411 40.0000 46.6476 53.6656 46.8188 48.0000 40.0000 32.9848 32.0000 24.0000 16.0000 8.0000
 72: 276.9260 256.5307 247.9355 245.4465 236.8122 229.1201 221.4498 213.8036 206.1844 198.5951 177.5387 175.7271 174.2642 173.1589 172.4181 180.3996 189.0608 197.9899 207.1521 216.5179 224.3569 222.9260 221.7747 220.9072 228.8755 228.3156 220.3270 220.0364 228.0351 252.0317 252.2856 244.8183 253.5508 260.4918 268.0298 268.2685 268.7452 273.4374 281.3965 276.7237 276.2607 276.0290 276.0290 276.2607 276.7237 277.4167 269.4587 268.7452 268.2685 268.0298 252.0317 252.2856 252.7924 253.5508 254.5584 255.8124 257.3092 251.2688 235.7626 228.0351 226.0619 233.8547 232.2068 224.3569 222.9260 230.8246 229.7129 221.7747 220.9072 228.8755 228.3156 228.0351 220.0364 220.3270 212.1509 204.6265 197.4639 190.7040 184.3909 177.5387 175.7271 167.9047 169.7999 172.0465 179.6886 182.1648 174.6310 158.2403 170.0000 157.4293 146.8605 139.9428 133.1465 130.5986 137.7534 127.1220 124.0645 121.4578 119.3315 117.7115 125.6025 132.9662 124.0000 116.0689 116.6190 98.9545 86.1626 82.3650 91.2140 91.2140 85.0412 82.0731 96.3328 101.8234 110.6345 115.3776 111.1396 107.3313 104.0000 101.1929 97.3242 96.3328 96.0000 96.3328 117.7115 121.4578 124.0645 119.3315 116.6190 116.0689 140.0571 156.0000 164.0488 164.4384 165.2150 166.3731 174.2642 173.1589 172.4181 172.0465 172.0465 164.0488 164.4384 165.2150 166.3731 167.9047 169.7999 165.7468 158.2403 150.7846 143.3876 136.0588 139.5421 132.4840 125.5388 115.3776 111.1396 107.3313 104.0000 101.1929 98.9545 97.3242 50.5964 48.6621 40.0500 48.0000 48.6621 40.7922 43.8634 50.5964 53.6656 50.0000 57.6888 71.5542 75.4718 68.8186 62.4820 67.8823 73.7564 80.0000 86.5332 78.7147 68.3520 65.9697 64.4981 56.5685 58.2409 60.9262 64.8999 58.4123 52.3450 43.8634 36.7151 32.9848 32.0624 24.0000 25.2982 28.8444 33.9411 40.0000 46.6476 39.3954 40.0000 32.0000 25.2982 24.0000 16.0000 8.0000
 73: 278.5390 258.1472 249.4795 247.5237 239.0983 231.4822 223.8928 216.3331 208.8061 201.3157 179.6886 177.5387 175.7271 174.2642 173.1589 181.1077 190.0737 199.2787 208.6912 218.2842 226.0619 224.3569 222.9260 221.7747 229.7129 228.8755 220.9072 220.3270 228.3156 252.2856 252.7924 245.6013 254.5584 261.1053 268.2685 268.7452 269.4587 274.3720 282.3048 277.4167 276.7237 276.2607 276.0290 276.0290 276.2607 276.7237 268.7452 268.2685 268.0298 268.0298 252.0317 252.0317 252.2856 252.7924 253.5508 254.5584 255.8124 249.4795 233.8547 226.0619 224.3569 232.2068 230.8246 222.9260 221.7747 229.7129 228.8755 220.9072 220.3270 228.3156 228.0351 228.0351 220.0364 220.0364 212.0000 204.1568 196.6520 189.5257 182.8223 175.7271 174.2642 166.3731 167.9047 169.7999 177.5387 179.6886 172.0465 155.5892 166.7693 153.9351 143.1084 136.0000 128.9961 127.1220 134.4619 124.0645 121.4578 119.3315 117.7115 116.6190 124.5793 132.2422 124.2578 116.0689 116.0689 97.3242 83.5225 78.7909 86.5332 86.5332 80.0000 76.4199 90.5097 96.3328 105.6030 111.1396 107.3313 104.0000 101.1929 98.9545 96.3328 96.0000 96.3328 97.3242 119.3315 124.0645 127.1220 121.4578 117.7115 116.6190 140.5133 156.2050 164.0488 164.0488 164.4384 165.2150 173.1589 172.4181 172.0465 172.0465 172.4181 164.4384 165.2150 166.3731 167.9047 169.7999 172.0465 168.6179 161.2452 153.9351 146.6970 139.5421 143.3876 136.5284 129.7998 120.0000 115.3776 111.1396 107.3313 104.0000 101.1929 98.9545 53.6656 50.5964 41.2311 48.6621 48.0000 40.0000 41.2311 48.6621 50.5964 45.6508 53.6656 68.3520 71.5542 64.4981 57.6888 62.4820 67.8823 73.7564 80.0000 71.6938 60.9262 58.2409 56.5685 48.6621 50.5964 53.6656 58.4123 52.3450 46.8615 38.8330 33.5261 32.0000 33.5261 25.2982 24.0000 25.2982 28.8444 33.9411 40.0000 32.2490 32.0000 24.0000 17.8885 16.0000 8.0000
 74: 280.3712 260.0000 251.2688 249.8399 241.6278 234.0940 226.5921 219.1255 211.6979 204.3135 182.1648 179.6886 177.5387 175.7271 174.2642 182.1648 191.4158 200.8781 210.5232 220.3270 228.0351 226.0619 224.3569 222.9260 230.8246 229.7129 221.7747 220.9072 228.8755 252.7924 253.5508 246.6414 255.8124 261.9618 268.7452 269.4587 270.4071 275.5358 283.4361 278.3379 277.4167 276.7237 276.2607 276.0290 276.0290 276.2607 268.2685 268.0298 268.0298 268.2685 252.2856 252.0317 252.0317 252.2856 252.7924 253.5508 254.5584 247.9355 232.2068 224.3569 222.9260 230.8246 229.7129 221.7747 220.9072 228.8755 228.3156 220.3270 220.0364 228.0351 228.0351 228.3156 220.3270 220.0364 212.1509 204.0000 196.1632 188.6796 181.5930 174.2642 173.1589 165.2150 166.3731 167.9047 175.7271 177.5387 169.7999 153.3101 163.8658 150.7846 139.7140 132.4236 125.2198 124.0645 131.5751 121.4578 119.3315 117.7115 116.6190 116.0689 124.0645 132.0000 125.0280 116.6190 116.0689 96.3328 81.5843 75.8947 82.3650 82.3650 75.4718 71.2180 85.0412 91.2140 100.9554 107.3313 104.0000 101.1929 98.9545 97.3242 96.0000 96.3328 97.3242 98.9545 121.4578 127.1220 130.5986 124.0645 119.3315 117.7115 141.4214 156.8184 164.4384 164.0488 164.0488 164.4384 172.4181 172.0465 172.0465 172.4181 173.1589 165.2150 166.3731 167.9047 169.7999 172.0465 174.6310 171.8139 164.5843 157.4293 150.3596 143.3876 147.5669 140.9113 134.4024 124.9640 120.0000 115.3776 111.1396 107.3313 104.0000 101.1929 57.6888 53.6656 43.8634 50.5964 48.6621 40.7922 40.0500 48.0000 48.6621 42.3792 50.5964 65.9697 68.3520 60.9262 53.6656 57.6888 62.4820 67.8823 73.7564 64.8999 53.6656 50.5964 48.6621 40.7922 43.0813 46.6476 52.3450 46.8615 42.1900 34.9285 32.0624 32.9848 36.7151 28.8444 25.2982 24.0000 25.2982 28.8444 33.9411 25.6125 24.0000 16.0000 11.3137 8.0000
 75: 282.4181 262.0840 253.2982 252.3886 244.3931 236.9473 229.5387 222.1711 214.8488 207.5765 184.9540 182.1648 179.6886 177.5387 175.7271 183.5647 193.0803 202.7807 212.6405 222.6387 230.2694 228.0351 226.0619 224.3569 232.2068 230.8246 222.9260 221.7747 229.7129 253.5508 254.5584 247.9355 257.3092 263.0589 269.4587 270.4071 271.5879 276.9260 284.7876 279.4852 278.3379 277.4167 276.7237 276.2607 276.0290 276.0290 268.0298 268.0298 268.2685 268.7452 252.7924 252.2856 252.0317 252.0317 252.2856 252.7924 253.5508 246.6414 230.8246 222.9260 221.7747 229.7129 228.8755 220.9072 220.3270 228.3156 228.0351 220.0364 220.0364 228.0351 228.3156 228.8755 220.9072 220.3270 212.6029 204.1568 196.0000 188.1701 180.7097 173.1589 172.4181 164.4384 165.2150 166.3731 174.2642 175.7271 167.9047 151.4199 161.3072 148.0000 136.7041 129.2440 121.8524 121.4578 129.1201 119.3315 117.7115 116.6190 116.0689 116.0689 124.0645 132.2422 126.3012 117.7115 116.6190 96.0000 80.3990 73.7564 78.7909 78.7909 71.5542 66.5733 80.0000 86.5332 96.7471 104.0000 101.1929 98.9545 97.3242 96.3328 96.3328 97.3242 98.9545 101.1929 124.0645 130.5986 134.4619 127.1220 121.4578 119.3315 142.7725 157.8354 165.2150 164.4384 164.0488 164.0488 172.0465 172.0465 172.4181 173.1589 174.2642 166.3731 167.9047 169.7999 172.0465 174.6310 177.5387 175.3169 168.2379 161.2452 154.3503 147.5669 152.0526 145.6022 139.3126 130.2306 124.9640 120.0000 115.3776 111.1396 107.3313 104.0000 62.4820 57.6888 47.7074 53.6656 50.5964 43.0813 40.4475 48.6621 48.0000 40.4475 48.6621 64.4981 65.9697 58.2409 50.5964 53.6656 57.6888 62.4820 67.8823 58.4123 46.6476 43.0813 40.7922 32.9848 35.7771 40.0000 46.8615 42.1900 38.6264 32.5576 32.5576 35.7771 41.2311 33.9411 28.8444 25.2982 24.0000 25.2982 28.8444 20.0000 16.0000 8.0000 8.0000
 76: 274.7217 254.4013 245.6013 244.8591 236.9473 229.5387 222.1711 214.8488 207.5765 200.3597 177.5387 174.6310 172.0465 169.7999 167.9047 175.7271 185.2998 195.0590 204.9780 215.0349 222.6387 220.3270 218.2842 216.5179 224.3569 222.9260 215.0349 213.8411 221.7747 245.6013 246.6414 240.0667 249.4795 255.1549 261.5033 262.4805 263.6968 269.0725 276.9260 271.5879 270.4071 269.4587 268.7452 268.2685 268.0298 268.0298 260.0308 260.0308 260.2768 260.7681 244.8183 244.2949 244.0328 244.0328 244.2949 244.8183 245.6013 238.7300 222.9260 215.0349 213.8411 221.7747 220.9072 212.9413 212.3394 220.3270 220.0364 212.0377 212.0377 220.0364 220.3270 220.9072 212.9413 212.3394 204.6265 196.1632 188.0000 180.1777 172.7426 165.2150 164.4384 156.4609 157.2768 158.4929 166.3731 167.9047 160.1000 143.6106 153.6880 140.4564 129.2440 121.8524 114.5426 113.8420 121.4578 111.5706 109.8362 108.6646 108.0740 108.0740 116.0689 124.2578 118.4567 109.8362 108.6646 88.0000 72.4431 65.9697 71.5542 71.5542 64.4981 60.0000 73.7564 80.0000 89.8888 96.6644 93.6376 91.2140 89.4427 88.3629 88.3629 89.4427 91.2140 93.6376 116.6190 123.5476 127.6244 119.8666 113.8420 111.5706 134.9370 149.9333 157.2768 156.4609 156.0513 156.0513 164.0488 164.0488 164.4384 165.2150 166.3731 158.4929 160.1000 162.0864 164.4384 167.1407 170.1764 168.2379 161.2452 154.3503 147.5669 140.9113 145.6022 139.3126 133.2066 124.4508 118.9285 113.7014 108.8118 104.3072 100.2397 96.6644 56.5685 51.2250 41.2311 46.6476 43.0813 35.7771 32.5576 40.7922 40.0000 32.5576 40.7922 56.5685 58.2409 50.5964 43.0813 46.6476 51.2250 56.5685 62.4820 53.8516 43.0813 40.7922 40.0000 32.0000 32.9848 35.7771 41.0366 35.6090 31.3050 24.7386 24.7386 28.8444 35.3836 28.8444 22.6274 17.8885 16.0000 17.8885 22.6274 14.4222 17.8885 11.3137
 77: 284.6753 264.3936 255.5621 255.1627 247.3863 240.0333 232.7230 225.4595 218.2476 211.0924 188.0425 184.9540 182.1648 179.6886 177.5387 185.2998 195.0590 204.9780 215.0349 225.2110 232.7574 230.2694 228.0351 226.0619 233.8547 232.2068 224.3569 222.9260 230.8246 254.5584 255.8124 249.4795 259.0444 264.3936 270.4071 271.5879 272.9982 278.5390 286.3564 280.8558 279.4852 278.3379 277.4167 276.7237 276.2607 276.0290 268.0298 268.2685 268.7452 269.4587 253.5508 252.7924 252.2856 252.0317 252.0317 252.2856 252.7924 245.6013 229.7129 221.7747 220.9072 228.8755 228.3156 220.3270 220.0364 228.0351 228.0351 220.0364 220.3270 228.3156 228.8755 229.7129 221.7747 220.9072 213.3542 204.6265 196.1632 188.0000 180.1777 172.4181 172.0465 164.0488 164.4384 165.2150 173.1589 174.2642 166.3731 149.9333 159.1100 145.6022 134.1044 126.4911 118.9285 119.3315 127.1220 117.7115 116.6190 116.0689 116.0689 116.6190 124.5793 132.9662 128.0625 119.3315 117.7115 96.3328 80.0000 72.4431 75.8947 75.8947 68.3520 62.6099 75.4718 82.3650 93.0376 101.1929 98.9545 97.3242 96.3328 96.0000 97.3242 98.9545 101.1929 104.0000 127.1220 134.4619 138.6795 130.5986 124.0645 121.4578 144.5545 159.2482 166.3731 165.2150 164.4384 164.0488 172.0465 172.4181 173.1589 174.2642 175.7271 167.9047 169.7999 172.0465 174.6310 177.5387 180.7540 179.1089 172.1859 165.3602 158.6443 152.0526 156.8184 150.5722 144.4991 135.7645 130.2306 124.9640 120.0000 115.3776 111.1396 107.3313 67.8823 62.4820 52.4976 57.6888 53.6656 46.6476 42.3792 50.5964 48.6621 40.0500 48.0000 64.0000 64.4981 56.5685 48.6621 50.5964 53.6656 57.6888 62.4820 52.3450 40.0000 35.7771 32.9848 25.2982 28.8444 33.9411 42.1900 38.6264 36.4966 32.0624 34.9285 40.0000 46.6905 40.0000 33.9411 28.8444 25.2982 24.0000 25.2982 16.4924 8.0000
 78: 287.1376 266.9232 258.0543 258.1550 250.5993 243.3434 236.1356 228.9803 221.8829 214.8488 191.4158 188.0425 184.9540 182.1648 179.6886 187.3606 197.3423 207.4608 217.6970 228.0351 235.4910 232.7574 230.2694 228.0351 235.7626 233.8547 226.0619 224.3569 232.2068 255.8124 257.3092 251.2688 261.0134 265.9624 271.5879 272.9982 274.6343 280.3712 288.1389 282.4465 280.8558 279.4852 278.3379 277.4167 276.7237 276.2607 268.2685 268.7452 269.4587 270.4071 254.5584 253.5508 252.7924 252.2856 252.0317 252.0317 252.2856 244.8183 228.8755 220.9072 220.3270 228.3156 228.0351 220.0364 220.0364 228.0351 228.3156 220.3270 220.9072 228.8755 229.7129 230.8246 222.9260 221.7747 214.4015 205.4069 196.6520 188.1701 180.0000 172.0465 172.0465 164.0488 164.0488 164.4384 172.4181 173.1589 165.2150 148.8624 157.2895 143.6106 131.9394 124.1934 116.4818 117.7115 125.6025 116.6190 116.0689 116.0689 116.6190 117.7115 125.6025 134.1641 130.2920 121.4578 119.3315 97.3242 80.3990 72.0000 73.7564 73.7564 65.9697 59.4643 71.5542 78.7909 89.8888 98.9545 97.3242 96.3328 96.0000 96.3328 98.9545 101.1929 104.0000 107.3313 130.5986 138.6795 143.2201 134.4619 127.1220 124.0645 146.7515 161.0466 167.9047 166.3731 165.2150 164.4384 172.4181 173.1589 174.2642 175.7271 177.5387 169.7999 172.0465 174.6310 177.5387 180.7540 184.2607 183.1721 176.4086 169.7528 163.2176 156.8184 161.8394 155.7947 149.9333 141.5344 135.7645 130.2306 124.9640 120.0000 115.3776 111.1396 73.7564 67.8823 58.0000 62.4820 57.6888 51.2250 45.6508 53.6656 50.5964 41.2311 48.6621 64.4981 64.0000 56.0000 48.0000 48.6621 50.5964 53.6656 57.6888 46.8615 33.9411 28.8444 25.2982 17.8885 22.6274 28.8444 38.6264 36.4966 36.0555 33.5261 38.8330 45.2548 52.8015 46.6476 40.0000 33.9411 28.8444 25.2982 24.0000 16.4924
 79: 270.7028 250.5035 241.6278 241.8677 234.4014 227.1915 220.0364 212.9413 205.9126 198.9573 175.3169 171.8139 168.6179 165.7468 163.2176 170.8801 180.8867 191.0393 201.3157 211.6979 219.1255 216.3331 213.8036 211.5467 219.2715 217.3661 209.5710 207.8846 215.7406 239.3658 240.8319 234.7765 244.5240 249.4795 255.1549 256.5307 258.1472 263.8788 271.6468 265.9624 264.3936 263.0589 261.9618 261.1053 260.4918 260.1230 252.1270 252.5074 253.1403 254.0236 238.1596 237.2172 236.5418 236.1356 236.0000 236.1356 236.5418 229.2597 213.3542 205.4069 204.6265 212.6029 212.1509 204.1568 204.0000 212.0000 212.1509 204.1568 204.6265 212.6029 213.3542 214.4015 206.4946 205.4069 197.9899 189.0608 180.3996 172.0465 164.0488 156.2050 156.0000 148.0000 148.2161 148.8624 156.8184 157.8354 149.9333 133.5066 142.6184 129.1201 117.6435 110.0545 102.5280 102.8397 110.6345 101.2719 100.3195 100.0000 100.3195 101.2719 109.1788 117.7115 113.8420 104.9952 102.8397 80.8950 64.1249 56.1427 59.4643 59.4643 52.0000 46.6476 60.0000 66.5733 76.9415 84.7585 82.4621 80.8950 80.0999 80.0999 82.4621 84.7585 87.7268 91.3017 114.6124 123.2234 128.0625 118.7266 110.9234 107.7033 130.2920 144.5545 151.4199 149.9333 148.8624 148.2161 156.2050 156.8184 157.8354 159.2482 161.0466 153.3101 155.5892 158.2403 161.2452 164.5843 168.2379 167.5231 160.8975 154.4021 148.0540 141.8732 147.1870 141.4214 135.8823 128.0625 121.9180 116.0000 110.3449 104.9952 100.0000 95.4149 61.0574 54.4059 44.9444 48.1664 42.5206 36.8782 30.0000 37.7359 34.1760 24.7386 32.2490 48.1664 48.1664 40.1995 32.2490 34.1760 37.7359 42.5206 48.1664 39.4462 29.1204 28.0000 29.1204 21.5407 20.0000 21.5407 26.9072 22.3607 20.0998 17.0880 24.0832 32.2490 41.2311 36.8782 29.1204 21.5407 14.4222 8.9443 8.9443
 80: 264.5146 244.3931 235.4910 236.2118 228.9803 221.8829 214.8488 207.8846 200.9975 194.1958 170.1764 166.3731 162.8742 159.6997 156.8694 164.4384 174.6310 184.9540 195.3868 205.9126 213.2416 210.2189 207.4608 204.9780 212.6405 210.5232 202.7807 200.8781 208.6912 232.2068 233.8547 228.0351 237.9244 242.5531 247.9355 249.4795 251.2688 257.1537 264.8773 259.0444 257.3092 255.8124 254.5584 253.5508 252.7924 252.2856 244.2949 244.8183 245.6013 246.6414 230.8246 229.7129 228.8755 228.3156 228.0351 228.0351 228.3156 220.9072 204.9780 197.0178 196.3670 204.3526 204.0392 196.0408 196.0408 204.0392 204.3526 196.3670 197.0178 204.9780 205.9126 207.1521 199.2787 197.9899 190.7040 181.5930 172.7426 164.1950 156.0000 148.0540 148.0540 140.0571 140.0571 140.5133 148.4857 149.3452 141.4214 125.0280 133.8805 120.3329 108.8118 101.1929 93.6376 94.1488 101.9804 92.7793 92.0869 92.0869 92.7793 94.1488 101.9804 110.6345 107.7033 98.7927 96.1665 73.7564 56.5685 48.0000 50.5964 50.5964 43.0813 37.7359 51.2250 57.6888 68.0000 75.8947 73.7564 72.4431 72.0000 72.4431 75.8947 78.7909 82.3650 86.5332 109.8362 119.3315 124.5793 114.4028 105.6788 101.9804 124.0645 137.9275 144.5545 142.7725 141.4214 140.5133 148.4857 149.3452 150.6254 152.3155 154.4021 146.7515 149.3452 152.3155 155.6406 159.2985 163.2667 163.2176 156.8184 150.5722 144.4991 138.6218 144.2775 138.8524 133.6862 126.4911 120.0000 113.7014 107.6290 101.8234 96.3328 91.2140 60.9262 53.6656 44.9444 46.6476 40.0000 35.7771 27.2029 33.9411 28.8444 18.8680 25.2982 40.7922 40.0000 32.0000 24.0000 25.2982 28.8444 33.9411 40.0000 32.3110 24.0000 25.2982 28.8444 22.6274 17.8885 16.0000 18.4391 13.4164 12.1655 12.8062 23.4094 32.9848 42.7551 40.0000 32.0000 24.0000 16.0000 8.0000
 81: 261.8396 241.6278 232.7574 232.9378 225.4595 218.2476 211.0924 204.0000 196.9772 190.0316 166.3731 162.8742 159.6997 156.8694 154.4021 162.0864 172.0465 182.1648 192.4162 202.7807 210.2189 207.4608 204.9780 202.7807 210.5232 208.6912 200.8781 199.2787 207.1521 230.8246 232.2068 226.0619 235.7626 240.8319 246.6414 247.9355 249.4795 255.1549 262.9373 257.3092 255.8124 254.5584 253.5508 252.7924 252.2856 252.0317 244.0328 244.2949 244.8183 245.6013 229.7129 228.8755 228.3156 228.0351 228.0351 228.3156 228.8755 221.7747 205.9126 197.9899 197.0178 204.9780 204.3526 196.3670 196.0408 204.0392 204.0392 196.0408 196.3670 204.3526 204.9780 205.9126 197.9899 197.0178 189.5257 180.7097 172.1859 164.0000 156.2050 148.4857 148.0540 140.0571 140.5133 141.4214 149.3452 150.6254 142.7725 126.3012 136.0147 122.7029 111.4271 104.0000 96.6644 96.1665 103.8460 94.1488 92.7793 92.0869 92.0869 92.7793 100.7174 109.1788 104.9952 96.1665 94.1488 72.4431 56.0000 48.6621 53.6656 53.6656 46.6476 42.5206 56.5685 62.4820 72.1110 78.7909 75.8947 73.7564 72.4431 72.0000 73.7564 75.8947 78.7909 82.3650 105.6788 114.4028 119.3315 109.8362 101.9804 98.7927 121.4578 135.8234 142.7725 141.4214 140.5133 140.0571 148.0540 148.4857 149.3452 150.6254 152.3155 144.5545 146.7515 149.3452 152.3155 155.6406 159.2985 158.6443 152.0526 145.6022 139.3126 133.2066 138.6218 132.9662 127.5617 120.0000 113.7014 107.6290 101.8234 96.3328 91.2140 86.5332 53.6656 46.6476 37.5766 40.0000 33.9411 28.8444 21.2603 28.8444 25.2982 16.1245 24.0000 40.0000 40.7922 32.9848 25.2982 28.8444 33.9411 40.0000 46.6476 39.8497 32.0000 32.9848 35.7771 28.8444 25.2982 24.0000 25.0599 18.4391 13.4164 8.2462 16.1245 25.2982 34.9285 32.0000 24.0000 16.0000 8.0000
 82: 259.3839 239.0983 230.2694 229.8956 222.1711 214.8488 207.5765 200.3597 193.2046 186.1182 162.8742 159.6997 156.8694 154.4021 152.3155 160.1000 169.7999 179.6886 189.7367 199.9200 207.4608 204.9780 202.7807 200.8781 208.6912 207.1521 199.2787 197.9899 205.9126 229.7129 230.8246 224.3569 233.8547 239.3658 245.6013 246.6414 247.9355 253.3930 261.2279 255.8124 254.5584 253.5508 252.7924 252.2856 252.0317 252.0317 244.0328 244.0328 244.2949 244.8183 228.8755 228.3156 228.0351 228.0351 228.3156 228.8755 229.7129 222.9260 207.1521 199.2787 197.9899 205.9126 204.9780 197.0178 196.3670 204.3526 204.0392 196.0408 196.0408 204.0392 204.3526 204.9780 197.0178 196.3670 188.6796 180.1777 172.0000 164.1950 156.8184 149.3452 148.4857 140.5133 141.4214 142.7725 150.6254 152.3155 144.5545 128.0625 138.5785 125.5388 114.5426 107.3313 100.2397 98.7927 106.2826 96.1665 94.1488 92.7793 92.0869 92.0869 100.0800 108.2959 102.8397 94.1488 92.7793 72.0000 56.5685 50.5964 57.6888 57.6888 51.2250 48.1664 62.4820 67.8823 76.8375 82.3650 78.7909 75.8947 73.7564 72.4431 72.4431 73.7564 75.8947 78.7909 101.9804 109.8362 114.4028 105.6788 98.7927 96.1665 119.3315 134.1641 141.4214 140.5133 140.0571 140.0571 148.0540 148.0540 148.4857 149.3452 150.6254 142.7725 144.5545 146.7515 149.3452 152.3155 155.6406 154.3503 147.5669 140.9113 134.4024 128.0625 133.2066 127.3106 121.6553 113.7014 107.6290 101.8234 96.3328 91.2140 86.5332 82.3650 46.6476 40.0000 30.5287 33.9411 28.8444 22.6274 17.0880 25.2982 24.0000 17.0880 25.2982 40.7922 43.0813 35.7771 28.8444 33.9411 40.0000 46.6476 53.6656 47.5395 40.0000 40.7922 43.0813 35.7771 32.9848 32.0000 32.3110 25.0599 18.4391 10.0000 10.0000 17.8885 27.2029 24.0000 16.0000 8.0000
 83: 257.1537 236.8122 228.0351 227.0947 219.1255 211.6979 204.3135 196.9772 189.6945 182.4719 159.6997 156.8694 154.4021 152.3155 150.6254 158.4929 167.9047 177.5387 187.3606 197.3423 204.9780 202.7807 200.8781 199.2787 207.1521 205.9126 197.9899 197.0178 204.9780 228.8755 229.7129 222.9260 232.2068 238.1596 244.8183 245.6013 246.6414 251.8730 259.7537 254.5584 253.5508 252.7924 252.2856 252.0317 252.0317 252.2856 244.2949 244.0328 244.0328 244.2949 228.3156 228.0351 228.0351 228.3156 228.8755 229.7129 230.8246 224.3569 208.6912 200.8781 199.2787 207.1521 205.9126 197.9899 197.0178 204.9780 204.3526 196.3670 196.0408 204.0392 204.0392 204.3526 196.3670 196.0408 188.1701 180.0000 172.1859 164.7786 157.8354 150.6254 149.3452 141.4214 142.7725 144.5545 152.3155 154.4021 146.7515 130.2920 141.5486 128.8099 118.1186 111.1396 104.3072 101.9804 109.2520 98.7927 96.1665 94.1488 92.7793 92.0869 100.0800 108.0000 101.2719 92.7793 92.0869 72.4431 58.2409 53.6656 62.4820 62.4820 56.5685 54.4059 68.8186 73.7564 82.0731 86.5332 82.3650 78.7909 75.8947 73.7564 72.0000 72.4431 73.7564 75.8947 98.7927 105.6788 109.8362 101.9804 96.1665 94.1488 117.7115 132.9662 140.5133 140.0571 140.0571 140.5133 148.4857 148.0540 148.0540 148.4857 149.3452 141.4214 142.7725 144.5545 146.7515 149.3452 152.3155 150.3596 143.3876 136.5284 129.7998 123.2234 128.0625 121.9180 116.0000 107.6290 101.8234 96.3328 91.2140 86.5332 82.3650 78.7909 40.0000 33.9411 24.0832 28.8444 25.2982 17.8885 16.1245 24.0000 25.2982 21.2603 28.8444 43.0813 46.6476 40.0000 33.9411 40.0000 46.6476 53.6656 60.9262 55.3173 48.0000 48.6621 50.5964 43.0813 40.7922 40.0000 39.8497 32.3110 25.0599 16.1245 8.2462 11.3137 19.6977 16.0000 8.0000
 84: 255.1549 234.7765 226.0619 224.5440 216.3331 208.8061 201.3157 193.8659 186.4618 179.1089 156.8694 154.4021 152.3155 150.6254 149.3452 157.2768 166.3731 175.7271 185.2998 195.0590 202.7807 200.8781 199.2787 197.9899 205.9126 204.9780 197.0178 196.3670 204.3526 228.3156 228.8755 221.7747 230.8246 237.2172 244.2949 244.8183 245.6013 250.5993 258.5189 253.5508 252.7924 252.2856 252.0317 252.0317 252.2856 252.7924 244.8183 244.2949 244.0328 244.0328 228.0351 228.0351 228.3156 228.8755 229.7129 230.8246 232.2068 226.0619 210.5232 202.7807 200.8781 208.6912 207.1521 199.2787 197.9899 205.9126 204.9780 197.0178 196.3670 204.3526 204.0392 204.0392 196.0408 196.0408 188.0000 180.1777 172.7426 165.7468 159.2482 152.3155 150.6254 142.7725 144.5545 146.7515 154.4021 156.8694 149.3452 132.9662 144.9000 132.4840 122.1147 115.3776 108.8118 105.6788 112.7120 101.9804 98.7927 96.1665 94.1488 92.7793 100.7174 108.2959 100.3195 92.0869 92.0869 73.7564 60.9262 57.6888 67.8823 67.8823 62.4820 61.0574 75.4718 80.0000 87.7268 91.2140 86.5332 82.3650 78.7909 75.8947 72.4431 72.0000 72.4431 73.7564 96.1665 101.9804 105.6788 98.7927 94.1488 92.7793 116.6190 132.2422 140.0571 140.0571 140.5133 141.4214 149.3452 148.4857 148.0540 148.0540 148.4857 140.5133 141.4214 142.7725 144.5545 146.7515 149.3452 146.6970 139.5421 132.4840 125.5388 118.7266 123.2234 116.8247 110.6345 101.8234 96.3328 91.2140 86.5332 82.3650 78.7909 75.8947 33.9411 28.8444 18.8680 25.2982 24.0000 16.0000 18.8680 25.2982 28.8444 27.2029 33.9411 46.6476 51.2250 45.2548 40.0000 46.6476 53.6656 60.9262 68.3520 63.1506 56.0000 56.5685 58.2409 50.5964 48.6621 48.0000 47.5395 39.8497 32.3110 23.4094 12.8062 8.0000 12.8062 8.0000
 85: 253.3930 232.9979 224.3569 222.2521 213.8036 206.1844 198.5951 191.0393 183.5211 176.0454 154.4021 152.3155 150.6254 149.3452 148.4857 156.4609 165.2150 174.2642 183.5647 193.0803 200.8781 199.2787 197.9899 197.0178 204.9780 204.3526 196.3670 196.0408 204.0392 228.0351 228.3156 220.9072 229.7129 236.5418 244.0328 244.2949 244.8183 249.5756 257.5267 252.7924 252.2856 252.0317 252.0317 252.2856 252.7924 253.5508 245.6013 244.8183 244.2949 244.0328 228.0351 228.3156 228.8755 229.7129 230.8246 232.2068 233.8547 228.0351 212.6405 204.9780 202.7807 210.5232 208.6912 200.8781 199.2787 207.1521 205.9126 197.9899 197.0178 204.9780 204.3526 204.0392 196.0408 196.3670 188.1701 180.7097 173.6663 167.0928 161.0466 154.4021 152.3155 144.5545 146.7515 149.3452 156.8694 159.6997 152.3155 136.0588 148.6069 136.5284 126.4911 120.0000 113.7014 109.8362 116.6190 105.6788 101.9804 98.7927 96.1665 94.1488 101.9804 109.1788 100.0000 92.0869 92.7793 75.8947 64.4981 62.4820 73.7564 73.7564 68.8186 68.0000 82.3650 86.5332 93.7230 96.3328 91.2140 86.5332 82.3650 78.7909 73.7564 72.4431 72.0000 72.4431 94.1488 98.7927 101.9804 96.1665 92.7793 92.0869 116.0689 132.0000 140.0571 140.5133 141.4214 142.7725 150.6254 149.3452 148.4857 148.0540 148.0540 140.0571 140.5133 141.4214 142.7725 144.5545 146.7515 143.3876 136.0588 128.8099 121.6553 114.6124 118.7266 112.0714 105.6030 96.3328 91.2140 86.5332 82.3650 78.7909 75.8947 73.7564 28.8444 25.2982 16.1245 24.0000 25.2982 17.8885 24.0832 28.8444 33.9411 34.0000 40.0000 51.2250 56.5685 51.2250 46.6476 53.6656 60.9262 68.3520 75.8947 71.0211 64.0000 64.4981 65.9697 58.2409 56.5685 56.0000 55.3173 47.5395 39.8497 31.0483 19.6977 11.3137 8.2462
 86: 245.1530 224.7576 216.1203 214.0093 205.5724 197.9596 190.3786 182.8333 175.3283 167.8690 146.1643 144.0694 142.3938 141.1524 140.3567 148.3375 157.0350 166.0482 175.3283 184.8351 192.6344 191.0497 189.7894 188.8597 196.8248 196.2549 188.2658 188.0106 196.0102 220.0091 220.2272 212.7628 221.5310 228.4294 236.0085 236.2118 236.6854 241.4042 249.3592 244.6630 244.2048 244.0082 244.0738 244.4013 244.9898 245.8373 237.8991 237.0232 236.4149 236.0763 220.0818 220.4450 221.0973 222.0360 223.2577 224.7576 226.5304 220.8801 205.5724 197.9596 195.6016 203.3027 201.3256 193.5459 191.8020 199.6497 198.2826 190.3786 189.2829 197.2308 196.4994 196.0918 188.0957 188.5206 180.2776 172.9393 166.0482 159.6621 153.8441 147.3635 145.0655 137.3608 139.7856 142.6184 150.0533 153.1143 145.8355 129.6919 142.6885 130.9198 121.2106 114.9783 108.9771 104.4031 110.9414 99.8599 95.7706 92.1954 89.1964 86.8332 94.5939 101.6071 92.0217 84.2140 85.1587 69.0797 58.8218 58.0000 70.4557 70.4557 66.2420 66.4831 80.6226 84.1190 90.4434 91.9348 86.3713 81.2158 76.5506 72.4707 66.4831 64.7765 64.0312 64.2806 85.9069 90.6201 93.9149 87.9318 84.5931 84.0238 108.0185 124.0161 132.1363 132.7403 133.8208 135.3662 143.1782 141.7180 140.6983 140.1285 140.0143 132.0152 132.3782 133.2216 134.5362 136.3085 138.5208 135.2479 127.9531 120.7477 113.6486 106.6771 110.9414 104.4031 98.0816 89.1067 83.7377 78.8162 74.4312 70.6824 67.6757 65.5134 21.2603 17.0880 8.0000 16.1245 18.8680 12.8062 21.5407 24.0832 30.5287 32.9848 37.5766 46.6905 52.8015 48.3735 44.9444 52.4976 60.1664 67.9117 75.7100 72.1110 66.4831 67.9117 70.2282 62.7694 60.1664 58.5491 56.1427 48.1664 40.1995 32.0000 20.0000 10.0000
 87: 247.3863 227.0154 218.2842 216.9332 208.8061 201.3157 193.8659 186.4618 179.1089 171.8139 149.3452 146.7515 144.5545 142.7725 141.4214 149.3452 158.4929 167.9047 177.5387 187.3606 195.0590 193.0803 191.4158 190.0737 197.9899 197.0178 189.0608 188.3826 196.3670 220.3270 220.9072 213.8411 222.9260 229.2597 236.3049 236.8459 237.6552 242.6850 250.5993 245.6013 244.8183 244.2949 244.0328 244.0328 244.2949 244.8183 236.8459 236.3049 236.0339 236.0339 220.0364 220.0364 220.3270 220.9072 221.7747 222.9260 224.3569 218.2842 202.7807 195.0590 193.0803 200.8781 199.2787 191.4158 190.0737 197.9899 197.0178 189.0608 188.3826 196.3670 196.0408 196.0408 188.0425 188.0425 180.0000 172.1859 164.7786 157.8354 151.4199 144.5545 142.7725 134.9370 136.8211 139.1402 146.7515 149.3452 141.8732 125.5388 137.7679 125.5388 115.3776 108.8118 102.4500 98.7927 105.6788 94.8262 91.3893 88.5438 86.3481 84.8528 92.7793 100.3195 92.3472 84.0952 84.0952 65.9697 53.6656 51.2250 62.4820 62.4820 57.6888 57.2713 71.5542 75.4718 82.4621 85.0412 80.0000 75.4718 71.5542 68.3520 64.4981 64.0000 64.4981 65.9697 88.5438 94.8262 98.7927 91.3893 86.3481 84.8528 108.6646 124.2578 132.0606 132.0606 132.5443 133.5066 141.4214 140.5133 140.0571 140.0571 140.5133 132.5443 133.5066 134.9370 136.8211 139.1402 141.8732 139.5421 132.4840 125.5388 118.7266 112.0714 116.8247 110.6345 104.6900 96.3328 90.5097 85.0412 80.0000 75.4718 71.5542 68.3520 28.8444 22.6274 12.8062 17.8885 16.0000 8.0000 12.8062 17.8885 22.6274 23.4094 28.8444 40.0000 45.2548 40.0000 35.7771 43.0813 50.5964 58.2409 65.9697 62.1289 56.5685 58.2409 60.9262 53.6656 50.5964 48.6621 46.1736 38.2099 30.2655 22.0000 10.0000
 88: 250.0000 229.6867 220.8801 220.2726 212.4618 205.1049 197.7979 190.5466 183.3576 176.2385 153.1143 150.0533 147.3635 145.0655 143.1782 151.0099 160.5615 170.3291 180.2776 190.3786 197.9596 195.6016 193.5459 191.8020 199.6497 198.2826 190.3786 189.2829 197.2308 221.0973 222.0360 215.3787 224.7576 230.5211 237.0232 237.8991 239.0397 244.3686 252.2301 246.9413 245.8373 244.9898 244.4013 244.0738 244.0082 244.2048 236.2118 236.0085 236.0763 236.4149 220.4450 220.0818 220.0091 220.2272 220.7351 221.5310 222.6118 216.1203 200.4495 192.6344 191.0497 198.9271 197.7170 189.7894 188.8597 196.8248 196.2549 188.2658 188.0106 196.0102 196.0918 196.4994 188.5206 188.0957 180.2776 172.0116 164.1097 156.6269 149.6262 142.3938 141.1524 133.2216 134.5362 136.3085 144.0694 146.1643 138.5208 122.0656 133.4166 120.7477 110.1454 103.2473 96.5194 93.9149 101.1336 90.6201 87.9318 85.9069 84.5931 84.0238 92.0217 100.0200 93.7443 85.1587 84.2140 64.2806 50.0000 45.6508 55.1725 55.1725 49.6790 48.3735 62.7694 67.2012 74.9667 78.8162 74.4312 70.6824 67.6757 65.5134 64.0312 64.7765 66.4831 69.0797 92.1954 99.8599 104.4031 95.7706 89.1964 86.8332 110.2180 125.2996 132.7403 132.1363 132.0152 132.3782 140.3567 140.0143 140.1285 140.6983 141.7180 133.8208 135.3662 137.3608 139.7856 142.6184 145.8355 144.4022 137.5936 130.9198 124.4026 118.0678 123.2396 117.3882 111.8034 104.0192 97.8366 91.9348 86.3713 81.2158 76.5506 72.4707 37.5766 30.5287 21.5407 24.0832 18.8680 12.8062 8.0000 16.1245 17.0880 14.4222 21.2603 34.9285 38.8330 32.5576 27.2029 34.0000 41.2311 48.7032 56.3205 52.1536 46.6905 48.7032 51.8845 44.9444 41.2311 38.8330 36.2215 28.2843 20.3961 12.0000
 89: 253.6218 233.4181 224.5440 224.8021 217.3753 210.1904 203.0665 196.0102 189.0291 182.1318 158.3540 154.7773 151.5388 148.6607 146.1643 153.8441 163.8170 173.9540 184.2281 194.6176 202.0396 199.2486 196.7435 194.5353 202.2770 200.4495 192.6344 191.0497 198.9271 222.6118 223.9732 217.8164 227.5170 232.5941 238.4366 239.7082 241.2385 246.9089 254.6920 249.0703 247.5884 246.3575 245.3813 244.6630 244.2048 244.0082 236.0085 236.2118 236.6854 237.4279 221.5310 220.7351 220.2272 220.0091 220.0818 220.4450 221.0973 214.1121 198.2826 190.3786 189.2829 197.2308 196.4994 188.5206 188.0957 196.0918 196.0102 188.0106 188.2658 196.2549 196.8248 197.7170 189.7894 188.8597 181.3395 172.5688 164.1097 156.0128 148.3375 140.6983 140.1285 132.1363 132.7403 133.8208 141.7180 143.1782 135.3662 118.8781 129.0271 115.8792 104.7855 97.5090 90.3549 89.1964 96.7678 86.8332 85.1587 84.2140 84.0238 84.5931 92.5419 100.9752 96.7678 87.9318 85.9069 64.2806 48.0416 41.2311 47.7074 47.7074 41.2311 38.4187 52.8015 58.0000 66.8431 72.4707 69.0797 66.4831 64.7765 64.0312 65.5134 67.6757 70.6824 74.4312 97.7548 106.8270 111.9464 102.0784 93.9149 90.6201 113.2254 127.5774 134.5362 133.2216 132.3782 132.0152 140.0143 140.3567 141.1524 142.3938 144.0694 136.3085 138.5208 141.1524 144.1804 147.5805 151.3275 150.9039 144.4022 138.0580 131.8939 125.9365 131.5295 126.0635 120.8801 113.7190 107.2007 100.8960 94.8472 89.1067 83.7377 78.8162 48.7032 41.2311 32.9848 34.0000 27.2029 23.4094 14.4222 21.2603 17.0880 8.0000 16.1245 32.0624 33.5261 26.0000 18.8680 24.0832 30.5287 37.5766 44.9444 40.1995 34.9285 37.5766 41.6173 35.3836 30.5287 27.2029 24.3311 16.4924 8.9443
 90: 252.5787 232.4909 223.5800 224.5173 217.4121 210.3806 203.4207 196.5401 189.7472 183.0519 158.8081 154.8289 151.1688 147.8513 144.9000 152.4336 162.6899 173.0780 183.5756 194.1649 201.4448 198.3230 195.4789 192.9249 200.5692 198.4036 190.6725 188.7326 196.5401 220.0454 221.7115 215.9352 225.8584 230.4170 235.7711 237.3268 239.1401 245.0551 252.7687 246.9089 245.1530 243.6473 242.3964 241.4042 240.6741 240.2082 232.2154 232.6972 233.4524 234.4781 218.6596 217.5592 216.7487 216.2314 216.0093 216.0833 216.4532 209.1602 193.2563 185.3106 184.5318 192.5097 192.0937 184.0978 184.0109 192.0104 192.2602 184.2715 184.8783 192.8419 193.7524 194.9872 187.1149 185.8279 178.5385 169.4344 160.6113 152.1184 144.0139 136.1323 136.0147 128.0156 128.1405 128.7633 136.7187 137.7679 129.8769 113.4372 122.8007 109.4166 98.0816 90.6201 83.2586 82.9699 90.7083 81.2158 80.2247 80.0250 80.6226 82.0000 89.8220 98.4886 95.8541 86.9253 84.1190 61.6117 44.4072 36.0555 40.2492 40.2492 33.2866 29.7321 44.0454 49.5177 58.8218 65.3911 62.6418 60.8276 60.0333 60.2993 63.9062 67.0820 71.0211 75.6042 98.8130 108.9771 114.5600 103.7111 94.3398 90.3549 112.1606 125.8730 132.4387 130.6139 129.2594 128.3900 136.3672 137.1860 138.4630 140.1856 142.3376 134.7145 137.4191 140.5276 144.0139 147.8513 152.0132 152.4336 146.2190 140.1856 134.3577 128.7633 134.7145 129.6302 124.8519 118.3385 111.5168 104.8618 98.4073 92.1954 86.2786 80.7217 55.3173 47.5395 40.1995 39.8497 32.3110 30.2655 20.3961 25.0599 18.4391 8.9443 13.4164 28.6356 28.0713 20.0998 12.1655 15.6205 21.6333 28.6356 36.0555 32.0000 28.6356 32.8024 38.2099 33.2866 26.9072 21.6333 16.0000 8.0000
 91: 255.5386 235.5674 226.6363 228.1228 221.2781 214.3735 207.5476 200.8084 194.1649 187.6273 163.0828 158.8081 154.8289 151.1688 147.8513 155.2417 165.7106 176.2839 186.9438 197.6765 204.8316 201.4448 198.3230 195.4789 203.0271 200.5692 192.9249 190.6725 198.4036 221.7115 223.6515 218.2201 228.3243 232.4220 237.3268 239.1401 241.2053 247.3297 254.9745 248.9096 246.9089 245.1530 243.6473 242.3964 241.4042 240.6741 232.6972 233.4524 234.4781 235.7711 220.0454 218.6596 217.5592 216.7487 216.2314 216.0093 216.0833 208.4706 192.5097 184.5318 184.0978 192.0937 192.0104 184.0109 184.2715 192.2602 192.8419 184.8783 185.8279 193.7524 194.9872 196.5401 188.7326 187.1149 180.0555 170.6576 161.5054 152.6434 144.1249 136.0147 136.3672 128.3900 128.0156 128.1405 136.1323 136.7187 128.7633 112.4455 120.8305 107.2007 95.6033 87.9318 80.3243 81.2158 89.1067 80.2247 80.0250 80.6226 82.0000 84.1190 91.7606 100.5783 99.2975 90.3549 86.9253 63.9062 46.1736 36.4966 37.3631 37.3631 29.7321 24.4131 38.2099 44.4072 54.5894 62.6418 60.8276 60.0333 60.2993 61.6117 67.0820 71.0211 75.6042 80.7217 103.7111 114.5600 120.4159 108.9771 98.8130 94.3398 115.3950 128.5146 134.7145 132.4387 130.6139 129.2594 137.1860 138.4630 140.1856 142.3376 144.9000 137.4191 140.5276 144.0139 147.8513 152.0132 156.4736 157.4929 151.4860 145.6709 140.0714 134.7145 140.8687 136.0147 131.4686 125.2996 118.3385 111.5168 104.8618 98.4073 92.1954 86.2786 63.1506 55.3173 48.1664 47.5395 39.8497 38.2099 28.2843 32.3110 25.0599 16.4924 18.4391 31.3050 28.6356 20.8806 13.4164 12.1655 15.6205 21.6333 28.6356 24.0000 21.6333 26.9072 33.2866 29.7321 22.3607 15.6205 8.0000
 92: 258.7122 238.8724 229.9304 231.9483 225.3619 218.5864 211.8962 205.2998 198.8064 192.4266 167.6305 163.0828 158.8081 154.8289 151.1688 158.4045 169.0562 179.7888 190.5886 201.4448 208.4706 204.8316 201.4448 198.3230 205.7669 203.0271 195.4789 192.9249 200.5692 223.6515 225.8584 220.7714 231.0411 234.6828 239.1401 241.2053 243.5159 249.8399 257.4102 251.1494 248.9096 246.9089 245.1530 243.6473 242.3964 241.4042 233.4524 234.4781 235.7711 237.3268 221.7115 220.0454 218.6596 217.5592 216.7487 216.2314 216.0093 208.0865 192.0937 184.0978 184.0109 192.0104 192.2602 184.2715 184.8783 192.8419 193.7524 185.8279 187.1149 194.9872 196.5401 198.4036 190.6725 188.7326 181.9121 172.2440 162.7882 153.5839 144.6790 136.3672 137.1860 129.2594 128.3900 128.0156 136.0147 136.1323 128.1405 112.0179 119.3650 105.5462 93.7443 85.9069 78.1025 80.2247 88.2043 80.0250 80.6226 82.0000 84.1190 86.9253 94.3398 103.2473 103.2473 94.3398 90.3549 67.0820 49.1935 38.6264 36.0555 36.0555 28.0713 20.8806 33.2866 40.2492 51.2640 60.8276 60.0333 60.2993 61.6117 63.9062 71.0211 75.6042 80.7217 86.2786 108.9771 120.4159 126.5069 114.5600 103.7111 98.8130 119.0798 131.5903 137.4191 134.7145 132.4387 130.6139 138.4630 140.1856 142.3376 144.9000 147.8513 140.5276 144.0139 147.8513 152.0132 156.4736 161.2079 162.7882 156.9841 151.3803 146.0000 140.8687 147.2005 142.5623 138.2317 132.3782 125.2996 118.3385 111.5168 104.8618 98.4073 92.1954 71.0211 63.1506 56.1427 55.3173 47.5395 46.1736 36.2215 39.8497 32.3110 24.3311 25.0599 35.6090 31.3050 24.4131 18.4391 13.4164 12.1655 15.6205 21.6333 16.0000 15.6205 22.3607 29.7321 28.0713 20.0998 12.1655
 93: 270.4958 250.5993 241.6609 243.4173 236.6770 229.8173 223.0336 216.3331 209.7236 203.2142 178.6169 174.2642 170.1764 166.3731 162.8742 170.1764 180.7540 191.4158 202.1485 212.9413 220.0364 216.5179 213.2416 210.2189 217.6970 215.0349 207.4608 204.9780 212.6405 235.7626 237.9244 232.7574 242.9815 246.7387 251.2688 253.2982 255.5621 261.8396 269.4290 263.2109 261.0134 259.0444 257.3092 255.8124 254.5584 253.5508 245.6013 246.6414 247.9355 249.4795 233.8547 232.2068 230.8246 229.7129 228.8755 228.3156 228.0351 220.0364 204.0392 196.0408 196.0408 204.0392 204.3526 196.3670 197.0178 204.9780 205.9126 197.9899 199.2787 207.1521 208.6912 210.5232 202.7807 200.8781 194.0309 184.3909 174.9514 165.7468 156.8184 148.4857 149.3452 141.4214 140.5133 140.0571 148.0540 148.0540 140.0571 124.0000 130.9809 117.0982 105.2236 97.3242 89.4427 92.0869 100.0800 92.0869 92.7793 94.1488 96.1665 98.7927 106.2826 115.1694 114.6124 105.6788 101.9804 78.7909 60.9262 50.5964 48.0000 48.0000 40.0000 32.2490 43.0813 50.5964 62.0967 72.4431 72.0000 72.4431 73.7564 75.8947 82.3650 86.5332 91.2140 96.3328 119.3315 130.1076 135.8823 124.5793 114.4028 109.8362 130.5986 143.3876 149.3452 146.7515 144.5545 142.7725 150.6254 152.3155 154.4021 156.8694 159.6997 152.3155 155.6406 159.2985 163.2667 167.5231 172.0465 173.1127 167.0928 161.2452 155.5892 150.1466 156.2050 151.2085 146.4787 139.9428 133.1465 126.4911 120.0000 113.7014 107.6290 101.8234 75.8947 68.3520 60.1664 60.9262 53.6656 50.5964 41.2311 46.6476 40.0000 30.5287 33.9411 46.6476 43.0813 35.7771 28.8444 25.2982 24.0000 25.2982 28.8444 18.4391 8.0000 11.3137 17.8885 16.0000 8.0000
 94: 277.8489 257.8992 248.9659 250.4795 243.6062 236.6770 229.8173 223.0336 216.3331 209.7236 185.2998 181.1077 177.1779 173.5281 170.1764 177.5387 188.0425 198.6353 209.3036 220.0364 227.1915 223.7856 220.6173 217.6970 225.2110 222.6387 215.0349 212.6405 220.3270 243.5077 245.6013 240.3331 250.5035 254.4013 259.0444 261.0134 263.2109 269.4290 277.0415 270.8800 268.7452 266.8333 265.1490 263.6968 262.4805 261.5033 253.5508 254.5584 255.8124 257.3092 241.6609 240.0667 238.7300 237.6552 236.8459 236.3049 236.0339 228.0351 212.0377 204.0392 204.0392 212.0377 212.3394 204.3526 204.9780 212.9413 213.8411 205.9126 207.1521 215.0349 216.5179 218.2842 210.5232 208.6912 201.7920 192.2082 182.8223 173.6663 164.7786 156.4609 157.2768 149.3452 148.4857 148.0540 156.0513 156.0513 148.0540 132.0000 138.9244 125.0280 113.1371 105.2236 97.3242 100.0800 108.0740 100.0800 100.7174 101.9804 103.8460 106.2826 113.8420 122.7029 121.6553 112.7120 109.2520 86.1626 68.3520 58.2409 56.0000 56.0000 48.0000 40.1995 50.5964 58.2409 69.8570 80.3990 80.0000 80.3990 81.5843 83.5225 89.4427 93.2952 97.6524 102.4500 125.6025 135.8823 141.4214 130.5986 120.9297 116.6190 137.7534 150.7846 156.8694 154.4021 152.3155 150.6254 158.4929 160.1000 162.0864 164.4384 167.1407 159.6997 162.8742 166.3731 170.1764 174.2642 178.6169 179.2875 173.1127 167.0928 161.2452 155.5892 161.4435 156.2050 151.2085 144.2221 137.6372 131.2098 124.9640 118.9285 113.1371 107.6290 78.7909 71.5542 62.7694 64.4981 57.6888 53.6656 44.9444 51.2250 45.2548 35.3836 40.0000 53.6656 50.5964 43.0813 35.7771 32.9848 32.0000 32.9848 35.7771 24.4131 11.3137 8.0000 11.3137 8.0000
 95: 285.2367 265.2395 256.3123 257.5966 250.5993 243.6062 236.6770 229.8173 223.0336 216.3331 192.0833 188.0425 184.2607 180.7540 177.5387 184.9540 195.3868 205.9126 216.5179 227.1915 234.4014 231.1017 228.0351 225.2110 232.7574 230.2694 222.6387 220.3270 228.0351 251.2688 253.2982 247.9355 258.0543 262.0840 266.8333 268.7452 270.8800 277.0415 284.6753 278.5678 276.4923 274.6343 272.9982 271.5879 270.4071 269.4587 261.5033 262.4805 263.6968 265.1490 249.4795 247.9355 246.6414 245.6013 244.8183 244.2949 244.0328 236.0339 220.0364 212.0377 212.0377 220.0364 220.3270 212.3394 212.9413 220.9072 221.7747 213.8411 215.0349 222.9260 224.3569 226.0619 218.2842 216.5179 209.5710 200.0400 190.7040 181.5930 172.7426 164.4384 165.2150 157.2768 156.4609 156.0513 164.0488 164.0488 156.0513 140.0000 146.8741 132.9662 121.0620 113.1371 105.2236 108.0740 116.0689 108.0740 108.6646 109.8362 111.5706 113.8420 121.4578 130.2920 128.8099 119.8666 116.6190 93.6376 75.8947 65.9697 64.0000 64.0000 56.0000 48.1664 58.2409 65.9697 77.6660 88.3629 88.0000 88.3629 89.4427 91.2140 96.6644 100.2397 104.3072 108.8118 132.0606 141.8732 147.1870 136.8211 127.6244 123.5476 144.9966 158.2403 164.4384 162.0864 160.1000 158.4929 166.3731 167.9047 169.7999 172.0465 174.6310 167.1407 170.1764 173.5281 177.1779 181.1077 185.2998 185.6017 179.2875 173.1127 167.0928 161.2452 166.9012 161.4435 156.2050 148.8086 142.4360 136.2351 130.2306 124.4508 118.9285 113.7014 82.3650 75.4718 66.2420 68.8186 62.4820 57.6888 49.6790 56.5685 51.2250 41.2311 46.6476 60.9262 58.2409 50.5964 43.0813 40.7922 40.0000 40.7922 43.0813 31.3050 17.8885 11.3137 8.0000
 96: 288.3609 268.4772 259.5381 261.2968 254.5270 247.6449 240.8319 234.0940 227.4379 220.8710 196.3670 192.0833 188.0425 184.2607 180.7540 188.0425 198.6353 209.3036 220.0364 230.8246 237.9244 234.4014 231.1017 228.0351 235.4910 232.7574 225.2110 222.6387 230.2694 253.2982 255.5621 250.5035 260.7681 264.3936 268.7452 270.8800 273.2325 279.5711 287.1376 280.8558 278.5678 276.4923 274.6343 272.9982 271.5879 270.4071 262.4805 263.6968 265.1490 266.8333 251.2688 249.4795 247.9355 246.6414 245.6013 244.8183 244.2949 236.0339 220.0364 212.0377 212.3394 220.3270 220.9072 212.9413 213.8411 221.7747 222.9260 215.0349 216.5179 224.3569 226.0619 228.0351 220.3270 218.2842 211.5467 201.7920 192.2082 182.8223 173.6663 165.2150 166.3731 158.4929 157.2768 156.4609 164.4384 164.0488 156.0513 140.2284 146.2190 132.2422 120.2664 112.2854 104.3072 108.0740 116.0689 108.6646 109.8362 111.5706 113.8420 116.6190 124.0645 132.9662 132.4840 123.5476 119.8666 96.6644 78.7909 68.3520 64.4981 64.4981 56.5685 48.1664 56.5685 64.4981 76.4199 88.0000 88.3629 89.4427 91.2140 93.6376 100.2397 104.3072 108.8118 113.7014 136.8211 147.1870 152.7351 141.8732 132.0606 127.6244 148.4857 161.2452 167.1407 164.4384 162.0864 160.1000 167.9047 169.7999 172.0465 174.6310 177.5387 170.1764 173.5281 177.1779 181.1077 185.2998 189.7367 190.5361 184.3909 178.3928 172.5572 166.9012 172.7426 167.4754 162.4315 155.3319 148.8086 142.4360 136.2351 130.2306 124.4508 118.9285 89.4427 82.3650 73.3485 75.4718 68.8186 64.4981 56.0357 62.4820 56.5685 46.6905 51.2250 64.4981 60.9262 53.6656 46.6476 43.0813 40.7922 40.0000 40.7922 28.6356 16.0000 8.0000
 97: 281.0552 261.2279 252.2856 254.2833 247.6449 240.8319 234.0940 227.4379 220.8710 214.4015 189.7367 185.2998 181.1077 177.1779 173.5281 180.7540 191.4158 202.1485 212.9413 223.7856 230.8246 227.1915 223.7856 220.6173 228.0351 225.2110 217.6970 215.0349 222.6387 245.6013 247.9355 242.9815 253.2982 256.7801 261.0134 263.2109 265.6313 272.0294 279.5711 273.2325 270.8800 268.7452 266.8333 265.1490 263.6968 262.4805 254.5584 255.8124 257.3092 259.0444 243.5077 241.6609 240.0667 238.7300 237.6552 236.8459 236.3049 228.0351 212.0377 204.0392 204.3526 212.3394 212.9413 204.9780 205.9126 213.8411 215.0349 207.1521 208.6912 216.5179 218.2842 220.3270 212.6405 210.5232 203.8431 194.0309 184.3909 174.9514 165.7468 157.2768 158.4929 150.6254 149.3452 148.4857 156.4609 156.0513 148.0540 132.2422 138.2317 124.2578 112.2854 104.3072 96.3328 100.0800 108.0740 100.7174 101.9804 103.8460 106.2826 109.2520 116.6190 125.5388 125.5388 116.6190 112.7120 89.4427 71.5542 60.9262 56.5685 56.5685 48.6621 40.1995 48.6621 56.5685 68.4690 80.0000 80.3990 81.5843 83.5225 86.1626 93.2952 97.6524 102.4500 107.6290 130.5986 141.4214 147.1870 135.8823 125.6025 120.9297 141.4214 153.9351 159.6997 156.8694 154.4021 152.3155 160.1000 162.0864 164.4384 167.1407 170.1764 162.8742 166.3731 170.1764 174.2642 178.6169 183.2157 184.3909 178.3928 172.5572 166.9012 161.4435 167.4754 162.4315 157.6325 150.9437 144.2221 137.6372 131.2098 124.9640 118.9285 113.1371 86.1626 78.7909 70.2282 71.5542 64.4981 60.9262 51.8845 57.6888 51.2250 41.6173 45.2548 57.6888 53.6656 46.6476 40.0000 35.7771 32.9848 32.0000 32.9848 20.8806 8.0000
 98: 273.7882 254.0236 245.0796 247.3297 240.8319 234.0940 227.4379 220.8710 214.4015 208.0385 183.2157 178.6169 174.2642 170.1764 166.3731 173.5281 184.2607 195.0590 205.9126 216.8133 223.7856 220.0364 216.5179 213.2416 220.6173 217.6970 210.2189 207.4608 215.0349 237.9244 240.3331 235.4910 245.8617 249.1907 253.2982 255.5621 258.0543 264.5146 272.0294 265.6313 263.2109 261.0134 259.0444 257.3092 255.8124 254.5584 246.6414 247.9355 249.4795 251.2688 235.7626 233.8547 232.2068 230.8246 229.7129 228.8755 228.3156 220.0364 204.0392 196.0408 196.3670 204.3526 204.9780 197.0178 197.9899 205.9126 207.1521 199.2787 200.8781 208.6912 210.5232 212.6405 204.9780 202.7807 196.1632 186.2901 176.5899 167.0928 157.8354 149.3452 150.6254 142.7725 141.4214 140.5133 148.4857 148.0540 140.0571 124.2578 130.2459 116.2755 104.3072 96.3328 88.3629 92.0869 100.0800 92.7793 94.1488 96.1665 98.7927 101.9804 109.2520 118.1863 118.7266 109.8362 105.6788 82.3650 64.4981 53.6656 48.6621 48.6621 40.7922 32.2490 40.7922 48.6621 60.5310 72.0000 72.4431 73.7564 75.8947 78.7909 86.5332 91.2140 96.3328 101.8234 124.5793 135.8823 141.8732 130.1076 119.3315 114.4028 134.4619 146.6970 152.3155 149.3452 146.7515 144.5545 152.3155 154.4021 156.8694 159.6997 162.8742 155.6406 159.2985 163.2667 167.5231 172.0465 176.8163 178.3928 172.5572 166.9012 161.4435 156.2050 162.4315 157.6325 153.1013 146.8605 139.9428 133.1465 126.4911 120.0000 113.7014 107.6290 83.5225 75.8947 67.9117 68.3520 60.9262 58.2409 48.7032 53.6656 46.6476 37.5766 40.0000 51.2250 46.6476 40.0000 33.9411 28.8444 25.2982 24.0000 25.2982 13.4164
 99: 265.6690 246.1300 237.1919 240.2166 234.1367 227.6225 221.2058 214.8953 208.7007 202.6327 177.4599 172.4297 167.6305 163.0828 158.8081 165.7106 176.6465 187.6273 198.6454 209.6950 216.4532 212.3488 208.4706 204.8316 212.0472 208.7774 201.4448 198.3230 205.7669 228.3243 231.0411 226.6363 237.1919 239.9417 243.5159 246.0650 248.8453 255.5386 262.9449 256.3201 253.6218 251.1494 248.9096 246.9089 245.1530 243.6473 235.7711 237.3268 239.1401 241.2053 225.8584 223.6515 221.7115 220.0454 218.6596 217.5592 216.7487 208.2402 192.2602 184.2715 184.8783 192.8419 193.7524 185.8279 187.1149 194.9872 196.5401 188.7326 190.6725 198.4036 200.5692 203.0271 195.4789 192.9249 186.6012 176.4653 166.4812 156.6780 147.0918 138.4630 140.1856 132.4387 130.6139 129.2594 137.1860 136.3672 128.3900 112.8716 118.0169 104.0192 92.0217 84.0238 76.0263 80.6226 88.5664 82.0000 84.1190 86.9253 90.3549 94.3398 101.2126 110.1454 112.4455 103.7111 98.8130 75.6042 58.1378 46.8615 38.6264 38.6264 31.3050 22.3607 28.0713 36.0555 48.0416 60.2993 61.6117 63.9062 67.0820 71.0211 80.7217 86.2786 92.1954 98.4073 120.4159 132.8006 139.2695 126.5069 114.5600 108.9771 127.6401 138.9244 144.0139 140.5276 137.4191 134.7145 142.3376 144.9000 147.8513 151.1688 154.8289 147.8513 152.0132 156.4736 161.2079 166.1927 171.4060 174.0000 168.5823 163.3769 158.4045 153.6880 160.3122 156.0641 152.1184 146.8196 139.5564 132.3782 125.2996 118.3385 111.5168 104.8618 86.8332 78.9177 72.1110 71.0211 63.1506 62.1289 52.1536 55.3173 47.5395 40.1995 39.8497 47.2017 41.0366 36.0555 32.3110 25.0599 18.4391 13.4164 12.1655
100: 256.0312 236.6770 227.7543 231.3525 225.6014 219.2715 213.0540 206.9589 200.9975 195.1820 169.7999 164.4384 159.2985 154.4021 149.7732 156.4609 167.5231 178.6169 189.7367 200.8781 207.4608 203.0960 198.9573 195.0590 202.1485 198.6353 191.4158 188.0425 195.3868 217.6970 220.6173 216.5179 227.1915 229.5387 232.7574 235.4910 238.4617 245.3080 252.6341 245.8617 242.9815 240.3331 237.9244 235.7626 233.8547 232.2068 224.3569 226.0619 228.0351 230.2694 215.0349 212.6405 210.5232 208.6912 207.1521 205.9126 204.9780 196.3670 180.3996 172.4181 173.1589 181.1077 182.1648 174.2642 175.7271 183.5647 185.2998 177.5387 179.6886 187.3606 189.7367 192.4162 184.9540 182.1648 176.0454 165.7468 155.5892 145.6022 135.8234 127.1220 129.1201 121.4578 119.3315 117.7115 125.6025 124.5793 116.6190 101.2719 106.0000 92.0000 80.0000 72.0000 64.0000 69.0507 76.9415 70.8802 73.5391 76.9415 80.9938 85.6037 92.0869 100.9554 104.6900 96.1665 90.6863 67.8823 51.2250 40.0000 28.8444 28.8444 22.6274 14.4222 16.0000 24.0000 36.0000 48.6621 50.5964 53.6656 57.6888 62.4820 73.7564 80.0000 86.5332 93.2952 114.4028 127.6244 134.4619 120.9297 108.0740 101.9804 119.3315 129.7998 134.4619 130.5986 127.1220 124.0645 131.5751 134.4619 137.7534 141.4214 145.4373 138.6795 143.2201 148.0540 153.1535 158.4929 164.0488 167.4754 162.4315 157.6325 153.1013 148.8624 155.7947 152.0526 148.6472 144.2221 136.7041 129.2440 121.8524 114.5426 107.3313 100.2397 88.0000 80.0000 74.4312 72.0000 64.0000 64.4981 54.5894 56.0000 48.0000 42.7551 40.0000 43.0813 35.7771 32.9848 32.0000 24.0000 16.0000 8.0000
101: 252.2538 232.7230 223.7856 226.8832 220.8710 214.4015 208.0385 201.7920 195.6732 189.6945 164.4384 159.2985 154.4021 149.7732 145.4373 152.3155 163.2667 174.2642 185.2998 196.3670 203.0960 198.9573 195.0590 191.4158 198.6353 195.3868 188.0425 184.9540 192.4162 215.0349 217.6970 213.2416 223.7856 226.5921 230.2694 232.7574 235.4910 242.1570 249.5756 242.9815 240.3331 237.9244 235.7626 233.8547 232.2068 230.8246 222.9260 224.3569 226.0619 228.0351 212.6405 210.5232 208.6912 207.1521 205.9126 204.9780 204.3526 196.0408 180.0444 172.0465 172.4181 180.3996 181.1077 173.1589 174.2642 182.1648 183.5647 175.7271 177.5387 185.2998 187.3606 189.7367 182.1648 179.6886 173.2974 163.2176 153.3101 143.6106 134.1641 125.6025 127.1220 119.3315 117.7115 116.6190 124.5793 124.0645 116.0689 100.3195 106.3015 92.3472 80.3990 72.4431 64.4981 68.1175 76.1052 69.0507 70.8802 73.5391 76.9415 80.9938 87.8180 96.7471 99.3579 90.6863 85.6037 62.4820 45.2548 33.9411 25.2982 25.2982 17.8885 8.9443 17.8885 25.2982 36.8782 48.0000 48.6621 50.5964 53.6656 57.6888 67.8823 73.7564 80.0000 86.5332 108.0740 120.9297 127.6244 114.4028 101.9804 96.1665 114.4028 125.5388 130.5986 127.1220 124.0645 121.4578 129.1201 131.5751 134.4619 137.7534 141.4214 134.4619 138.6795 143.2201 148.0540 153.1535 158.4929 161.4435 156.2050 151.2085 146.4787 142.0422 148.8624 144.9414 141.3648 136.7041 129.2440 121.8524 114.5426 107.3313 100.2397 93.2952 80.0000 72.0000 66.4831 64.0000 56.0000 56.5685 46.6905 48.0000 40.0000 34.9285 32.0000 35.7771 28.8444 25.2982 24.0000 16.0000 8.0000
102: 248.6765 228.9803 220.0364 222.6118 216.3331 209.7236 203.2142 196.8146 190.5361 184.3909 159.2985 154.4021 149.7732 145.4373 141.4214 148.4857 159.2985 170.1764 181.1077 192.0833 198.9573 195.0590 191.4158 188.0425 195.3868 192.4162 184.9540 182.1648 189.7367 212.6405 215.0349 210.2189 220.6173 223.8928 228.0351 230.2694 232.7574 239.2321 246.7387 240.3331 237.9244 235.7626 233.8547 232.2068 230.8246 229.7129 221.7747 222.9260 224.3569 226.0619 210.5232 208.6912 207.1521 205.9126 204.9780 204.3526 204.0392 196.0408 180.0444 172.0465 172.0465 180.0444 180.3996 172.4181 173.1589 181.1077 182.1648 174.2642 175.7271 183.5647 185.2998 187.3606 179.6886 177.5387 170.8801 161.0466 151.4199 142.0422 132.9662 124.5793 125.6025 117.7115 116.6190 116.0689 124.0645 124.0645 116.0689 100.0000 107.2007 93.3809 81.5843 73.7564 65.9697 68.1175 76.1052 68.1175 69.0507 70.8802 73.5391 76.9415 84.0952 93.0376 94.4034 85.6037 80.9938 57.6888 40.0000 28.8444 24.0000 24.0000 16.0000 8.9443 22.6274 28.8444 39.3954 48.6621 48.0000 48.6621 50.5964 53.6656 62.4820 67.8823 73.7564 80.0000 101.9804 114.4028 120.9297 108.0740 96.1665 90.6863 109.8362 121.6553 127.1220 124.0645 121.4578 119.3315 127.1220 129.1201 131.5751 134.4619 137.7534 130.5986 134.4619 138.6795 143.2201 148.0540 153.1535 155.5892 150.1466 144.9414 140.0000 135.3514 142.0422 137.9275 134.1641 129.2440 121.8524 114.5426 107.3313 100.2397 93.2952 86.5332 72.0000 64.0000 58.5491 56.0000 48.0000 48.6621 38.8330 40.0000 32.0000 27.2029 24.0000 28.8444 22.6274 17.8885 16.0000 8.0000
103: 245.3080 225.4595 216.5179 218.5498 212.0000 205.2511 198.5951 192.0417 185.6017 179.2875 154.4021 149.7732 145.4373 141.4214 137.7534 144.9966 155.6406 166.3731 177.1779 188.0425 195.0590 191.4158 188.0425 184.9540 192.4162 189.7367 182.1648 179.6886 187.3606 210.5232 212.6405 207.4608 217.6970 221.4498 226.0619 228.0351 230.2694 236.5418 244.1311 237.9244 235.7626 233.8547 232.2068 230.8246 229.7129 228.8755 220.9072 221.7747 222.9260 224.3569 208.6912 207.1521 205.9126 204.9780 204.3526 204.0392 204.0392 196.3670 180.3996 172.4181 172.0465 180.0444 180.0444 172.0465 172.4181 180.3996 181.1077 173.1589 174.2642 182.1648 183.5647 185.2998 177.5387 175.7271 168.8076 159.2482 149.9333 140.9113 132.2422 124.0645 124.5793 116.6190 116.0689 116.0689 124.0645 124.5793 116.6190 100.3195 108.6830 95.0789 83.5225 75.8947 68.3520 69.0507 76.9415 68.1175 68.1175 69.0507 70.8802 73.5391 80.9938 89.8888 89.8888 80.9938 76.9415 53.6656 35.7771 25.2982 25.2982 25.2982 17.8885 14.4222 28.8444 33.9411 43.2666 50.5964 48.6621 48.0000 48.6621 50.5964 57.6888 62.4820 67.8823 73.7564 96.1665 108.0740 114.4028 101.9804 90.6863 85.6037 105.6788 118.1863 124.0645 121.4578 119.3315 117.7115 125.6025 127.1220 129.1201 131.5751 134.4619 127.1220 130.5986 134.4619 138.6795 143.2201 148.0540 149.9333 144.2775 138.8524 133.6862 128.8099 135.3514 131.0267 127.0590 121.8524 114.5426 107.3313 100.2397 93.2952 86.5332 80.0000 64.0000 56.0000 50.6360 48.0000 40.0000 40.7922 31.0483 32.0000 24.0000 19.6977 16.0000 22.6274 17.8885 11.3137 8.0000
104: 242.1570 222.1711 213.2416 214.7091 207.8846 200.9975 194.1958 187.4887 180.8867 174.4018 149.7732 145.4373 141.4214 137.7534 134.4619 141.8732 152.3155 162.8742 173.5281 184.2607 191.4158 188.0425 184.9540 182.1648 189.7367 187.3606 179.6886 177.5387 185.2998 208.6912 210.5232 204.9780 215.0349 219.2715 224.3569 226.0619 228.0351 234.0940 241.7602 235.7626 233.8547 232.2068 230.8246 229.7129 228.8755 228.3156 220.3270 220.9072 221.7747 222.9260 207.1521 205.9126 204.9780 204.3526 204.0392 204.0392 204.3526 197.0178 181.1077 173.1589 172.4181 180.3996 180.0444 172.0465 172.0465 180.0444 180.3996 172.4181 173.1589 181.1077 182.1648 183.5647 175.7271 174.2642 167.0928 157.8354 148.8624 140.2284 132.0000 124.0645 124.0645 116.0689 116.0689 116.6190 124.5793 125.6025 117.7115 101.2719 110.7249 97.4064 86.1626 78.7909 71.5542 70.8802 78.5875 69.0507 68.1175 68.1175 69.0507 70.8802 78.5875 87.3613 85.8836 76.9415 73.5391 50.5964 32.9848 24.0000 28.8444 28.8444 22.6274 21.5407 35.7771 40.0000 48.1664 53.6656 50.5964 48.6621 48.0000 48.6621 53.6656 57.6888 62.4820 67.8823 90.6863 101.9804 108.0740 96.1665 85.6037 80.9938 101.9804 115.1694 121.4578 119.3315 117.7115 116.6190 124.5793 125.6025 127.1220 129.1201 131.5751 124.0645 127.1220 130.5986 134.4619 138.6795 143.2201 144.4991 138.6218 132.9662 127.5617 122.4418 128.8099 124.2578 120.0666 114.5426 107.3313 100.2397 93.2952 86.5332 80.0000 73.7564 56.0000 48.0000 42.7551 40.0000 32.0000 32.9848 23.4094 24.0000 16.0000 12.8062 8.0000 17.8885 16.0000 8.0000
105: 234.7765 214.8488 205.9126 207.6632 200.9975 194.1958 187.4887 180.8867 174.4018 168.0476 143.2201 138.6795 134.4619 130.5986 127.1220 134.4619 144.9966 155.6406 166.3731 177.1779 184.2607 180.7540 177.5387 174.6310 182.1648 179.6886 172.0465 169.7999 177.5387 200.8781 202.7807 197.3423 207.4608 211.5467 216.5179 218.2842 220.3270 226.4509 234.0940 228.0351 226.0619 224.3569 222.9260 221.7747 220.9072 220.3270 212.3394 212.9413 213.8411 215.0349 199.2787 197.9899 197.0178 196.3670 196.0408 196.0408 196.3670 189.0608 173.1589 165.2150 164.4384 172.4181 172.0465 164.0488 164.0488 172.0465 172.4181 164.4384 165.2150 173.1589 174.2642 175.7271 167.9047 166.3731 159.2482 149.9333 140.9113 132.2422 124.0000 116.0689 116.0689 108.0740 108.0740 108.6646 116.6190 117.7115 109.8362 93.3809 103.0922 89.8888 78.7909 71.5542 64.4981 63.2456 70.8802 61.1882 60.1332 60.1332 61.1882 63.2456 70.8802 79.6994 78.8923 69.9714 66.2118 43.0813 25.2982 16.0000 22.6274 22.6274 17.8885 20.0000 32.9848 35.7771 42.5206 46.6476 43.0813 40.7922 40.0000 40.7922 46.6476 51.2250 56.5685 62.4820 84.8528 96.8297 103.2279 90.6863 79.3977 74.4043 94.8262 107.7033 113.8420 111.5706 109.8362 108.6646 116.6190 117.7115 119.3315 121.4578 124.0645 116.6190 119.8666 123.5476 127.6244 132.0606 136.8211 138.6218 132.9662 127.5617 122.4418 117.6435 124.2578 120.0666 116.2755 111.4271 104.0000 96.6644 89.4427 82.3650 75.4718 68.8186 56.5685 48.6621 44.9444 40.7922 32.9848 35.7771 27.2029 25.2982 17.8885 18.8680 11.3137 11.3137 8.0000
106: 227.4379 207.5765 198.6353 200.6888 194.1958 187.4887 180.8867 174.4018 168.0476 161.8394 136.8211 132.0606 127.6244 123.5476 119.8666 127.1220 137.7534 148.4857 159.2985 170.1764 177.1779 173.5281 170.1764 167.1407 174.6310 172.0465 164.4384 162.0864 169.7999 193.0803 195.0590 189.7367 199.9200 203.8431 208.6912 210.5232 212.6405 218.8333 226.4509 220.3270 218.2842 216.5179 215.0349 213.8411 212.9413 212.3394 204.3526 204.9780 205.9126 207.1521 191.4158 190.0737 189.0608 188.3826 188.0425 188.0425 188.3826 181.1077 165.2150 157.2768 156.4609 164.4384 164.0488 156.0513 156.0513 164.0488 164.4384 156.4609 157.2768 165.2150 166.3731 167.9047 160.1000 158.4929 151.4199 142.0422 132.9662 124.2578 116.0000 108.0740 108.0740 100.0800 100.0800 100.7174 108.6646 109.8362 101.9804 85.5102 95.5196 82.4621 71.5542 64.4981 57.6888 55.7136 63.2456 53.3667 52.1536 52.1536 53.3667 55.7136 63.2456 72.1110 72.1110 63.2456 59.0593 35.7771 17.8885 8.0000 17.8885 17.8885 16.0000 21.5407 32.0000 32.9848 37.7359 40.0000 35.7771 32.9848 32.0000 32.9848 40.0000 45.2548 51.2250 57.6888 79.3977 92.0869 98.7927 85.6037 73.5391 68.1175 87.8180 100.3195 106.2826 103.8460 101.9804 100.7174 108.6646 109.8362 111.5706 113.8420 116.6190 109.2520 112.7120 116.6190 120.9297 125.6025 130.5986 132.9662 127.5617 122.4418 117.6435 113.2078 120.0666 116.2755 112.9248 108.8118 101.1929 93.6376 86.1626 78.7909 71.5542 64.4981 58.2409 50.5964 48.3735 43.0813 35.7771 40.0000 32.5576 28.8444 22.6274 26.0000 17.8885 8.0000
107: 224.3212 204.3135 195.3868 196.8248 190.0316 183.1721 176.4086 169.7528 163.2176 156.8184 132.0606 127.6244 123.5476 119.8666 116.6190 124.0645 134.4619 144.9966 155.6406 166.3731 173.5281 170.1764 167.1407 164.4384 172.0465 169.7999 162.0864 160.1000 167.9047 191.4158 193.0803 187.3606 197.3423 201.7920 207.1521 208.6912 210.5232 216.4809 224.1785 218.2842 216.5179 215.0349 213.8411 212.9413 212.3394 212.0377 204.0392 204.3526 204.9780 205.9126 190.0737 189.0608 188.3826 188.0425 188.0425 188.3826 189.0608 182.1648 166.3731 158.4929 157.2768 165.2150 164.4384 156.4609 156.0513 164.0488 164.0488 156.0513 156.4609 164.4384 165.2150 166.3731 158.4929 157.2768 149.9333 140.9113 132.2422 124.0000 116.2755 108.6646 108.0740 100.0800 100.7174 101.9804 109.8362 111.5706 103.8460 87.3613 98.4886 85.8836 75.4718 68.8186 62.4820 59.0593 66.2118 55.7136 53.3667 52.1536 52.1536 53.3667 61.1882 69.8570 68.0000 59.0593 55.7136 32.9848 16.0000 11.3137 25.2982 25.2982 24.0000 29.1204 40.0000 40.7922 44.7214 45.2548 40.0000 35.7771 32.9848 32.0000 35.7771 40.0000 45.2548 51.2250 73.5391 85.6037 92.0869 79.3977 68.1175 63.2456 84.0952 97.4064 103.8460 101.9804 100.7174 100.0800 108.0740 108.6646 109.8362 111.5706 113.8420 106.2826 109.2520 112.7120 116.6190 120.9297 125.6025 127.3106 121.6553 116.2755 111.2115 106.5082 113.2078 109.1788 105.6030 101.1929 93.6376 86.1626 78.7909 71.5542 64.4981 57.6888 50.5964 43.0813 41.6173 35.7771 28.8444 33.9411 27.7849 22.6274 17.8885 24.0832 16.0000
108: 239.2321 219.1255 210.2189 211.1019 204.0000 196.9772 190.0316 183.1721 176.4086 169.7528 145.4373 141.4214 137.7534 134.4619 131.5751 139.1402 149.3452 159.6997 170.1764 180.7540 188.0425 184.9540 182.1648 179.6886 187.3606 185.2998 177.5387 175.7271 183.5647 207.1521 208.6912 202.7807 212.6405 217.3661 222.9260 224.3569 226.0619 231.8965 239.6331 233.8547 232.2068 230.8246 229.7129 228.8755 228.3156 228.0351 220.0364 220.3270 220.9072 221.7747 205.9126 204.9780 204.3526 204.0392 204.0392 204.3526 204.9780 197.9899 182.1648 174.2642 173.1589 181.1077 180.3996 172.4181 172.0465 180.0444 180.0444 172.0465 172.4181 180.3996 181.1077 182.1648 174.2642 173.1589 165.7468 156.8184 148.2161 140.0000 132.2422 124.5793 124.0645 116.0689 116.6190 117.7115 125.6025 127.1220 119.3315 102.8397 113.2961 100.3195 89.4427 82.3650 75.4718 73.5391 80.9938 70.8802 69.0507 68.1175 68.1175 69.0507 76.9415 85.5102 82.4621 73.5391 70.8802 48.6621 32.0000 25.2982 33.9411 33.9411 28.8444 29.1204 43.0813 46.6476 53.8145 57.6888 53.6656 50.5964 48.6621 48.0000 50.5964 53.6656 57.6888 62.4820 85.6037 96.1665 101.9804 90.6863 80.9938 76.9415 98.7927 112.6410 119.3315 117.7115 116.6190 116.0689 124.0645 124.5793 125.6025 127.1220 129.1201 121.4578 124.0645 127.1220 130.5986 134.4619 138.6795 139.3126 133.2066 127.3106 121.6553 116.2755 122.4418 117.6435 113.2078 107.3313 100.2397 93.2952 86.5332 80.0000 73.7564 67.8823 48.0000 40.0000 34.9285 32.0000 24.0000 25.2982 16.1245 16.0000 8.0000 8.2462
109: 246.0650 225.8938 217.0069 217.4948 210.1904 203.0665 196.0102 189.0291 182.1318 175.3283 151.3275 147.5805 144.1804 141.1524 138.5208 146.1643 156.2178 166.4332 176.7824 187.2432 194.6176 191.7185 189.1137 186.8154 194.5353 192.6344 184.8351 183.1830 191.0497 214.7091 216.1203 210.0381 219.7908 224.7576 230.5211 231.8361 233.4181 239.1401 246.9089 241.2385 239.7082 238.4366 237.4279 236.6854 236.2118 236.0085 228.0088 228.2192 228.7094 229.4777 213.5884 212.7628 212.2357 212.0094 212.0849 212.4618 213.1385 206.1941 190.3786 182.4829 181.3395 189.2829 188.5206 180.5436 180.1000 188.0957 188.0106 180.0111 180.2776 188.2658 188.8597 189.7894 181.8681 180.8978 173.4013 164.5965 156.1153 148.0135 140.3567 132.7403 132.1363 124.1451 124.7878 125.9365 133.8208 135.3662 127.5774 111.0856 121.4907 108.4620 97.5090 90.3549 83.3547 81.7068 89.1964 79.1202 77.2787 76.2365 76.0263 76.6551 84.5931 93.0591 89.1964 80.3243 78.1025 56.3205 40.0500 33.5261 41.2311 41.2311 35.3836 34.0000 48.3735 52.8015 60.8276 65.5134 61.7414 58.8218 56.8859 56.0357 57.7235 60.1664 63.5295 67.6757 90.9725 100.6578 106.0754 95.6033 86.8332 83.2586 105.6220 119.8165 126.6965 125.2996 124.4026 124.0161 132.0152 132.3782 133.2216 134.5362 136.3085 128.5768 130.9198 133.7012 136.8941 140.4706 144.4022 144.4022 138.0580 131.8939 125.9365 120.2165 126.0635 120.8801 116.0172 109.4166 102.6255 96.0208 89.6437 83.5464 77.7946 72.4707 46.6905 38.8330 32.0000 31.0483 23.4094 22.0000 12.0000 16.1245 10.0000
110: 236.5418 216.3331 207.4608 207.7402 200.3597 193.2046 186.1182 179.1089 172.1859 165.3602 141.4214 137.7534 134.4619 131.5751 129.1201 136.8211 146.7515 156.8694 167.1407 177.5387 184.9540 182.1648 179.6886 177.5387 185.2998 183.5647 175.7271 174.2642 182.1648 205.9126 207.1521 200.8781 210.5232 215.7406 221.7747 222.9260 224.3569 229.9565 237.7562 232.2068 230.8246 229.7129 228.8755 228.3156 228.0351 228.0351 220.0364 220.0364 220.3270 220.9072 204.9780 204.3526 204.0392 204.0392 204.3526 204.9780 205.9126 199.2787 183.5647 175.7271 174.2642 182.1648 181.1077 173.1589 172.4181 180.3996 180.0444 172.0465 172.0465 180.0444 180.3996 181.1077 173.1589 172.4181 164.7786 156.2050 148.0000 140.2284 132.9662 125.6025 124.5793 116.6190 117.7115 119.3315 127.1220 129.1201 121.4578 104.9952 116.3615 103.7690 93.2952 86.5332 80.0000 76.9415 84.0952 73.5391 70.8802 69.0507 68.1175 68.1175 76.1052 84.3801 79.6994 70.8802 69.0507 48.0000 32.9848 28.8444 40.0000 40.0000 35.7771 36.8782 50.5964 53.6656 60.0000 62.4820 57.6888 53.6656 50.5964 48.6621 48.6621 50.5964 53.6656 57.6888 80.9938 90.6863 96.1665 85.6037 76.9415 73.5391 96.1665 110.6345 117.7115 116.6190 116.0689 116.0689 124.0645 124.0645 124.5793 125.6025 127.1220 119.3315 121.4578 124.0645 127.1220 130.5986 134.4619 134.4024 128.0625 121.9180 116.0000 110.3449 116.2755 111.2115 106.5082 100.2397 93.2952 86.5332 80.0000 73.7564 67.8823 62.4820 40.0000 32.0000 27.2029 24.0000 16.0000 17.8885 10.0000 8.0000
111: 234.0940 213.8036 204.9780 204.6363 196.9772 189.6945 182.4719 175.3169 168.2379 161.2452 137.7534 134.4619 131.5751 129.1201 127.1220 134.9370 144.5545 154.4021 164.4384 174.6310 182.1648 179.6886 177.5387 175.7271 183.5647 182.1648 174.2642 173.1589 181.1077 204.9780 205.9126 199.2787 208.6912 214.4015 220.9072 221.7747 222.9260 228.2805 236.1356 230.8246 229.7129 228.8755 228.3156 228.0351 228.0351 228.3156 220.3270 220.0364 220.0364 220.3270 204.3526 204.0392 204.0392 204.3526 204.9780 205.9126 207.1521 200.8781 185.2998 177.5387 175.7271 183.5647 182.1648 174.2642 173.1589 181.1077 180.3996 172.4181 172.0465 180.0444 180.0444 180.3996 172.4181 172.0465 164.1950 156.0000 148.2161 140.9113 134.1641 127.1220 125.6025 117.7115 119.3315 121.4578 129.1201 131.5751 124.0645 107.7033 119.8833 107.7033 97.6524 91.2140 85.0412 80.9938 87.8180 76.9415 73.5391 70.8802 69.0507 68.1175 76.1052 84.0000 77.6660 69.0507 68.1175 48.6621 35.7771 33.9411 46.6476 46.6476 43.0813 44.7214 58.2409 60.9262 66.5733 67.8823 62.4820 57.6888 53.6656 50.5964 48.0000 48.6621 50.5964 53.6656 76.9415 85.6037 90.6863 80.9938 73.5391 70.8802 94.1488 109.1788 116.6190 116.0689 116.0689 116.6190 124.5793 124.0645 124.0645 124.5793 125.6025 117.7115 119.3315 121.4578 124.0645 127.1220 130.5986 129.7998 123.2234 116.8247 110.6345 104.6900 110.3449 104.9952 100.0000 93.2952 86.5332 80.0000 73.7564 67.8823 62.4820 57.6888 32.0000 24.0000 19.6977 16.0000 8.0000 11.3137 8.2462
112: 242.3304 222.0360 213.2135 212.8098 205.1049 197.7979 190.5466 183.3576 176.2385 169.1981 145.8355 142.6184 139.7856 137.3608 135.3662 143.1782 152.8005 162.6407 172.6615 182.8333 190.3786 187.9255 185.7848 183.9674 191.8020 190.3786 182.4829 181.3395 189.2829 213.1385 214.1121 207.5090 216.9332 222.6118 229.0589 229.9652 231.1450 236.5164 244.3686 239.0397 237.8991 237.0232 236.4149 236.0763 236.0085 236.2118 228.2192 228.0088 228.0789 228.4294 212.4618 212.0849 212.0094 212.2357 212.7628 213.5884 214.7091 208.2787 192.6344 184.8351 183.1830 191.0497 189.7894 181.8681 180.8978 188.8597 188.2658 180.2776 180.0111 188.0106 188.0957 188.5206 180.5436 180.1000 172.2905 164.0122 156.1153 148.6607 141.7180 134.5362 133.2216 125.2996 126.6965 128.5768 136.3085 138.5208 130.9198 114.4902 126.1428 113.6486 103.2473 96.5194 90.0000 86.8332 93.9149 83.2586 80.3243 78.1025 76.6551 76.0263 84.0238 92.0217 85.9069 77.2787 76.2365 56.3205 42.3792 38.8330 49.6790 49.6790 44.9444 44.9444 59.0931 62.7694 69.6563 72.4707 67.6757 63.5295 60.1664 57.7235 56.0357 56.8859 58.8218 61.7414 84.9706 93.2309 98.0816 88.8369 81.7068 79.1202 102.3914 117.3882 124.7878 124.1451 124.0161 124.4026 132.3782 132.0152 132.1363 132.7403 133.8208 125.9365 127.5774 129.6919 132.2573 135.2479 138.6362 137.5936 130.9198 124.4026 118.0678 111.9464 117.3882 111.8034 106.5270 99.2975 92.8009 86.5563 80.6226 75.0733 70.0000 65.5134 34.9285 27.2029 20.0000 19.6977 12.8062 10.0000
113: 239.6331 219.2715 210.5232 209.3514 201.3157 193.8659 186.4618 179.1089 171.8139 164.5843 141.8732 139.1402 136.8211 134.9370 133.5066 141.4214 150.6254 160.1000 169.7999 179.6886 187.3606 185.2998 183.5647 182.1648 190.0737 189.0608 181.1077 180.3996 188.3826 212.3394 212.9413 205.9126 215.0349 221.3052 228.3156 228.8755 229.7129 234.7765 242.6850 237.6552 236.8459 236.3049 236.0339 236.0339 236.3049 236.8459 228.8755 228.3156 228.0351 228.0351 212.0377 212.0377 212.3394 212.9413 213.8411 215.0349 216.5179 210.5232 195.0590 187.3606 185.2998 193.0803 191.4158 183.5647 182.1648 190.0737 189.0608 181.1077 180.3996 188.3826 188.0425 188.0425 180.0444 180.0444 172.0000 164.1950 156.8184 149.9333 143.6106 136.8211 134.9370 127.1220 129.1201 131.5751 139.1402 141.8732 134.4619 118.1863 130.7364 118.7266 108.8118 102.4500 96.3328 92.0869 98.7927 87.8180 84.0952 80.9938 78.5875 76.9415 84.8528 92.3472 84.3801 76.1052 76.1052 58.2409 46.6476 45.2548 57.6888 57.6888 53.6656 54.4059 68.3520 71.5542 77.6660 79.1960 73.7564 68.8186 64.4981 60.9262 56.5685 56.0000 56.5685 58.2409 80.9938 87.8180 92.0869 84.0952 78.5875 76.9415 100.7174 116.2755 124.0645 124.0645 124.5793 125.6025 133.5066 132.5443 132.0606 132.0606 132.5443 124.5793 125.6025 127.1220 129.1201 131.5751 134.4619 132.4840 125.5388 118.7266 112.0714 105.6030 110.6345 104.6900 99.0353 91.2140 85.0412 79.1960 73.7564 68.8186 64.4981 60.9262 25.2982 17.8885 10.0000 11.3137 8.0000
114: 231.8965 211.5467 202.7807 201.8019 193.8659 186.4618 179.1089 171.8139 164.5843 157.4293 134.4619 131.5751 129.1201 127.1220 125.6025 133.5066 142.7725 152.3155 162.0864 172.0465 179.6886 177.5387 175.7271 174.2642 182.1648 181.1077 173.1589 172.4181 180.3996 204.3526 204.9780 197.9899 207.1521 213.3542 220.3270 220.9072 221.7747 226.8744 234.7765 229.7129 228.8755 228.3156 228.0351 228.0351 228.3156 228.8755 220.9072 220.3270 220.0364 220.0364 204.0392 204.0392 204.3526 204.9780 205.9126 207.1521 208.6912 202.7807 187.3606 179.6886 177.5387 185.2998 183.5647 175.7271 174.2642 182.1648 181.1077 173.1589 172.4181 180.3996 180.0444 180.0444 172.0465 172.0465 164.0000 156.2050 148.8624 142.0422 135.8234 129.1201 127.1220 119.3315 121.4578 124.0645 131.5751 134.4619 127.1220 110.9234 123.8225 112.0714 102.4500 96.3328 90.5097 85.6037 92.0869 80.9938 76.9415 73.5391 70.8802 69.0507 76.9415 84.3801 76.4199 68.1175 68.1175 50.5964 40.0000 40.0000 53.6656 53.6656 50.5964 52.6118 65.9697 68.3520 73.4302 73.7564 67.8823 62.4820 57.6888 53.6656 48.6621 48.0000 48.6621 50.5964 73.5391 80.9938 85.6037 76.9415 70.8802 69.0507 92.7793 108.2959 116.0689 116.0689 116.6190 117.7115 125.6025 124.5793 124.0645 124.0645 124.5793 116.6190 117.7115 119.3315 121.4578 124.0645 127.1220 125.5388 118.7266 112.0714 105.6030 99.3579 104.6900 99.0353 93.7230 86.5332 80.0000 73.7564 67.8823 62.4820 57.6888 53.6656 24.0000 16.0000 12.8062 8.0000
115: 229.9565 209.5710 200.8781 199.2486 191.0393 183.5211 176.0454 168.6179 161.2452 153.9351 131.5751 129.1201 127.1220 125.6025 124.5793 132.5443 141.4214 150.6254 160.1000 169.7999 177.5387 175.7271 174.2642 173.1589 181.1077 180.3996 172.4181 172.0465 180.0444 204.0392 204.3526 197.0178 205.9126 212.6029 220.0364 220.3270 220.9072 225.7432 233.6835 228.8755 228.3156 228.0351 228.0351 228.3156 228.8755 229.7129 221.7747 220.9072 220.3270 220.0364 204.0392 204.3526 204.9780 205.9126 207.1521 208.6912 210.5232 204.9780 189.7367 182.1648 179.6886 187.3606 185.2998 177.5387 175.7271 183.5647 182.1648 174.2642 173.1589 181.1077 180.3996 180.0444 172.0465 172.4181 164.1950 156.8184 149.9333 143.6106 137.9275 131.5751 129.1201 121.4578 124.0645 127.1220 134.4619 137.7534 130.5986 114.6124 128.1405 116.8247 107.6290 101.8234 96.3328 90.6863 96.8297 85.6037 80.9938 76.9415 73.5391 70.8802 78.5875 85.5102 76.0000 68.1175 69.0507 53.6656 45.2548 46.6476 60.9262 60.9262 58.2409 60.5310 73.7564 75.8947 80.4984 80.0000 73.7564 67.8823 62.4820 57.6888 50.5964 48.6621 48.0000 48.6621 70.8802 76.9415 80.9938 73.5391 69.0507 68.1175 92.0869 108.0000 116.0689 116.6190 117.7115 119.3315 127.1220 125.6025 124.5793 124.0645 124.0645 116.0689 116.6190 117.7115 119.3315 121.4578 124.0645 121.6553 114.6124 107.7033 100.9554 94.4034 99.3579 93.3809 87.7268 80.0000 73.7564 67.8823 62.4820 57.6888 53.6656 50.5964 16.0000 8.0000 8.2462
116: 237.3268 216.9332 208.2787 206.3201 197.9596 190.3786 182.8333 175.3283 167.8690 160.4618 138.5208 136.3085 134.5362 133.2216 132.3782 140.3567 149.0906 158.1518 167.4873 177.0537 184.8351 183.1830 181.8681 180.8978 188.8597 188.2658 180.2776 180.0111 188.0106 212.0094 212.2357 204.7926 213.5884 220.4450 228.0088 228.2192 228.7094 233.4524 241.4042 236.6854 236.2118 236.0085 236.0763 236.4149 237.0232 237.8991 229.9652 229.0589 228.4294 228.0789 212.0849 212.4618 213.1385 214.1121 215.3787 216.9332 218.7693 213.2135 197.9596 190.3786 187.9255 195.6016 193.5459 185.7848 183.9674 191.8020 190.3786 182.4829 181.3395 189.2829 188.5206 188.0957 180.1000 180.5436 172.2905 164.9848 158.1518 151.8552 146.1643 139.7856 137.3608 129.6919 132.2573 135.2479 142.6184 145.8355 138.6362 122.5887 135.9117 124.4026 114.9783 108.9771 103.2473 98.0816 104.4031 93.2309 88.8369 84.9706 81.7068 79.1202 86.8332 93.7443 84.0238 76.2365 77.2787 61.7414 52.4976 52.8015 66.2420 66.2420 62.7694 64.0312 77.7946 80.6226 86.0930 86.5563 80.6226 75.0733 70.0000 65.5134 58.8218 56.8859 56.0357 56.3205 78.1025 83.2586 86.8332 80.3243 76.6551 76.0263 100.0200 116.0172 124.1451 124.7878 125.9365 127.5774 135.3662 133.8208 132.7403 132.1363 132.0152 124.0161 124.4026 125.2996 126.6965 128.5768 130.9198 127.9531 120.7477 113.6486 106.6771 99.8599 104.4031 98.0816 92.0217 83.5464 77.7946 72.4707 67.6757 63.5295 60.1664 57.7235 16.1245 10.0000
117: 228.2805 207.8846 199.2787 196.9873 188.5099 180.8867 173.2974 165.7468 158.2403 150.7846 129.1201 127.1220 125.6025 124.5793 124.0645 132.0606 140.5133 149.3452 158.4929 167.9047 175.7271 174.2642 173.1589 172.4181 180.3996 180.0444 172.0465 172.0465 180.0444 204.0392 204.0392 196.3670 204.9780 212.1509 220.0364 220.0364 220.3270 224.8911 232.8605 228.3156 228.0351 228.0351 228.3156 228.8755 229.7129 230.8246 222.9260 221.7747 220.9072 220.3270 204.3526 204.9780 205.9126 207.1521 208.6912 210.5232 212.6405 207.4608 192.4162 184.9540 182.1648 189.7367 187.3606 179.6886 177.5387 185.2998 183.5647 175.7271 174.2642 182.1648 181.1077 180.3996 172.4181 173.1589 164.7786 157.8354 151.4199 145.6022 140.4564 134.4619 131.5751 124.0645 127.1220 130.5986 137.7534 141.4214 134.4619 118.7266 132.8006 121.9180 113.1371 107.6290 102.4500 96.1665 101.9804 90.6863 85.6037 80.9938 76.9415 73.5391 80.9938 87.3613 76.4199 69.0507 70.8802 57.6888 51.2250 53.6656 68.3520 68.3520 65.9697 68.4690 81.5843 83.5225 87.7268 86.5332 80.0000 73.7564 67.8823 62.4820 53.6656 50.5964 48.6621 48.0000 69.0507 73.5391 76.9415 70.8802 68.1175 68.1175 92.0869 108.2959 116.6190 117.7115 119.3315 121.4578 129.1201 127.1220 125.6025 124.5793 124.0645 116.0689 116.0689 116.6190 117.7115 119.3315 121.4578 118.1863 110.9234 103.7690 96.7471 89.8888 94.4034 88.0909 82.0731 73.7564 67.8823 62.4820 57.6888 53.6656 50.5964 48.6621 8.0000
118: 226.8744 206.4946 197.9899 195.0282 186.2901 178.5721 170.8801 163.2176 155.5892 148.0000 127.1220 125.6025 124.5793 124.0645 124.0645 132.0606 140.0571 148.4857 157.2768 166.3731 174.2642 173.1589 172.4181 172.0465 180.0444 180.0444 172.0465 172.4181 180.3996 204.3526 204.0392 196.0408 204.3526 212.0000 220.3270 220.0364 220.0364 224.3212 232.3101 228.0351 228.0351 228.3156 228.8755 229.7129 230.8246 232.2068 224.3569 222.9260 221.7747 220.9072 204.9780 205.9126 207.1521 208.6912 210.5232 212.6405 215.0349 210.2189 195.3868 188.0425 184.9540 192.4162 189.7367 182.1648 179.6886 187.3606 185.2998 177.5387 175.7271 183.5647 182.1648 181.1077 173.1589 174.2642 165.7468 159.2482 153.3101 148.0000 143.3876 137.7534 134.4619 127.1220 130.5986 134.4619 141.4214 145.4373 138.6795 123.2234 137.7679 127.3106 118.9285 113.7014 108.8118 101.9804 107.4802 96.1665 90.6863 85.6037 80.9938 76.9415 84.0952 89.8888 77.6660 70.8802 73.5391 62.4820 57.6888 60.9262 75.8947 75.8947 73.7564 76.4199 89.4427 91.2140 95.0789 93.2952 86.5332 80.0000 73.7564 67.8823 57.6888 53.6656 50.5964 48.6621 68.1175 70.8802 73.5391 69.0507 68.1175 69.0507 92.7793 109.1788 117.7115 119.3315 121.4578 124.0645 131.5751 129.1201 127.1220 125.6025 124.5793 116.6190 116.0689 116.0689 116.6190 117.7115 119.3315 115.1694 107.7033 100.3195 93.0376 85.8836 89.8888 83.2346 76.8375 67.8823 62.4820 57.6888 53.6656 50.5964 48.6621 48.0000
119: 179.6441 159.2482 150.6254 148.6607 140.4564 132.9662 125.5388 118.1863 110.9234 103.7690 80.9938 78.5875 76.9415 76.1052 76.1052 84.0952 92.0869 100.7174 109.8362 119.3315 127.1220 125.6025 124.5793 124.0645 132.0606 132.0606 124.0645 124.5793 132.5443 156.4609 156.0513 148.0540 156.4609 164.0000 172.4181 172.0465 172.0465 176.4086 184.3909 180.0444 180.0444 180.3996 181.1077 182.1648 183.5647 185.2998 177.5387 175.7271 174.2642 173.1589 157.2768 158.4929 160.1000 162.0864 164.4384 167.1407 170.1764 166.3731 152.3155 145.4373 141.4214 148.4857 144.9966 137.7534 134.4619 141.8732 139.1402 131.5751 129.1201 136.8211 134.9370 133.5066 125.6025 127.1220 118.4567 112.6410 107.7033 103.7690 100.9554 96.8297 92.0869 85.6037 90.6863 96.1665 101.9804 107.4802 101.9804 88.8144 105.3945 98.3870 93.6376 91.2140 89.4427 78.5875 80.9938 70.8802 63.2456 55.7136 48.3322 41.1825 45.6070 48.1664 32.2490 28.2843 34.4093 40.0000 50.5964 60.9262 75.8947 75.8947 78.7909 85.8836 93.6376 91.2140 88.8144 80.0000 72.0000 64.0000 56.0000 48.0000 32.0000 24.0000 16.0000 8.0000 20.3961 28.2843 34.4093 23.3238 20.3961 23.3238 45.6070 62.0967 70.8802 73.5391 76.9415 80.9938 87.8180 84.0952 80.9938 78.5875 76.9415 69.0507 68.1175 68.1175 69.0507 70.8802 73.5391 72.1110 65.6049 59.4643 53.8145 48.8262 55.5698 52.0000 49.4773 48.0000 40.0000 32.0000 24.0000 16.0000 8.0000
120: 178.2134 157.8354 149.3452 146.4923 137.9275 130.2920 122.7029 115.1694 107.7033 100.3195 78.5875 76.9415 76.1052 76.1052 76.9415 84.8528 92.0869 100.0800 108.6646 117.7115 125.6025 124.5793 124.0645 124.0645 132.0606 132.5443 124.5793 125.6025 133.5066 157.2768 156.4609 148.0540 156.0513 164.1950 173.1589 172.4181 172.0465 176.0454 184.0435 180.0444 180.3996 181.1077 182.1648 183.5647 185.2998 187.3606 179.6886 177.5387 175.7271 174.2642 158.4929 160.1000 162.0864 164.4384 167.1407 170.1764 173.5281 170.1764 156.4609 149.7732 145.4373 152.3155 148.4857 141.4214 137.7534 144.9966 141.8732 134.4619 131.5751 139.1402 136.8211 134.9370 127.1220 129.1201 120.3329 115.1694 110.9234 107.7033 105.6030 101.9804 96.8297 90.6863 96.1665 101.9804 107.4802 113.2784 108.0740 95.4149 112.1606 105.6030 101.1929 98.9545 97.3242 86.3481 88.5438 78.5875 70.8802 63.2456 55.7136 48.3322 52.1536 53.8145 36.8782 34.4093 41.1825 48.0000 58.2409 68.3520 83.5225 83.5225 86.1626 93.0376 101.1929 98.9545 96.7471 88.0000 80.0000 72.0000 64.0000 56.0000 40.0000 32.0000 24.0000 16.0000 20.3961 23.3238 28.2843 20.3961 23.3238 28.2843 48.3322 64.6220 73.5391 76.9415 80.9938 85.6037 92.0869 87.8180 84.0952 80.9938 78.5875 70.8802 69.0507 68.1175 68.1175 69.0507 70.8802 68.0000 61.0574 54.4059 48.1664 42.5206 48.8262 44.7214 41.7612 40.0000 32.0000 24.0000 16.0000 8.0000
121: 177.1327 156.8184 148.4857 144.7342 135.8234 128.0625 120.3329 112.6410 104.9952 97.4064 76.9415 76.1052 76.1052 76.9415 78.5875 86.3481 92.7793 100.0800 108.0740 116.6190 124.5793 124.0645 124.0645 124.5793 132.5443 133.5066 125.6025 127.1220 134.9370 158.4929 157.2768 148.4857 156.0513 164.7786 174.2642 173.1589 172.4181 176.0454 184.0435 180.3996 181.1077 182.1648 183.5647 185.2998 187.3606 189.7367 182.1648 179.6886 177.5387 175.7271 160.1000 162.0864 164.4384 167.1407 170.1764 173.5281 177.1779 174.2642 160.8975 154.4021 149.7732 156.4609 152.3155 145.4373 141.4214 148.4857 144.9966 137.7534 134.4619 141.8732 139.1402 136.8211 129.1201 131.5751 122.7029 118.1863 114.6124 112.0714 110.6345 107.4802 101.9804 96.1665 101.9804 108.0740 113.2784 119.3315 114.4028 102.2155 119.0798 112.9248 108.8118 106.7333 105.2236 94.1488 96.1665 86.3481 78.5875 70.8802 63.2456 55.7136 59.0593 60.0000 42.5206 41.1825 48.3322 56.0000 65.9697 75.8947 91.2140 91.2140 93.6376 100.3195 108.8118 106.7333 104.6900 96.0000 88.0000 80.0000 72.0000 64.0000 48.0000 40.0000 32.0000 24.0000 23.3238 20.3961 23.3238 20.3961 28.2843 34.4093 52.1536 68.0000 76.9415 80.9938 85.6037 90.6863 96.8297 92.0869 87.8180 84.0952 80.9938 73.5391 70.8802 69.0507 68.1175 68.1175 69.0507 64.6220 57.2713 50.1199 43.2666 36.8782 42.5206 37.7359 34.1760 32.0000 24.0000 16.0000 8.0000
122: 176.4086 156.2050 148.0540 143.4015 134.1641 126.3012 118.4567 110.6345 102.8397 95.0789 76.1052 76.1052 76.9415 78.5875 80.9938 88.5438 94.1488 100.7174 108.0740 116.0689 124.0645 124.0645 124.5793 125.6025 133.5066 134.9370 127.1220 129.1201 136.8211 160.1000 158.4929 149.3452 156.4609 165.7468 175.7271 174.2642 173.1589 176.4086 184.3909 181.1077 182.1648 183.5647 185.2998 187.3606 189.7367 192.4162 184.9540 182.1648 179.6886 177.5387 162.0864 164.4384 167.1407 170.1764 173.5281 177.1779 181.1077 178.6169 165.6019 159.2985 154.4021 160.8975 156.4609 149.7732 145.4373 152.3155 148.4857 141.4214 137.7534 144.9966 141.8732 139.1402 131.5751 134.4619 125.5388 121.6553 118.7266 116.8247 116.0000 113.2784 107.4802 101.9804 108.0740 114.4028 119.3315 125.6025 120.9297 109.1788 126.1269 120.3329 116.4818 114.5426 113.1371 101.9804 103.8460 94.1488 86.3481 78.5875 70.8802 63.2456 66.2118 66.5733 48.8262 48.3322 55.7136 64.0000 73.7564 83.5225 98.9545 98.9545 101.1929 107.7033 116.4818 114.5426 112.6410 104.0000 96.0000 88.0000 80.0000 72.0000 56.0000 48.0000 40.0000 32.0000 28.2843 20.3961 20.3961 23.3238 34.4093 41.1825 56.8507 72.1110 80.9938 85.6037 90.6863 96.1665 101.9804 96.8297 92.0869 87.8180 84.0952 76.9415 73.5391 70.8802 69.0507 68.1175 68.1175 62.0967 54.4059 46.8188 39.3954 32.2490 36.8782 31.2410 26.8328 24.0000 16.0000 8.0000
123: 176.0454 156.0000 148.0540 142.5061 132.9662 125.0280 117.0982 109.1788 101.2719 93.3809 76.1052 76.9415 78.5875 80.9938 84.0952 91.3893 96.1665 101.9804 108.6646 116.0689 124.0645 124.5793 125.6025 127.1220 134.9370 136.8211 129.1201 131.5751 139.1402 162.0864 160.1000 150.6254 157.2768 167.0928 177.5387 175.7271 174.2642 177.1327 185.0838 182.1648 183.5647 185.2998 187.3606 189.7367 192.4162 195.3868 188.0425 184.9540 182.1648 179.6886 164.4384 167.1407 170.1764 173.5281 177.1779 181.1077 185.2998 183.2157 170.5520 164.4384 159.2985 165.6019 160.8975 154.4021 149.7732 156.4609 152.3155 145.4373 141.4214 148.4857 144.9966 141.8732 134.4619 137.7534 128.8099 125.5388 123.2234 121.9180 121.6553 119.3315 113.2784 108.0740 114.4028 120.9297 125.6025 132.0606 127.6244 116.2755 133.2817 127.8124 124.1934 122.3765 121.0620 109.8362 111.5706 101.9804 94.1488 86.3481 78.5875 70.8802 73.5391 73.4302 55.5698 55.7136 63.2456 72.0000 81.5843 91.2140 106.7333 106.7333 108.8118 115.1694 124.1934 122.3765 120.5985 112.0000 104.0000 96.0000 88.0000 80.0000 64.0000 56.0000 48.0000 40.0000 34.4093 23.3238 20.3961 28.2843 41.1825 48.3322 62.2254 76.8375 85.6037 90.6863 96.1665 101.9804 107.4802 101.9804 96.8297 92.0869 87.8180 80.9938 76.9415 73.5391 70.8802 69.0507 68.1175 60.5310 52.6118 44.7214 36.8782 29.1204 32.2490 25.6125 20.0000 16.0000 8.0000
124: 176.0454 156.2050 148.4857 142.0563 132.2422 124.2578 116.2755 108.2959 100.3195 92.3472 76.9415 78.5875 80.9938 84.0952 87.8180 94.8262 98.7927 103.8460 109.8362 116.6190 124.5793 125.6025 127.1220 129.1201 136.8211 139.1402 131.5751 134.4619 141.8732 164.4384 162.0864 152.3155 158.4929 168.8076 179.6886 177.5387 175.7271 178.2134 186.1182 183.5647 185.2998 187.3606 189.7367 192.4162 195.3868 198.6353 191.4158 188.0425 184.9540 182.1648 167.1407 170.1764 173.5281 177.1779 181.1077 185.2998 189.7367 188.0425 175.7271 169.7999 164.4384 170.5520 165.6019 159.2985 154.4021 160.8975 156.4609 149.7732 145.4373 152.3155 148.4857 144.9966 137.7534 141.4214 132.4840 129.7998 128.0625 127.3106 127.5617 125.6025 119.3315 114.4028 120.9297 127.6244 132.0606 138.6795 134.4619 123.4828 140.5276 135.3514 131.9394 130.2306 128.9961 117.7115 119.3315 109.8362 101.9804 94.1488 86.3481 78.5875 80.9938 80.4984 62.6099 63.2456 70.8802 80.0000 89.4427 98.9545 114.5426 114.5426 116.4818 122.7029 131.9394 130.2306 128.5613 120.0000 112.0000 104.0000 96.0000 88.0000 72.0000 64.0000 56.0000 48.0000 41.1825 28.2843 23.3238 34.4093 48.3322 55.7136 68.1175 82.0731 90.6863 96.1665 101.9804 108.0740 113.2784 107.4802 101.9804 96.8297 92.0869 85.6037 80.9938 76.9415 73.5391 70.8802 69.0507 60.0000 52.0000 44.0000 36.0000 28.0000 29.1204 21.5407 14.4222 8.0000
125: 176.4086 156.8184 149.3452 142.0563 132.0000 124.0000 116.0000 108.0000 100.0000 92.0000 78.5875 80.9938 84.0952 87.8180 92.0869 98.7927 101.9804 106.2826 111.5706 117.7115 125.6025 127.1220 129.1201 131.5751 139.1402 141.8732 134.4619 137.7534 144.9966 167.1407 164.4384 154.4021 160.1000 170.8801 182.1648 179.6886 177.5387 179.6441 187.4887 185.2998 187.3606 189.7367 192.4162 195.3868 198.6353 202.1485 195.0590 191.4158 188.0425 184.9540 170.1764 173.5281 177.1779 181.1077 185.2998 189.7367 194.4016 193.0803 181.1077 175.3625 169.7999 175.7271 170.5520 164.4384 159.2985 165.6019 160.8975 154.4021 149.7732 156.4609 152.3155 148.4857 141.4214 145.4373 136.5284 134.4024 133.2066 132.9662 133.6862 132.0606 125.6025 120.9297 127.6244 134.4619 138.6795 145.4373 141.4214 130.7823 147.8513 142.9405 139.7140 138.1014 136.9379 125.6025 127.1220 117.7115 109.8362 101.9804 94.1488 86.3481 88.5438 87.7268 69.8570 70.8802 78.5875 88.0000 97.3242 106.7333 122.3765 122.3765 124.1934 130.2920 139.7140 138.1014 136.5284 128.0000 120.0000 112.0000 104.0000 96.0000 80.0000 72.0000 64.0000 56.0000 48.3322 34.4093 28.2843 41.1825 55.7136 63.2456 74.4043 87.7268 96.1665 101.9804 108.0740 114.4028 119.3315 113.2784 107.4802 101.9804 96.8297 90.6863 85.6037 80.9938 76.9415 73.5391 70.8802 60.5310 52.6118 44.7214 36.8782 29.1204 28.0000 20.0000 12.0000
126: 164.4384 144.8862 137.4627 130.0615 120.0000 112.0000 104.0000 96.0000 88.0000 80.0000 67.0522 69.8570 73.4302 77.6660 82.4621 88.8144 91.3017 95.0789 100.0000 105.9056 113.7717 115.4470 117.6435 120.3329 127.8124 130.7823 123.4828 127.0590 134.1641 156.0000 153.1013 142.9405 148.4318 159.3989 170.8801 168.2379 165.9397 167.9047 175.7271 173.6663 175.8636 178.3928 181.2402 184.3909 187.8297 191.5411 184.5644 180.7097 177.1327 173.8505 159.2482 162.8251 166.7093 170.8801 175.3169 180.0000 184.9108 184.0435 172.5572 167.0928 161.2452 166.9012 161.4435 155.5892 150.1466 156.2050 151.2085 144.9414 140.0000 146.4787 142.0422 137.9275 131.0267 135.3514 126.4911 124.9640 124.4508 124.9640 126.4911 125.5388 118.7266 114.6124 121.6553 128.8099 132.4840 139.5421 136.0588 126.4911 143.5688 139.7140 137.4627 136.5284 136.0588 124.2578 125.0280 116.2755 108.2959 100.3195 92.3472 84.3801 85.5102 83.5225 65.9697 68.4690 76.4199 88.8144 100.0000 110.0545 125.2837 125.2837 127.8124 134.4619 142.9405 140.6840 138.1014 128.5613 120.5985 112.6410 104.6900 96.7471 80.8950 72.9932 65.1153 57.2713 44.7214 29.1204 21.5407 36.8782 52.6118 60.5310 68.0000 80.0000 88.0909 94.4034 100.9554 107.7033 112.0714 105.6030 99.3579 93.3809 87.7268 82.0731 76.4199 71.2180 66.5733 62.6099 59.4643 48.6621 40.7922 32.9848 25.2982 17.8885 16.0000 8.0000
127: 156.4609 136.9379 129.5531 122.0656 112.0000 104.0000 96.0000 88.0000 80.0000 72.0000 59.4643 62.6099 66.5733 71.2180 76.4199 82.4621 84.3801 87.7268 92.3472 98.0612 105.9056 107.7033 110.0545 112.9248 120.3329 123.4828 116.2755 120.0666 127.0590 148.6472 145.6022 135.3514 140.6840 151.7893 163.4136 160.6487 158.2403 160.1000 167.9047 165.9397 168.2379 170.8801 173.8505 177.1327 180.7097 184.5644 177.6739 173.6663 169.9412 166.5173 152.0526 155.7947 159.8499 164.1950 168.8076 173.6663 178.7512 178.2134 167.0928 161.8394 155.7947 161.2452 155.5892 149.9333 144.2775 150.1466 144.9414 138.8524 133.6862 140.0000 135.3514 131.0267 124.2578 128.8099 120.0000 118.9285 118.9285 120.0000 122.1147 121.6553 114.6124 110.9234 118.1863 125.5388 128.8099 136.0588 132.9662 124.1934 141.2091 138.1014 136.5284 136.0588 136.0588 124.0000 124.2578 116.0000 108.0000 100.0000 92.0000 84.0000 84.3801 81.5843 64.4981 68.0000 76.0000 90.2441 102.5280 112.9248 127.8124 127.8124 130.7823 137.7534 145.6022 142.9405 139.7140 129.5531 121.6553 113.7717 105.9056 98.0612 82.4621 74.7262 67.0522 59.4643 44.0000 28.0000 20.0000 36.0000 52.0000 60.0000 64.6220 75.4718 83.2346 89.8888 96.7471 103.7690 107.7033 100.9554 94.4034 88.0909 82.0731 76.8375 70.7672 65.1153 60.0000 55.5698 52.0000 40.7922 32.9848 25.2982 17.8885 11.3137 8.0000
128: 148.4857 128.9961 121.6553 114.0702 104.0000 96.0000 88.0000 80.0000 72.0000 64.0000 52.0000 55.5698 60.0000 65.1153 70.7672 76.4199 77.6660 80.4984 84.7585 90.2441 98.0612 100.0000 102.5280 105.6030 112.9248 116.2755 109.1788 113.2078 120.0666 141.3648 138.1593 127.8124 132.9662 144.2221 156.0000 153.1013 150.5722 152.3155 160.1000 158.2403 160.6487 163.4136 166.5173 169.9412 173.6663 177.6739 170.8801 166.7093 162.8251 159.2482 144.9414 148.8624 153.1013 157.6325 162.4315 167.4754 172.7426 172.5572 161.8394 156.8184 150.5722 155.7947 149.9333 144.4991 138.6218 144.2775 138.8524 132.9662 127.5617 133.6862 128.8099 124.2578 117.6435 122.4418 113.7014 113.1371 113.7014 115.3776 118.1186 118.1863 110.9234 107.7033 115.1694 122.7029 125.5388 132.9662 130.2920 122.3765 139.2695 136.9379 136.0588 136.0588 136.5284 124.2578 124.0000 116.2755 108.2959 100.3195 92.3472 84.3801 84.0000 80.3990 64.0000 68.4690 76.4199 92.3472 105.6030 116.2755 130.7823 130.7823 134.1641 141.4214 148.6472 145.6022 141.7604 131.0267 123.2234 115.4470 107.7033 100.0000 84.7585 77.2528 69.8570 62.6099 44.7214 29.1204 21.5407 36.8782 52.6118 60.5310 62.0967 71.5542 78.8923 85.8836 93.0376 100.3195 103.7690 96.7471 89.8888 83.2346 76.8375 72.1110 65.6049 59.4643 53.8145 48.8262 44.7214 32.9848 25.2982 17.8885 11.3137 8.0000
129: 148.0540 128.2498 120.5985 114.0702 104.3072 96.3328 88.3629 80.3990 72.4431 64.4981 49.4773 52.0000 55.5698 60.0000 65.1153 71.2180 73.4302 77.2528 82.4621 88.8144 96.7471 98.0612 100.0000 102.5280 110.0545 112.9248 105.6030 109.1788 116.2755 138.1593 135.3514 125.2837 131.0267 141.7604 153.1013 150.5722 148.4318 150.6254 158.4929 156.2050 158.2403 160.6487 163.4136 166.5173 169.9412 173.6663 166.7093 162.8251 159.2482 156.0000 141.3648 144.9414 148.8624 153.1013 157.6325 162.4315 167.4754 166.9012 155.7947 150.5722 144.4991 149.9333 144.2775 138.6218 132.9662 138.8524 133.6862 127.5617 122.4418 128.8099 124.2578 120.0666 113.2078 117.6435 108.8118 107.6290 107.6290 108.8118 111.1396 110.9234 103.7690 100.3195 107.7033 115.1694 118.1863 125.5388 122.7029 114.5426 131.4686 128.9961 128.0625 128.0625 128.5613 116.2755 116.0000 108.2959 100.3195 92.3472 84.3801 76.4199 76.0000 72.4431 56.0000 60.5310 68.4690 84.7585 98.3870 109.1788 123.4828 123.4828 127.0590 134.4619 141.3648 138.1593 134.1044 123.2234 115.4470 107.7033 100.0000 92.3472 77.2528 69.8570 62.6099 55.5698 36.8782 21.5407 14.4222 29.1204 44.7214 52.6118 54.4059 64.4981 72.1110 78.8923 85.8836 93.0376 96.7471 89.8888 83.2346 76.8375 70.7672 65.6049 59.4643 53.8145 48.8262 44.7214 41.7612 32.0000 24.0000 16.0000 8.0000
130: 140.0571 120.2664 112.6410 106.0754 96.3328 88.3629 80.3990 72.4431 64.4981 56.5685 41.7612 44.7214 48.8262 53.8145 59.4643 65.1153 66.5733 69.8570 74.7262 80.8950 88.8144 90.2441 92.3472 95.0789 102.5280 105.6030 98.3870 102.2155 109.1788 130.7823 127.8124 117.6435 123.2234 134.1044 145.6022 142.9405 140.6840 142.7725 150.6254 148.4318 150.5722 153.1013 156.0000 159.2482 162.8251 166.7093 159.8499 155.7947 152.0526 148.6472 134.1641 137.9275 142.0422 146.4787 151.2085 156.2050 161.4435 161.2452 150.5722 145.6022 139.3126 144.4991 138.6218 133.2066 127.3106 132.9662 127.5617 121.6553 116.2755 122.4418 117.6435 113.2078 106.5082 111.2115 102.4500 101.8234 102.4500 104.3072 107.3313 107.7033 100.3195 97.4064 104.9952 112.6410 115.1694 122.7029 120.3329 113.1371 129.8769 128.2498 128.0625 128.5613 129.5531 117.0982 116.2755 109.1788 101.2719 93.3809 85.5102 77.6660 76.4199 72.0000 56.5685 62.0967 69.8570 87.7268 102.2155 113.2078 127.0590 127.0590 131.0267 138.6795 144.9414 141.3648 136.7041 125.2837 117.6435 110.0545 102.5280 95.0789 80.4984 73.4302 66.5733 60.0000 39.3954 25.6125 20.0000 32.2490 46.8188 54.4059 52.6118 60.9262 68.0000 75.1532 82.4621 89.8888 93.0376 85.8836 78.8923 72.1110 65.6049 61.0574 54.4059 48.1664 42.5206 37.7359 34.1760 24.0000 16.0000 8.0000
131: 132.0606 112.2854 104.6900 98.0816 88.3629 80.3990 72.4431 64.4981 56.5685 48.6621 34.1760 37.7359 42.5206 48.1664 54.4059 59.4643 60.0000 62.6099 67.0522 72.9932 80.8950 82.4621 84.7585 87.7268 95.0789 98.3870 91.3017 95.4149 102.2155 123.4828 120.3329 110.0545 115.4470 126.4911 138.1593 135.3514 132.9662 134.9370 142.7725 140.6840 142.9405 145.6022 148.6472 152.0526 155.7947 159.8499 153.1013 148.8624 144.9414 141.3648 127.0590 131.0267 135.3514 140.0000 144.9414 150.1466 155.5892 155.7947 145.6022 140.9113 134.4024 139.3126 133.2066 128.0625 121.9180 127.3106 121.6553 116.0000 110.3449 116.2755 111.2115 106.5082 100.0000 104.9952 96.3328 96.3328 97.6524 100.2397 104.0000 104.9952 97.4064 95.0789 102.8397 110.6345 112.6410 120.3329 118.4567 112.2854 128.7633 128.0000 128.5613 129.5531 131.0267 118.4567 117.0982 110.6345 102.8397 95.0789 87.3613 79.6994 77.6660 72.4431 58.2409 64.6220 72.1110 91.3017 106.5082 117.6435 131.0267 131.0267 135.3514 143.2201 148.8624 144.9414 139.7140 127.8124 120.3329 112.9248 105.6030 98.3870 84.3801 77.6660 71.2180 65.1153 43.2666 31.2410 26.8328 36.8782 50.1199 57.2713 52.0000 58.2409 64.6220 72.1110 79.6994 87.3613 89.8888 82.4621 75.1532 68.0000 61.0574 57.2713 50.1199 43.2666 36.8782 31.2410 26.8328 16.0000 8.0000
132: 124.0645 104.3072 96.7471 90.0888 80.3990 72.4431 64.4981 56.5685 48.6621 40.7922 26.8328 31.2410 36.8782 43.2666 50.1199 54.4059 53.8145 55.5698 59.4643 65.1153 72.9932 74.7262 77.2528 80.4984 87.7268 91.3017 84.3801 88.8144 95.4149 116.2755 112.9248 102.5280 107.7033 118.9285 130.7823 127.8124 125.2837 127.1220 134.9370 132.9662 135.3514 138.1593 141.3648 144.9414 148.8624 153.1013 146.4787 142.0422 137.9275 134.1641 120.0666 124.2578 128.8099 133.6862 138.8524 144.2775 149.9333 150.5722 140.9113 136.5284 129.7998 134.4024 128.0625 123.2234 116.8247 121.9180 116.0000 110.6345 104.6900 110.3449 104.9952 100.0000 93.7230 99.0353 90.5097 91.2140 93.2952 96.6644 101.1929 102.8397 95.0789 93.3809 101.2719 109.1788 110.6345 118.4567 117.0982 112.0000 128.1405 128.2498 129.5531 131.0267 132.9662 120.3329 118.4567 112.6410 104.9952 97.4064 89.8888 82.4621 79.6994 73.7564 60.9262 68.0000 75.1532 95.4149 111.2115 122.4418 135.3514 135.3514 140.0000 148.0540 153.1013 148.8624 143.1084 130.7823 123.4828 116.2755 109.1788 102.2155 88.8144 82.4621 76.4199 70.7672 48.1664 37.7359 34.1760 42.5206 54.4059 61.0574 52.6118 56.5685 62.0967 69.8570 77.6660 85.5102 87.3613 79.6994 72.1110 64.6220 57.2713 54.4059 46.8188 39.3954 32.2490 25.6125 20.0000 8.0000
133: 116.0689 96.3328 88.8144 82.0975 72.4431 64.4981 56.5685 48.6621 40.7922 32.9848 20.0000 25.6125 32.2490 39.3954 46.8188 50.1199 48.1664 48.8262 52.0000 57.2713 65.1153 67.0522 69.8570 73.4302 80.4984 84.3801 77.6660 82.4621 88.8144 109.1788 105.6030 95.0789 100.0000 111.4271 123.4828 120.3329 117.6435 119.3315 127.1220 125.2837 127.8124 130.7823 134.1641 137.9275 142.0422 146.4787 140.0000 135.3514 131.0267 127.0590 113.2078 117.6435 122.4418 127.5617 132.9662 138.6218 144.4991 145.6022 136.5284 132.4840 125.5388 129.7998 123.2234 118.7266 112.0714 116.8247 110.6345 105.6030 99.3579 104.6900 99.0353 93.7230 87.7268 93.3809 85.0412 86.5332 89.4427 93.6376 98.9545 101.2719 93.3809 92.3472 100.3195 108.2959 109.1788 117.0982 116.2755 112.2854 128.0156 128.9961 131.0267 132.9662 135.3514 122.7029 120.3329 115.1694 107.7033 100.3195 93.0376 85.8836 82.4621 75.8947 64.4981 72.1110 78.8923 100.0000 116.2755 127.5617 140.0000 140.0000 144.9414 153.1535 157.6325 153.1013 146.8605 134.1641 127.0590 120.0666 113.2078 106.5082 93.7230 87.7268 82.0731 76.8375 53.8145 44.7214 41.7612 48.8262 59.4643 65.6049 54.4059 56.0000 60.5310 68.4690 76.4199 84.3801 85.5102 77.6660 69.8570 62.0967 54.4059 52.6118 44.7214 36.8782 29.1204 21.5407 14.4222
134: 108.2959 88.0909 80.0000 75.7100 67.0522 59.4643 52.0000 44.7214 37.7359 31.2410 8.0000 11.3137 17.8885 25.2982 32.9848 35.7771 33.9411 35.7771 40.7922 48.0000 56.0000 56.5685 58.2409 60.9262 68.3520 71.5542 64.4981 68.8186 75.4718 96.6644 93.6376 83.5225 89.4427 100.0000 111.4271 108.8118 106.7333 109.1788 117.0982 114.5426 116.4818 118.9285 121.8524 125.2198 128.9961 133.1465 126.4911 122.1147 118.1186 114.5426 100.2397 104.3072 108.8118 113.7014 118.9285 124.4508 130.2306 131.2098 122.1147 118.1186 111.1396 115.3776 108.8118 104.3072 97.6524 102.4500 96.3328 91.2140 85.0412 90.5097 85.0412 80.0000 73.7564 79.1960 70.7672 72.1110 75.1532 79.6994 85.5102 88.3629 80.3990 80.0000 88.0000 96.0000 96.3328 104.3072 104.0000 101.2719 116.4302 118.4567 121.4578 124.0645 127.1220 114.5426 111.4271 107.3313 100.2397 93.2952 86.5332 80.0000 75.4718 68.0000 59.4643 67.8823 73.7564 96.1665 113.2784 124.5793 135.8823 135.8823 141.4214 149.9333 153.1535 148.0540 140.9113 127.6244 120.9297 114.4028 108.0740 101.9804 90.6863 85.6037 80.9938 76.9415 53.6656 48.6621 48.0000 50.5964 57.6888 62.4820 46.6476 44.7214 48.0000 56.0000 64.0000 72.0000 72.4431 64.4981 56.5685 48.6621 40.7922 40.0000 32.0000 24.0000 16.0000 8.0000
135: 109.1788 88.8144 80.3990 77.7946 69.8570 62.6099 55.5698 48.8262 42.5206 36.8782 11.3137 8.0000 11.3137 17.8885 25.2982 28.8444 28.8444 32.9848 40.0000 48.6621 56.5685 56.0000 56.5685 58.2409 65.9697 68.3520 60.9262 64.4981 71.5542 93.6376 91.2140 81.5843 88.3629 98.0612 108.8118 106.7333 105.2236 108.2959 116.2755 113.1371 114.5426 116.4818 118.9285 121.8524 125.2198 128.9961 122.1147 118.1186 114.5426 111.4271 96.6644 100.2397 104.3072 108.8118 113.7014 118.9285 124.4508 124.9640 115.3776 111.1396 104.3072 108.8118 102.4500 97.6524 91.2140 96.3328 90.5097 85.0412 79.1960 85.0412 80.0000 75.4718 68.8186 73.7564 65.1153 65.6049 68.0000 72.1110 77.6660 80.3990 72.4431 72.0000 80.0000 88.0000 88.3629 96.3328 96.0000 93.3809 108.4620 110.6345 113.8420 116.6190 119.8666 107.3313 104.0000 100.2397 93.2952 86.5332 80.0000 73.7564 68.8186 61.0574 53.8145 62.4820 67.8823 90.6863 108.0740 119.3315 130.1076 130.1076 135.8823 144.4991 147.1870 141.8732 134.4024 120.9297 114.4028 108.0740 101.9804 96.1665 85.6037 80.9938 76.9415 73.5391 50.5964 48.0000 48.6621 48.6621 53.6656 57.6888 40.0000 36.8782 40.0000 48.0000 56.0000 64.0000 64.4981 56.5685 48.6621 40.7922 32.9848 32.0000 24.0000 16.0000 8.0000
136: 110.6345 90.2441 81.5843 80.6226 73.4302 66.5733 60.0000 53.8145 48.1664 43.2666 17.8885 11.3137 8.0000 11.3137 17.8885 22.6274 25.2982 32.0000 40.7922 50.5964 58.2409 56.5685 56.0000 56.5685 64.4981 65.9697 58.2409 60.9262 68.3520 91.2140 89.4427 80.3990 88.0000 96.7471 106.7333 105.2236 104.3072 108.0000 116.0000 112.2854 113.1371 114.5426 116.4818 118.9285 121.8524 125.2198 118.1186 114.5426 111.4271 108.8118 93.6376 96.6644 100.2397 104.3072 108.8118 113.7014 118.9285 118.9285 108.8118 104.3072 97.6524 102.4500 96.3328 91.2140 85.0412 90.5097 85.0412 79.1960 73.7564 80.0000 75.4718 71.5542 64.4981 68.8186 60.0000 59.4643 61.0574 64.6220 69.8570 72.4431 64.4981 64.0000 72.0000 80.0000 80.3990 88.3629 88.0000 85.5102 100.4988 102.8397 106.2826 109.2520 112.7120 100.2397 96.6644 93.2952 86.5332 80.0000 73.7564 67.8823 62.4820 54.4059 48.8262 57.6888 62.4820 85.6037 103.2279 114.4028 124.5793 124.5793 130.5986 139.3126 141.4214 135.8823 128.0625 114.4028 108.0740 101.9804 96.1665 90.6863 80.9938 76.9415 73.5391 70.8802 48.6621 48.6621 50.5964 48.0000 50.5964 53.6656 33.9411 29.1204 32.0000 40.0000 48.0000 56.0000 56.5685 48.6621 40.7922 32.9848 25.2982 24.0000 16.0000 8.0000
137: 112.6410 92.3472 83.5225 84.1190 77.6660 71.2180 65.1153 59.4643 54.4059 50.1199 25.2982 17.8885 11.3137 8.0000 11.3137 17.8885 24.0000 32.9848 43.0813 53.6656 60.9262 58.2409 56.5685 56.0000 64.0000 64.4981 56.5685 58.2409 65.9697 89.4427 88.3629 80.0000 88.3629 96.0833 105.2236 104.3072 104.0000 108.2959 116.2755 112.0000 112.2854 113.1371 114.5426 116.4818 118.9285 121.8524 114.5426 111.4271 108.8118 106.7333 91.2140 93.6376 96.6644 100.2397 104.3072 108.8118 113.7014 113.1371 102.4500 97.6524 91.2140 96.3328 90.5097 85.0412 79.1960 85.0412 80.0000 73.7564 68.8186 75.4718 71.5542 68.3520 60.9262 64.4981 55.5698 53.8145 54.4059 57.2713 62.0967 64.4981 56.5685 56.0000 64.0000 72.0000 72.4431 80.3990 80.0000 77.6660 92.5419 95.0789 98.7927 101.9804 105.6788 93.2952 89.4427 86.5332 80.0000 73.7564 67.8823 62.4820 56.5685 48.1664 44.7214 53.6656 57.6888 80.9938 98.7927 109.8362 119.3315 119.3315 125.6025 134.4024 135.8823 130.1076 121.9180 108.0740 101.9804 96.1665 90.6863 85.6037 76.9415 73.5391 70.8802 69.0507 48.0000 50.5964 53.6656 48.6621 48.6621 50.5964 28.8444 21.5407 24.0000 32.0000 40.0000 48.0000 48.6621 40.7922 32.9848 25.2982 17.8885 16.0000 8.0000
138: 115.1694 95.0789 86.1626 88.2043 82.4621 76.4199 70.7672 65.6049 61.0574 57.2713 32.9848 25.2982 17.8885 11.3137 8.0000 16.0000 25.2982 35.7771 46.6476 57.6888 64.4981 60.9262 58.2409 56.5685 64.4981 64.0000 56.0000 56.5685 64.4981 88.3629 88.0000 80.3990 89.4427 96.0833 104.3072 104.0000 104.3072 109.1788 117.0982 112.2854 112.0000 112.2854 113.1371 114.5426 116.4818 118.9285 111.4271 108.8118 106.7333 105.2236 89.4427 91.2140 93.6376 96.6644 100.2397 104.3072 108.8118 107.6290 96.3328 91.2140 85.0412 90.5097 85.0412 79.1960 73.7564 80.0000 75.4718 68.8186 64.4981 71.5542 68.3520 65.9697 58.2409 60.9262 52.0000 48.8262 48.1664 50.1199 54.4059 56.5685 48.6621 48.0000 56.0000 64.0000 64.4981 72.4431 72.0000 69.8570 84.5931 87.3613 91.3893 94.8262 98.7927 86.5332 82.3650 80.0000 73.7564 67.8823 62.4820 57.6888 51.2250 42.5206 41.7612 50.5964 53.6656 76.9415 94.8262 105.6788 114.4028 114.4028 120.9297 129.7998 130.5986 124.5793 116.0000 101.9804 96.1665 90.6863 85.6037 80.9938 73.5391 70.8802 69.0507 68.1175 48.6621 53.6656 57.6888 50.5964 48.0000 48.6621 25.2982 14.4222 16.0000 24.0000 32.0000 40.0000 40.7922 32.9848 25.2982 17.8885 11.3137 8.0000
139: 118.1863 98.3870 89.4427 92.8009 87.7268 82.0731 76.8375 72.1110 68.0000 64.6220 40.7922 32.9848 25.2982 17.8885 11.3137 17.8885 28.8444 40.0000 51.2250 62.4820 68.8186 64.4981 60.9262 58.2409 65.9697 64.4981 56.5685 56.0000 64.0000 88.0000 88.3629 81.5843 91.2140 96.7471 104.0000 104.3072 105.2236 110.6345 118.4567 113.1371 112.2854 112.0000 112.2854 113.1371 114.5426 116.4818 108.8118 106.7333 105.2236 104.3072 88.3629 89.4427 91.2140 93.6376 96.6644 100.2397 104.3072 102.4500 90.5097 85.0412 79.1960 85.0412 80.0000 73.7564 68.8186 75.4718 71.5542 64.4981 60.9262 68.3520 65.9697 64.4981 56.5685 58.2409 49.4773 44.7214 42.5206 43.2666 46.8188 48.6621 40.7922 40.0000 48.0000 56.0000 56.5685 64.4981 64.0000 62.0967 76.6551 79.6994 84.0952 87.8180 92.0869 80.0000 75.4718 73.7564 67.8823 62.4820 57.6888 53.6656 46.6476 37.7359 40.1995 48.6621 50.5964 73.5391 91.3893 101.9804 109.8362 109.8362 116.6190 125.5388 125.6025 119.3315 110.3449 96.1665 90.6863 85.6037 80.9938 76.9415 70.8802 69.0507 68.1175 68.1175 50.5964 57.6888 62.4820 53.6656 48.6621 48.0000 24.0000 8.9443 8.0000 16.0000 24.0000 32.0000 32.9848 25.2982 17.8885 11.3137 8.0000
140: 110.9234 91.3017 82.3650 86.5563 82.0731 76.8375 72.1110 68.0000 64.6220 62.0967 40.0000 32.0000 24.0000 16.0000 8.0000 11.3137 22.6274 33.9411 45.2548 56.5685 62.4820 57.6888 53.6656 50.5964 58.2409 56.5685 48.6621 48.0000 56.0000 80.0000 80.3990 73.7564 83.5225 88.8144 96.0000 96.3328 97.3242 102.8397 110.6345 105.2236 104.3072 104.0000 104.3072 105.2236 106.7333 108.8118 101.1929 98.9545 97.3242 96.3328 80.3990 81.5843 83.5225 86.1626 89.4427 93.2952 97.6524 96.3328 85.0412 80.0000 73.7564 79.1960 73.7564 67.8823 62.4820 68.8186 64.4981 57.6888 53.6656 60.9262 58.2409 56.5685 48.6621 50.5964 41.7612 37.7359 36.8782 39.3954 44.7214 48.0000 40.0000 40.7922 48.6621 56.5685 56.0000 64.0000 64.4981 64.6220 78.1025 82.4621 87.8180 92.0869 96.8297 85.0412 80.0000 79.1960 73.7564 68.8186 64.4981 60.9262 53.6656 44.7214 48.1664 56.5685 58.2409 80.9938 98.7927 109.2520 116.6190 116.6190 123.5476 132.4840 132.0606 125.6025 116.2755 101.9804 96.8297 92.0869 87.8180 84.0952 78.5875 76.9415 76.1052 76.1052 58.2409 64.4981 68.8186 60.9262 56.5685 56.0000 32.0000 16.4924 11.3137 17.8885 25.2982 32.9848 32.0000 24.0000 16.0000 8.0000
141: 114.6124 95.4149 86.5332 91.9348 88.0909 83.2346 78.8923 75.1532 72.1110 69.8570 48.0000 40.0000 32.0000 24.0000 16.0000 17.8885 28.8444 40.0000 51.2250 62.4820 67.8823 62.4820 57.6888 53.6656 60.9262 58.2409 50.5964 48.6621 56.5685 80.3990 81.5843 75.8947 86.1626 90.2441 96.3328 97.3242 98.9545 104.9952 112.6410 106.7333 105.2236 104.3072 104.0000 104.3072 105.2236 106.7333 98.9545 97.3242 96.3328 96.0000 80.0000 80.3990 81.5843 83.5225 86.1626 89.4427 93.2952 91.2140 79.1960 73.7564 67.8823 73.7564 68.8186 62.4820 57.6888 64.4981 60.9262 53.6656 50.5964 58.2409 56.5685 56.0000 48.0000 48.6621 40.1995 34.1760 31.2410 32.2490 36.8782 40.0000 32.0000 32.9848 40.7922 48.6621 48.0000 56.0000 56.5685 57.2713 70.3420 75.1532 80.9938 85.6037 90.6863 79.1960 73.7564 73.7564 68.8186 64.4981 60.9262 58.2409 50.5964 41.7612 48.1664 56.0000 56.5685 78.5875 96.1665 106.2826 112.7120 112.7120 119.8666 128.8099 127.6244 120.9297 111.2115 96.8297 92.0869 87.8180 84.0952 80.9938 76.9415 76.1052 76.1052 76.9415 60.9262 68.8186 73.7564 64.4981 58.2409 56.5685 32.9848 16.4924 8.0000 11.3137 17.8885 25.2982 24.0000 16.0000 8.0000
142: 118.7266 100.0000 91.2140 97.6729 94.4034 89.8888 85.8836 82.4621 79.6994 77.6660 56.0000 48.0000 40.0000 32.0000 24.0000 25.2982 35.7771 46.6476 57.6888 68.8186 73.7564 67.8823 62.4820 57.6888 64.4981 60.9262 53.6656 50.5964 58.2409 81.5843 83.5225 78.7909 89.4427 92.3472 97.3242 98.9545 101.1929 107.7033 115.1694 108.8118 106.7333 105.2236 104.3072 104.0000 104.3072 105.2236 97.3242 96.3328 96.0000 96.3328 80.3990 80.0000 80.3990 81.5843 83.5225 86.1626 89.4427 86.5332 73.7564 67.8823 62.4820 68.8186 64.4981 57.6888 53.6656 60.9262 58.2409 50.5964 48.6621 56.5685 56.0000 56.5685 48.6621 48.0000 40.1995 32.2490 26.8328 25.6125 29.1204 32.0000 24.0000 25.2982 32.9848 40.7922 40.0000 48.0000 48.6621 50.1199 62.6418 68.0000 74.4043 79.3977 84.8528 73.7564 67.8823 68.8186 64.4981 60.9262 58.2409 56.5685 48.6621 40.1995 49.4773 56.5685 56.0000 76.9415 94.1488 103.8460 109.2520 109.2520 116.6190 125.5388 123.5476 116.6190 106.5082 92.0869 87.8180 84.0952 80.9938 78.5875 76.1052 76.1052 76.9415 78.5875 64.4981 73.7564 79.1960 68.8186 60.9262 58.2409 35.7771 20.0000 11.3137 8.0000 11.3137 17.8885 16.0000 8.0000
143: 123.2234 104.9952 96.3328 103.7111 100.9554 96.7471 93.0376 89.8888 87.3613 85.5102 64.0000 56.0000 48.0000 40.0000 32.0000 32.9848 43.0813 53.6656 64.4981 75.4718 80.0000 73.7564 67.8823 62.4820 68.8186 64.4981 57.6888 53.6656 60.9262 83.5225 86.1626 82.3650 93.2952 95.0789 98.9545 101.1929 104.0000 110.9234 118.1863 111.4271 108.8118 106.7333 105.2236 104.3072 104.0000 104.3072 96.3328 96.0000 96.3328 97.3242 81.5843 80.3990 80.0000 80.3990 81.5843 83.5225 86.1626 82.3650 68.8186 62.4820 57.6888 64.4981 60.9262 53.6656 50.5964 58.2409 56.5685 48.6621 48.0000 56.0000 56.5685 58.2409 50.5964 48.6621 41.7612 32.2490 24.3311 20.0000 21.5407 24.0000 16.0000 17.8885 25.2982 32.9848 32.0000 40.0000 40.7922 43.2666 55.0273 61.0574 68.1175 73.5391 79.3977 68.8186 62.4820 64.4981 60.9262 58.2409 56.5685 56.0000 48.0000 40.1995 52.0000 58.2409 56.5685 76.1052 92.7793 101.9804 106.2826 106.2826 113.8420 122.7029 119.8666 112.7120 102.2155 87.8180 84.0952 80.9938 78.5875 76.9415 76.1052 76.9415 78.5875 80.9938 68.8186 79.1960 85.0412 73.7564 64.4981 60.9262 40.0000 25.6125 17.8885 11.3137 8.0000 11.3137 8.0000
144: 128.0625 110.3449 101.8234 110.0000 107.7033 103.7690 100.3195 97.4064 95.0789 93.3809 72.0000 64.0000 56.0000 48.0000 40.0000 40.7922 50.5964 60.9262 71.5542 82.3650 86.5332 80.0000 73.7564 67.8823 73.7564 68.8186 62.4820 57.6888 64.4981 86.1626 89.4427 86.5332 97.6524 98.3870 101.1929 104.0000 107.3313 114.6124 121.6553 114.5426 111.4271 108.8118 106.7333 105.2236 104.3072 104.0000 96.0000 96.3328 97.3242 98.9545 83.5225 81.5843 80.3990 80.0000 80.3990 81.5843 83.5225 78.7909 64.4981 57.6888 53.6656 60.9262 58.2409 50.5964 48.6621 56.5685 56.0000 48.0000 48.6621 56.5685 58.2409 60.9262 53.6656 50.5964 44.7214 34.1760 24.3311 16.4924 14.4222 16.0000 8.0000 11.3137 17.8885 25.2982 24.0000 32.0000 32.9848 36.8782 47.5395 54.4059 62.2254 68.1175 74.4043 64.4981 57.6888 60.9262 58.2409 56.5685 56.0000 56.5685 48.6621 41.7612 55.5698 60.9262 58.2409 76.1052 92.0869 100.7174 103.8460 103.8460 111.5706 120.3329 116.6190 109.2520 98.3870 84.0952 80.9938 78.5875 76.9415 76.1052 76.9415 78.5875 80.9938 84.0952 73.7564 85.0412 91.2140 79.1960 68.8186 64.4981 45.2548 32.2490 25.2982 17.8885 11.3137 8.0000
145: 134.4024 116.2755 107.6290 114.9783 112.0714 107.7033 103.7690 100.3195 97.4064 95.0789 72.4431 64.4981 56.5685 48.6621 40.7922 43.0813 53.6656 64.4981 75.4718 86.5332 91.2140 85.0412 79.1960 73.7564 80.0000 75.4718 68.8186 64.4981 71.5542 93.6376 96.6644 93.2952 104.3072 105.6030 108.8118 111.4271 114.5426 121.6553 128.8099 121.8524 118.9285 116.4818 114.5426 113.1371 112.2854 112.0000 104.0000 104.3072 105.2236 106.7333 91.2140 89.4427 88.3629 88.0000 88.3629 89.4427 91.2140 86.1626 71.5542 64.4981 60.9262 68.3520 65.9697 58.2409 56.5685 64.4981 64.0000 56.0000 56.5685 64.4981 65.9697 68.3520 60.9262 58.2409 52.0000 41.7612 32.2490 24.3311 20.0000 17.8885 11.3137 8.0000 16.0000 24.0000 25.2982 32.9848 32.0000 32.2490 45.1221 50.1199 56.8507 62.2254 68.1175 57.6888 51.2250 53.6656 50.5964 48.6621 48.0000 48.6621 40.7922 34.1760 48.8262 53.6656 50.5964 68.1175 84.0952 92.7793 96.1665 96.1665 103.8460 112.6410 109.2520 101.9804 91.3017 76.9415 73.5391 70.8802 69.0507 68.1175 69.0507 70.8802 73.5391 76.9415 67.8823 80.0000 86.5332 73.7564 62.4820 57.6888 40.0000 29.1204 24.0000 16.0000 8.0000
146: 129.7998 111.2115 102.4500 108.9771 105.6030 100.9554 96.7471 93.0376 89.8888 87.3613 64.4981 56.5685 48.6621 40.7922 32.9848 35.7771 46.6476 57.6888 68.8186 80.0000 85.0412 79.1960 73.7564 68.8186 75.4718 71.5542 64.4981 60.9262 68.3520 91.2140 93.6376 89.4427 100.2397 102.5280 106.7333 108.8118 111.4271 118.1863 125.5388 118.9285 116.4818 114.5426 113.1371 112.2854 112.0000 112.2854 104.3072 104.0000 104.3072 105.2236 89.4427 88.3629 88.0000 88.3629 89.4427 91.2140 93.6376 89.4427 75.4718 68.8186 64.4981 71.5542 68.3520 60.9262 58.2409 65.9697 64.4981 56.5685 56.0000 64.0000 64.4981 65.9697 58.2409 56.5685 49.4773 40.1995 32.2490 26.8328 25.6125 25.2982 17.8885 16.0000 24.0000 32.0000 32.9848 40.7922 40.0000 39.3954 52.9528 57.2713 63.2456 68.1175 73.5391 62.4820 56.5685 57.6888 53.6656 50.5964 48.6621 48.0000 40.0000 32.2490 44.7214 50.5964 48.6621 68.1175 84.8528 94.1488 98.7927 98.7927 106.2826 115.1694 112.7120 105.6788 95.4149 80.9938 76.9415 73.5391 70.8802 69.0507 68.1175 69.0507 70.8802 73.5391 62.4820 73.7564 80.0000 67.8823 57.6888 53.6656 33.9411 21.5407 16.0000 8.0000
147: 125.5388 106.5082 97.6524 103.2473 99.3579 94.4034 89.8888 85.8836 82.4621 79.6994 56.5685 48.6621 40.7922 32.9848 25.2982 28.8444 40.0000 51.2250 62.4820 73.7564 79.1960 73.7564 68.8186 64.4981 71.5542 68.3520 60.9262 58.2409 65.9697 89.4427 91.2140 86.1626 96.6644 100.0000 105.2236 106.7333 108.8118 115.1694 122.7029 116.4818 114.5426 113.1371 112.2854 112.0000 112.2854 113.1371 105.2236 104.3072 104.0000 104.3072 88.3629 88.0000 88.3629 89.4427 91.2140 93.6376 96.6644 93.2952 80.0000 73.7564 68.8186 75.4718 71.5542 64.4981 60.9262 68.3520 65.9697 58.2409 56.5685 64.4981 64.0000 64.4981 56.5685 56.0000 48.1664 40.1995 34.1760 31.2410 32.2490 32.9848 25.2982 24.0000 32.0000 40.0000 40.7922 48.6621 48.0000 46.8188 60.8276 64.6220 69.9714 74.4043 79.3977 67.8823 62.4820 62.4820 57.6888 53.6656 50.5964 48.6621 40.7922 32.2490 41.7612 48.6621 48.0000 69.0507 86.3481 96.1665 101.9804 101.9804 109.2520 118.1863 116.6190 109.8362 100.0000 85.6037 80.9938 76.9415 73.5391 70.8802 68.1175 68.1175 69.0507 70.8802 57.6888 67.8823 73.7564 62.4820 53.6656 50.5964 28.8444 14.4222 8.0000
148: 121.6553 102.2155 93.2952 97.8366 93.3809 88.0909 83.2346 78.8923 75.1532 72.1110 48.6621 40.7922 32.9848 25.2982 17.8885 22.6274 33.9411 45.2548 56.5685 67.8823 73.7564 68.8186 64.4981 60.9262 68.3520 65.9697 58.2409 56.5685 64.4981 88.3629 89.4427 83.5225 93.6376 98.0612 104.3072 105.2236 106.7333 112.6410 120.3329 114.5426 113.1371 112.2854 112.0000 112.2854 113.1371 114.5426 106.7333 105.2236 104.3072 104.0000 88.0000 88.3629 89.4427 91.2140 93.6376 96.6644 100.2397 97.6524 85.0412 79.1960 73.7564 80.0000 75.4718 68.8186 64.4981 71.5542 68.3520 60.9262 58.2409 65.9697 64.4981 64.0000 56.0000 56.5685 48.1664 41.7612 37.7359 36.8782 39.3954 40.7922 32.9848 32.0000 40.0000 48.0000 48.6621 56.5685 56.0000 54.4059 68.7314 72.1110 76.9415 80.9938 85.6037 73.7564 68.8186 67.8823 62.4820 57.6888 53.6656 50.5964 43.0813 34.1760 40.1995 48.0000 48.6621 70.8802 88.5438 98.7927 105.6788 105.6788 112.7120 121.6553 120.9297 114.4028 104.9952 90.6863 85.6037 80.9938 76.9415 73.5391 69.0507 68.1175 68.1175 69.0507 53.6656 62.4820 67.8823 57.6888 50.5964 48.6621 25.2982 8.9443
149: 127.1220 107.3313 98.3870 101.6071 96.3328 90.5097 85.0412 80.0000 75.4718 71.5542 46.8188 39.3954 32.2490 25.6125 20.0000 26.8328 37.7359 48.8262 60.0000 71.2180 77.6660 73.4302 69.8570 67.0522 74.7262 72.9932 65.1153 64.1249 72.1110 96.0833 96.7471 90.2441 100.0000 105.2236 112.0714 112.6410 113.7717 119.3315 127.1220 121.6553 120.5985 120.0666 120.0666 120.5985 121.6553 123.2234 115.4470 113.7717 112.6410 112.0714 96.0833 96.7471 98.0612 100.0000 102.5280 105.6030 109.1788 106.5082 93.7230 87.7268 82.4621 88.8144 84.3801 77.6660 73.4302 80.4984 77.2528 69.8570 67.0522 74.7262 72.9932 72.1110 64.1249 65.1153 56.5685 50.5964 46.6476 45.2548 46.6476 46.8188 39.3954 36.8782 44.7214 52.6118 54.4059 62.0967 60.5310 56.5685 72.0278 73.7564 77.2528 80.4984 84.3801 72.1110 68.0000 65.6049 59.4643 53.8145 48.8262 44.7214 37.7359 28.8444 32.0000 40.1995 41.7612 64.6220 82.4621 93.0376 100.9554 100.9554 107.7033 116.6190 116.8247 110.6345 101.8234 87.7268 82.0731 76.8375 72.1110 68.0000 62.0967 60.5310 60.0000 60.5310 44.7214 53.8145 59.4643 48.8262 41.7612 40.1995 16.4924
150: 140.4564 120.3329 111.4271 112.8716 106.5082 100.0000 93.7230 87.7268 82.0731 76.8375 51.2250 45.2548 40.0000 35.7771 32.9848 40.7922 50.5964 60.9262 71.5542 82.3650 89.4427 86.1626 83.5225 81.5843 89.4427 88.3629 80.3990 80.0000 88.0000 112.0000 112.2854 105.2236 114.5426 120.5985 128.0000 128.2498 128.9961 134.1641 142.0422 136.9379 136.2351 136.0000 136.2351 136.9379 138.1014 139.7140 131.9394 130.2306 128.9961 128.2498 112.2854 113.1371 114.5426 116.4818 118.9285 121.8524 125.2198 122.1147 108.8118 102.4500 97.6524 104.3072 100.2397 93.2952 89.4427 96.6644 93.6376 86.1626 83.5225 91.2140 89.4427 88.3629 80.3990 81.5843 72.9932 67.0522 62.6099 60.0000 59.4643 57.6888 51.2250 46.6476 53.6656 60.9262 64.4981 71.5542 68.3520 60.5310 77.2787 76.0000 76.9415 78.5875 80.9938 68.3520 65.9697 60.9262 53.6656 46.6476 40.0000 33.9411 28.8444 21.5407 16.4924 25.2982 28.8444 52.1536 69.9714 80.9938 90.6863 90.6863 96.8297 105.6030 107.4802 101.9804 94.4034 80.9938 74.4043 68.1175 62.2254 56.8507 48.3322 45.6070 44.1814 44.1814 28.8444 40.0000 46.6476 33.9411 25.2982 24.0000
151: 163.2176 142.9405 134.1044 134.2386 127.0590 120.0666 113.2078 106.5082 100.0000 93.7230 68.8186 64.4981 60.9262 58.2409 56.5685 64.4981 73.7564 83.5225 93.6376 104.0000 111.4271 108.8118 106.7333 105.2236 113.1371 112.2854 104.3072 104.0000 112.0000 136.0000 136.2351 128.9961 138.1014 144.4991 152.0000 152.2104 152.8398 157.8354 165.7468 160.7980 160.1999 160.0000 160.1999 160.7980 161.7900 163.1686 155.3319 153.8831 152.8398 152.2104 136.2351 136.9379 138.1014 139.7140 141.7604 144.2221 147.0782 143.1084 128.9961 122.1147 118.1186 125.2198 121.8524 114.5426 111.4271 118.9285 116.4818 108.8118 106.7333 114.5426 113.1371 112.2854 104.3072 105.2236 96.7471 90.2441 84.7585 80.4984 77.6660 73.7564 68.8186 62.4820 67.8823 73.7564 79.1960 85.0412 80.0000 68.0000 84.9706 79.6994 76.9415 76.1052 76.1052 64.0000 64.4981 56.0000 48.0000 40.0000 32.0000 24.0000 25.2982 25.6125 8.9443 8.0000 16.0000 34.4093 50.9117 62.2254 74.4043 74.4043 79.3977 87.7268 92.0869 87.8180 82.4621 70.8802 63.2456 55.7136 48.3322 41.1825 28.2843 23.3238 20.3961 20.3961 16.0000 32.0000 40.0000 24.0000 8.0000
152: 161.0466 140.6840 131.9394 131.1030 123.4828 116.2755 109.1788 102.2155 95.4149 88.8144 64.4981 60.9262 58.2409 56.5685 56.0000 64.0000 72.4431 81.5843 91.2140 101.1929 108.8118 106.7333 105.2236 104.3072 112.2854 112.0000 104.0000 104.3072 112.2854 136.2351 136.0000 128.2498 136.9379 144.0555 152.2104 152.0000 152.2104 156.8184 164.7786 160.1999 160.0000 160.1999 160.7980 161.7900 163.1686 164.9242 157.1751 155.3319 153.8831 152.8398 136.9379 138.1014 139.7140 141.7604 144.2221 147.0782 150.3064 146.8605 133.1465 126.4911 122.1147 128.9961 125.2198 118.1186 114.5426 121.8524 118.9285 111.4271 108.8118 116.4818 114.5426 113.1371 105.2236 106.7333 98.0612 92.3472 87.7268 84.3801 82.4621 79.1960 73.7564 67.8823 73.7564 80.0000 85.0412 91.2140 86.5332 75.1532 92.1954 87.3613 84.8528 84.0952 84.0952 72.0000 72.4431 64.0000 56.0000 48.0000 40.0000 32.0000 32.9848 32.2490 14.4222 16.0000 24.0000 41.1825 56.8507 68.1175 80.9938 80.9938 85.6037 93.7230 98.7927 94.8262 89.8888 78.5875 70.8802 63.2456 55.7136 48.3322 34.4093 28.2843 23.3238 20.3961 8.0000 24.0000 32.0000 16.0000
153: 157.8354 137.4627 128.9961 126.1269 117.6435 110.0545 102.5280 95.0789 87.7268 80.4984 58.2409 56.5685 56.0000 56.5685 58.2409 65.9697 72.4431 80.0000 88.3629 97.3242 105.2236 104.3072 104.0000 104.3072 112.2854 113.1371 105.2236 106.7333 114.5426 138.1014 136.9379 128.2498 136.0000 144.4991 153.8831 152.8398 152.2104 156.0000 164.0000 160.1999 160.7980 161.7900 163.1686 164.9242 167.0449 169.5170 161.9877 159.3989 157.1751 155.3319 139.7140 141.7604 144.2221 147.0782 150.3064 153.8831 157.7847 155.3319 142.4360 136.2351 131.2098 137.6372 133.1465 126.4911 122.1147 128.9961 125.2198 118.1186 114.5426 121.8524 118.9285 116.4818 108.8118 111.4271 102.5280 98.3870 95.4149 93.7230 93.3809 91.2140 85.0412 80.0000 86.5332 93.2952 97.6524 104.3072 100.2397 89.8888 106.9766 102.8397 100.7174 100.0800 100.0800 88.0000 88.3629 80.0000 72.0000 64.0000 56.0000 48.0000 48.6621 46.8188 29.1204 32.0000 40.0000 55.7136 69.9714 80.9938 94.8262 94.8262 98.7927 106.5082 112.7120 109.2520 104.9952 94.1488 86.3481 78.5875 70.8802 63.2456 48.3322 41.1825 34.4093 28.2843 8.0000 8.0000 16.0000
154: 156.2050 136.0588 128.0000 123.0447 113.7717 105.9056 98.0612 90.2441 82.4621 74.7262 56.0000 56.5685 58.2409 60.9262 64.4981 71.5542 75.8947 81.5843 88.3629 96.0000 104.0000 104.3072 105.2236 106.7333 114.5426 116.4818 108.8118 111.4271 118.9285 141.7604 139.7140 130.2306 136.9379 146.6970 157.1751 155.3319 153.8831 156.8184 164.7786 161.7900 163.1686 164.9242 167.0449 169.5170 172.3253 175.4537 168.1904 164.9242 161.9877 159.3989 144.2221 147.0782 150.3064 153.8831 157.7847 161.9877 166.4692 164.9242 152.8398 147.0782 141.5344 147.5127 142.4360 136.2351 131.2098 137.6372 133.1465 126.4911 122.1147 128.9961 125.2198 121.8524 114.5426 118.1186 109.1788 106.5082 104.9952 104.6900 105.6030 104.3072 97.6524 93.2952 100.2397 107.3313 111.1396 118.1186 114.5426 104.9952 122.0656 118.4567 116.6190 116.0689 116.0689 104.0000 104.3072 96.0000 88.0000 80.0000 72.0000 64.0000 64.4981 62.0967 44.7214 48.0000 56.0000 70.8802 84.0952 94.8262 109.2520 109.2520 112.7120 120.0666 127.1220 124.0645 120.3329 109.8362 101.9804 94.1488 86.3481 78.5875 63.2456 55.7136 48.3322 41.1825 24.0000 8.0000
155: 156.8184 136.5284 128.2498 124.3382 115.4470 107.7033 100.0000 92.3472 84.7585 77.2528 56.5685 56.0000 56.5685 58.2409 60.9262 68.3520 73.7564 80.3990 88.0000 96.3328 104.3072 104.0000 104.3072 105.2236 113.1371 114.5426 106.7333 108.8118 116.4818 139.7140 138.1014 128.9961 136.2351 145.3823 155.3319 153.8831 152.8398 156.2050 164.1950 160.7980 161.7900 163.1686 164.9242 167.0449 169.5170 172.3253 164.9242 161.9877 159.3989 157.1751 141.7604 144.2221 147.0782 150.3064 153.8831 157.7847 161.9877 160.0000 147.5127 141.5344 136.2351 142.4360 137.6372 131.2098 126.4911 133.1465 128.9961 122.1147 118.1186 125.2198 121.8524 118.9285 111.4271 114.5426 105.6030 102.2155 100.0000 99.0353 99.3579 97.6524 91.2140 86.5332 93.2952 100.2397 104.3072 111.1396 107.3313 97.4064 114.4902 110.6345 108.6646 108.0740 108.0740 96.0000 96.3328 88.0000 80.0000 72.0000 64.0000 56.0000 56.5685 54.4059 36.8782 40.0000 48.0000 63.2456 76.9415 87.8180 101.9804 101.9804 105.6788 113.2078 119.8666 116.6190 112.6410 101.9804 94.1488 86.3481 78.5875 70.8802 55.7136 48.3322 41.1825 34.4093 16.0000
156: 159.2482 138.8524 130.2306 128.3900 120.3329 112.9248 105.6030 98.3870 91.3017 84.3801 60.9262 58.2409 56.5685 56.0000 56.5685 64.4981 72.0000 80.3990 89.4427 98.9545 106.7333 105.2236 104.3072 104.0000 112.0000 112.2854 104.3072 105.2236 113.1371 136.9379 136.2351 128.0000 136.2351 144.0555 152.8398 152.2104 152.0000 156.2050 164.1950 160.0000 160.1999 160.7980 161.7900 163.1686 164.9242 167.0449 159.3989 157.1751 155.3319 153.8831 138.1014 139.7140 141.7604 144.2221 147.0782 150.3064 153.8831 150.9437 137.6372 131.2098 126.4911 133.1465 128.9961 122.1147 118.1186 125.2198 121.8524 114.5426 111.4271 118.9285 116.4818 114.5426 106.7333 108.8118 100.0000 95.0789 91.3017 88.8144 87.7268 85.0412 79.1960 73.7564 80.0000 86.5332 91.2140 97.6524 93.2952 82.4621 99.5389 95.0789 92.7793 92.0869 92.0869 80.0000 80.3990 72.0000 64.0000 56.0000 48.0000 40.0000 40.7922 39.3954 21.5407 24.0000 32.0000 48.3322 63.2456 74.4043 87.8180 87.8180 92.0869 100.0000 105.6788 101.9804 97.4064 86.3481 78.5875 70.8802 63.2456 55.7136 41.1825 34.4093 28.2843 23.3238
157: 181.4166 161.0466 152.3155 151.2217 143.3876 136.0588 128.8099 121.6553 114.6124 107.7033 84.0952 80.9938 78.5875 76.9415 76.1052 84.0952 92.7793 101.9804 111.5706 121.4578 129.1201 127.1220 125.6025 124.5793 132.5443 132.0606 124.0645 124.0645 132.0606 156.0513 156.0513 148.4857 157.2768 164.1950 172.0465 172.0465 172.4181 177.1327 185.0838 180.3996 180.0444 180.0444 180.3996 181.1077 182.1648 183.5647 175.7271 174.2642 173.1589 172.4181 156.4609 157.2768 158.4929 160.1000 162.0864 164.4384 167.1407 162.8742 148.4857 141.4214 137.7534 144.9966 141.8732 134.4619 131.5751 139.1402 136.8211 129.1201 127.1220 134.9370 133.5066 132.5443 124.5793 125.6025 117.0982 110.6345 104.9952 100.3195 96.7471 92.0869 87.8180 80.9938 85.6037 90.6863 96.8297 101.9804 96.1665 82.4621 98.8130 91.3017 86.1626 83.5225 81.5843 70.8802 73.5391 63.2456 55.7136 48.3322 41.1825 34.4093 39.5980 43.2666 29.1204 23.3238 28.2843 32.0000 43.0813 53.6656 68.3520 68.3520 71.5542 78.8923 86.1626 83.5225 80.8950 72.0000 64.0000 56.0000 48.0000 40.0000 24.0000 16.0000 8.0000
158: 183.5211 163.2176 154.4021 154.1558 146.6970 139.5421 132.4840 125.5388 118.7266 112.0714 87.8180 84.0952 80.9938 78.5875 76.9415 84.8528 94.1488 103.8460 113.8420 124.0645 131.5751 129.1201 127.1220 125.6025 133.5066 132.5443 124.5793 124.0645 132.0606 156.0513 156.4609 149.3452 158.4929 164.7786 172.0465 172.4181 173.1589 178.2134 186.1182 181.1077 180.3996 180.0444 180.0444 180.3996 181.1077 182.1648 174.2642 173.1589 172.4181 172.0465 156.0513 156.4609 157.2768 158.4929 160.1000 162.0864 164.4384 159.6997 144.9966 137.7534 134.4619 141.8732 139.1402 131.5751 129.1201 136.8211 134.9370 127.1220 125.6025 133.5066 132.5443 132.0606 124.0645 124.5793 116.2755 109.1788 102.8397 97.4064 93.0376 87.8180 84.0952 76.9415 80.9938 85.6037 92.0869 96.8297 90.6863 76.4199 92.4554 84.3801 78.7909 75.8947 73.7564 63.2456 66.2118 55.7136 48.3322 41.1825 34.4093 28.2843 34.4093 39.3954 28.0000 20.3961 23.3238 24.0000 35.7771 46.6476 60.9262 60.9262 64.4981 72.1110 78.7909 75.8947 72.9932 64.0000 56.0000 48.0000 40.0000 32.0000 16.0000 8.0000
159: 185.9462 165.7468 156.8694 157.4421 150.3596 143.3876 136.5284 129.7998 123.2234 116.8247 92.0869 87.8180 84.0952 80.9938 78.5875 86.3481 96.1665 106.2826 116.6190 127.1220 134.4619 131.5751 129.1201 127.1220 134.9370 133.5066 125.6025 124.5793 132.5443 156.4609 157.2768 150.6254 160.1000 165.7468 172.4181 173.1589 174.2642 179.6441 187.4887 182.1648 181.1077 180.3996 180.0444 180.0444 180.3996 181.1077 173.1589 172.4181 172.0465 172.0465 156.0513 156.0513 156.4609 157.2768 158.4929 160.1000 162.0864 156.8694 141.8732 134.4619 131.5751 139.1402 136.8211 129.1201 127.1220 134.9370 133.5066 125.6025 124.5793 132.5443 132.0606 132.0606 124.0645 124.0645 116.0000 108.2959 101.2719 95.0789 89.8888 84.0952 80.9938 73.5391 76.9415 80.9938 87.8180 92.0869 85.6037 70.7672 86.3713 77.6660 71.5542 68.3520 65.9697 55.7136 59.0593 48.3322 41.1825 34.4093 28.2843 23.3238 30.4631 36.8782 29.1204 20.3961 20.3961 16.0000 28.8444 40.0000 53.6656 53.6656 57.6888 65.6049 71.5542 68.3520 65.1153 56.0000 48.0000 40.0000 32.0000 24.0000 8.0000
160: 188.6796 168.6179 159.6997 161.0590 154.3503 147.5669 140.9113 134.4024 128.0625 121.9180 96.8297 92.0869 87.8180 84.0952 80.9938 88.5438 98.7927 109.2520 119.8666 130.5986 137.7534 134.4619 131.5751 129.1201 136.8211 134.9370 127.1220 125.6025 133.5066 157.2768 158.4929 152.3155 162.0864 167.0928 173.1589 174.2642 175.7271 181.4166 189.1877 183.5647 182.1648 181.1077 180.3996 180.0444 180.0444 180.3996 172.4181 172.0465 172.0465 172.4181 156.4609 156.0513 156.0513 156.4609 157.2768 158.4929 160.1000 154.4021 139.1402 131.5751 129.1201 136.8211 134.9370 127.1220 125.6025 133.5066 132.5443 124.5793 124.0645 132.0606 132.0606 132.5443 124.5793 124.0645 116.2755 108.0000 100.3195 93.3809 87.3613 80.9938 78.5875 70.8802 73.5391 76.9415 84.0952 87.8180 80.9938 65.6049 80.6226 71.2180 64.4981 60.9262 58.2409 48.3322 52.1536 41.1825 34.4093 28.2843 23.3238 20.3961 28.2843 36.0000 32.2490 23.3238 20.3961 8.0000 22.6274 33.9411 46.6476 46.6476 51.2250 59.4643 64.4981 60.9262 57.2713 48.0000 40.0000 32.0000 24.0000 16.0000
161: 195.0179 175.3169 166.3731 169.1981 163.2176 156.8184 150.5722 144.4991 138.6218 132.9662 107.4802 101.9804 96.8297 92.0869 87.8180 94.8262 105.6788 116.6190 127.6244 138.6795 145.4373 141.4214 137.7534 134.4619 141.8732 139.1402 131.5751 129.1201 136.8211 160.1000 162.0864 156.8694 167.1407 170.8801 175.7271 177.5387 179.6886 185.9462 193.5355 187.3606 185.2998 183.5647 182.1648 181.1077 180.3996 180.0444 172.0465 172.4181 173.1589 174.2642 158.4929 157.2768 156.4609 156.0513 156.0513 156.4609 157.2768 150.6254 134.9370 127.1220 125.6025 133.5066 132.5443 124.5793 124.0645 132.0606 132.0606 124.0645 124.5793 132.5443 133.5066 134.9370 127.1220 125.6025 118.4567 109.1788 100.3195 92.0000 84.3801 76.9415 76.1052 68.1175 69.0507 70.8802 78.5875 80.9938 73.5391 57.2713 70.4557 59.4643 51.2250 46.6476 43.0813 34.4093 39.5980 28.2843 23.3238 20.3961 20.3961 23.3238 30.4631 39.3954 42.5206 34.4093 28.2843 8.0000 16.0000 25.2982 33.9411 33.9411 40.0000 48.8262 51.2250 46.6476 41.7612 32.0000 24.0000 16.0000 8.0000
162: 198.5951 179.1089 170.1764 173.6779 168.0476 161.8394 155.7947 149.9333 144.2775 138.8524 113.2784 107.4802 101.9804 96.8297 92.0869 98.7927 109.8362 120.9297 132.0606 143.2201 149.7732 145.4373 141.4214 137.7534 144.9966 141.8732 134.4619 131.5751 139.1402 162.0864 164.4384 159.6997 170.1764 173.2974 177.5387 179.6886 182.1648 188.6796 196.1632 189.7367 187.3606 185.2998 183.5647 182.1648 181.1077 180.3996 172.4181 173.1589 174.2642 175.7271 160.1000 158.4929 157.2768 156.4609 156.0513 156.0513 156.4609 149.3452 133.5066 125.6025 124.5793 132.5443 132.0606 124.0645 124.0645 132.0606 132.5443 124.5793 125.6025 133.5066 134.9370 136.8211 129.1201 127.1220 120.3329 110.6345 101.2719 92.3472 84.0000 76.1052 76.1052 68.1175 68.1175 69.0507 76.9415 78.5875 70.8802 54.4059 66.2420 54.4059 45.2548 40.0000 35.7771 28.2843 34.4093 23.3238 20.3961 20.3961 23.3238 28.2843 34.4093 43.2666 48.8262 41.1825 34.4093 16.0000 17.8885 24.0000 28.8444 28.8444 35.7771 44.7214 45.2548 40.0000 34.1760 24.0000 16.0000 8.0000
163: 202.4253 183.1721 174.2642 178.4040 173.1127 167.0928 161.2452 155.5892 150.1466 144.9414 119.3315 113.2784 107.4802 101.9804 96.8297 103.2279 114.4028 125.6025 136.8211 148.0540 154.4021 149.7732 145.4373 141.4214 148.4857 144.9966 137.7534 134.4619 141.8732 164.4384 167.1407 162.8742 173.5281 176.0454 179.6886 182.1648 184.9540 191.7081 199.0779 192.4162 189.7367 187.3606 185.2998 183.5647 182.1648 181.1077 173.1589 174.2642 175.7271 177.5387 162.0864 160.1000 158.4929 157.2768 156.4609 156.0513 156.0513 148.4857 132.5443 124.5793 124.0645 132.0606 132.0606 124.0645 124.5793 132.5443 133.5066 125.6025 127.1220 134.9370 136.8211 139.1402 131.5751 129.1201 122.7029 112.6410 102.8397 93.3809 84.3801 76.1052 76.9415 69.0507 68.1175 68.1175 76.1052 76.9415 69.0507 52.6118 62.7694 50.1199 40.0000 33.9411 28.8444 23.3238 30.4631 20.3961 20.3961 23.3238 28.2843 34.4093 39.5980 48.1664 55.5698 48.3322 41.1825 24.0000 22.6274 25.2982 25.2982 25.2982 32.9848 41.7612 40.0000 33.9411 26.8328 16.0000 8.0000
164: 206.4946 187.4887 178.6169 183.3576 178.3928 172.5572 166.9012 161.4435 156.2050 151.2085 125.6025 119.3315 113.2784 107.4802 101.9804 108.0740 119.3315 130.5986 141.8732 153.1535 159.2985 154.4021 149.7732 145.4373 152.3155 148.4857 141.4214 137.7534 144.9966 167.1407 170.1764 166.3731 177.1779 179.1089 182.1648 184.9540 188.0425 195.0179 202.2672 195.3868 192.4162 189.7367 187.3606 185.2998 183.5647 182.1648 174.2642 175.7271 177.5387 179.6886 164.4384 162.0864 160.1000 158.4929 157.2768 156.4609 156.0513 148.0540 132.0606 124.0645 124.0645 132.0606 132.5443 124.5793 125.6025 133.5066 134.9370 127.1220 129.1201 136.8211 139.1402 141.8732 134.4619 131.5751 125.5388 115.1694 104.9952 95.0789 85.5102 76.9415 78.5875 70.8802 69.0507 68.1175 76.1052 76.1052 68.1175 52.0000 60.1664 46.8188 35.7771 28.8444 22.6274 20.3961 28.2843 20.3961 23.3238 28.2843 34.4093 41.1825 45.6070 53.8145 62.6099 55.7136 48.3322 32.0000 28.8444 28.8444 24.0000 24.0000 32.0000 40.1995 35.7771 28.8444 20.0000 8.0000
165: 210.7890 192.0417 183.2157 188.5206 183.8695 178.2134 172.7426 167.4754 162.4315 157.6325 132.0606 125.6025 119.3315 113.2784 107.4802 113.2784 124.5793 135.8823 147.1870 158.4929 164.4384 159.2985 154.4021 149.7732 156.4609 152.3155 145.4373 141.4214 148.4857 170.1764 173.5281 170.1764 181.1077 182.4719 184.9540 188.0425 191.4158 198.5951 205.7183 198.6353 195.3868 192.4162 189.7367 187.3606 185.2998 183.5647 175.7271 177.5387 179.6886 182.1648 167.1407 164.4384 162.0864 160.1000 158.4929 157.2768 156.4609 148.0540 132.0606 124.0645 124.5793 132.5443 133.5066 125.6025 127.1220 134.9370 136.8211 129.1201 131.5751 139.1402 141.8732 144.9966 137.7534 134.4619 128.8099 118.1863 107.7033 97.4064 87.3613 78.5875 80.9938 73.5391 70.8802 69.0507 76.9415 76.1052 68.1175 52.6118 58.5491 44.7214 32.9848 25.2982 17.8885 20.3961 28.2843 23.3238 28.2843 34.4093 41.1825 48.3322 52.1536 60.0000 69.8570 63.2456 55.7136 40.0000 35.7771 33.9411 25.2982 25.2982 32.9848 40.1995 32.9848 25.2982 14.4222
166: 225.2110 206.4558 197.6259 202.8300 198.0707 192.3330 186.7619 181.3725 176.1817 171.2075 145.6022 139.3126 133.2066 127.3106 121.6553 127.5617 138.8524 150.1466 161.4435 172.7426 178.7512 173.6663 168.8076 164.1950 170.8801 166.7093 159.8499 155.7947 162.8251 184.3909 187.8297 184.5644 195.5096 196.7740 199.0779 202.2672 205.7183 212.9413 220.0364 212.9037 209.5710 206.4946 203.6860 201.1567 198.9171 196.9772 189.1877 191.2067 193.5355 196.1632 181.2402 178.3928 175.8636 173.6663 171.8139 170.3174 169.1863 160.4494 144.4991 136.5284 137.4627 145.3823 146.6970 138.8524 140.6840 148.4318 150.5722 142.9405 145.6022 153.1013 156.0000 159.2482 152.0526 148.6472 143.1084 132.4236 121.8524 111.4271 101.1929 92.3472 95.0789 87.7268 84.7585 82.4621 90.2441 88.8144 80.8950 65.9697 70.0000 56.0000 44.0000 36.0000 28.0000 34.1760 41.7612 37.7359 42.5206 48.1664 54.4059 61.0574 65.6049 73.7564 82.3650 75.1532 68.0000 49.4773 40.1995 34.1760 20.0000 20.0000 25.6125 30.4631 20.0000 12.0000
167: 235.3211 216.3331 207.4608 212.0849 206.9589 200.9975 195.1820 189.5257 184.0435 178.7512 153.1535 147.1870 141.4214 135.8823 130.5986 136.8211 148.0540 159.2985 170.5520 181.8131 188.0425 183.2157 178.6169 174.2642 181.1077 177.1779 170.1764 166.3731 173.5281 195.3868 198.6353 195.0590 205.9126 207.5765 210.2189 213.2416 216.5179 223.6068 230.7899 223.7856 220.6173 217.6970 215.0349 212.6405 210.5232 208.6912 200.8781 202.7807 204.9780 207.4608 192.4162 189.7367 187.3606 185.2998 183.5647 182.1648 181.1077 172.4181 156.4609 148.4857 149.3452 157.2768 158.4929 150.6254 152.3155 160.1000 162.0864 154.4021 156.8694 164.4384 167.1407 170.1764 162.8742 159.6997 153.9351 143.3876 132.9662 122.7029 112.6410 103.8460 106.2826 98.7927 96.1665 94.1488 101.9804 100.7174 92.7793 77.6660 82.0000 68.0000 56.0000 48.0000 40.0000 45.6070 53.3667 48.3322 52.1536 56.8507 62.2254 68.1175 73.5391 82.0731 88.8144 80.9938 74.4043 53.6656 40.7922 32.0000 16.0000 16.0000 17.8885 20.0000 8.0000
168: 242.1570 223.0336 214.1401 218.4033 213.0540 206.9589 200.9975 195.1820 189.5257 184.0435 158.4929 152.7351 147.1870 141.8732 136.8211 143.2201 154.4021 165.6019 176.8163 188.0425 194.4016 189.7367 185.2998 181.1077 188.0425 184.2607 177.1779 173.5281 180.7540 202.7807 205.9126 202.1485 212.9413 214.8488 217.6970 220.6173 223.7856 230.7899 238.0252 231.1017 228.0351 225.2110 222.6387 220.3270 218.2842 216.5179 208.6912 210.5232 212.6405 215.0349 199.9200 197.3423 195.0590 193.0803 191.4158 190.0737 189.0608 180.3996 164.4384 156.4609 157.2768 165.2150 166.3731 158.4929 160.1000 167.9047 169.7999 162.0864 164.4384 172.0465 174.6310 177.5387 170.1764 167.1407 161.2452 150.7846 140.4564 130.2920 120.3329 111.5706 113.8420 106.2826 103.8460 101.9804 109.8362 108.6646 100.7174 85.5102 90.0000 76.0000 64.0000 56.0000 48.0000 53.3667 61.1882 55.7136 59.0593 63.2456 68.1175 73.5391 79.3977 88.0909 93.7230 85.6037 79.3977 57.6888 43.0813 32.9848 17.8885 17.8885 16.0000 14.4222
169: 243.3105 223.7856 214.8488 218.0000 212.0377 205.6016 199.2787 193.0803 187.0187 181.1077 155.7947 150.5722 145.6022 140.9113 136.5284 143.3876 154.3503 165.3602 176.4086 187.4887 194.1958 190.0316 186.1182 182.4719 189.6945 186.4618 179.1089 176.0454 183.5211 206.1844 208.8061 204.3135 214.8488 217.6970 221.4498 223.8928 226.5921 233.2381 240.6657 234.0940 231.4822 229.1201 227.0154 225.1755 223.6068 222.3151 214.4015 215.7406 217.3661 219.2715 203.8431 201.7920 200.0400 198.5951 197.4639 196.6520 196.1632 188.0000 172.0000 164.0000 164.1950 172.1859 172.7426 164.7786 165.7468 173.6663 174.9514 167.0928 168.8076 176.5899 178.5721 180.8867 173.2974 170.8801 164.4384 154.4021 144.5545 134.9370 125.6025 117.0982 118.4567 110.6345 109.1788 108.2959 116.2755 116.0000 108.0000 92.0869 98.7320 84.8528 72.9932 65.1153 57.2713 60.0000 68.0000 60.5310 62.0967 64.6220 68.0000 72.1110 78.8923 87.8180 90.6863 82.0731 76.8375 53.8145 36.8782 25.6125 16.4924 16.4924 8.9443
170: 234.3672 214.8488 205.9126 209.1220 203.2142 196.8146 190.5361 184.3909 178.3928 172.5572 147.1870 141.8732 136.8211 132.0606 127.6244 134.4619 145.4373 156.4609 167.5231 178.6169 185.2998 181.1077 177.1779 173.5281 180.7540 177.5387 170.1764 167.1407 174.6310 197.3423 199.9200 195.3868 205.9126 208.8061 212.6405 215.0349 217.6970 224.3212 231.7585 225.2110 222.6387 220.3270 218.2842 216.5179 215.0349 213.8411 205.9126 207.1521 208.6912 210.5232 195.0590 193.0803 191.4158 190.0737 189.0608 188.3826 188.0425 180.0444 164.0488 156.0513 156.0513 164.0488 164.4384 156.4609 157.2768 165.2150 166.3731 158.4929 160.1000 167.9047 169.7999 172.0465 164.4384 162.0864 155.5892 145.6022 135.8234 126.3012 117.0982 108.6646 109.8362 101.9804 100.7174 100.0800 108.0740 108.0740 100.0800 84.0000 91.4112 77.6660 65.9697 58.2409 50.5964 52.1536 60.1332 52.1536 53.3667 55.7136 59.0593 63.2456 69.9714 78.8923 82.0731 73.5391 68.1175 45.2548 28.8444 17.8885 8.0000 8.0000
171: 227.2972 207.8846 198.9573 202.5142 196.8146 190.5361 184.3909 178.3928 172.5572 166.9012 141.4214 135.8823 130.5986 125.6025 120.9297 127.6244 138.6795 149.7732 160.8975 172.0465 178.6169 174.2642 170.1764 166.3731 173.5281 170.1764 162.8742 159.6997 167.1407 189.7367 192.4162 188.0425 198.6353 201.3157 204.9780 207.4608 210.2189 216.9239 224.3212 217.6970 215.0349 212.6405 210.5232 208.6912 207.1521 205.9126 197.9899 199.2787 200.8781 202.7807 187.3606 185.2998 183.5647 182.1648 181.1077 180.3996 180.0444 172.0465 156.0513 148.0540 148.0540 156.0513 156.4609 148.4857 149.3452 157.2768 158.4929 150.6254 152.3155 160.1000 162.0864 164.4384 156.8694 154.4021 148.0000 137.9275 128.0625 118.4567 109.1788 100.7174 101.9804 94.1488 92.7793 92.0869 100.0800 100.0800 92.0869 76.0000 83.5464 69.8570 58.2409 50.5964 43.0813 44.1814 52.1536 44.1814 45.6070 48.3322 52.1536 56.8507 63.2456 72.1110 76.4199 68.1175 62.2254 40.0000 25.2982 16.0000 0.0000
172: 227.2972 207.8846 198.9573 202.5142 196.8146 190.5361 184.3909 178.3928 172.5572 166.9012 141.4214 135.8823 130.5986 125.6025 120.9297 127.6244 138.6795 149.7732 160.8975 172.0465 178.6169 174.2642 170.1764 166.3731 173.5281 170.1764 162.8742 159.6997 167.1407 189.7367 192.4162 188.0425 198.6353 201.3157 204.9780 207.4608 210.2189 216.9239 224.3212 217.6970 215.0349 212.6405 210.5232 208.6912 207.1521 205.9126 197.9899 199.2787 200.8781 202.7807 187.3606 185.2998 183.5647 182.1648 181.1077 180.3996 180.0444 172.0465 156.0513 148.0540 148.0540 156.0513 156.4609 148.4857 149.3452 157.2768 158.4929 150.6254 152.3155 160.1000 162.0864 164.4384 156.8694 154.4021 148.0000 137.9275 128.0625 118.4567 109.1788 100.7174 101.9804 94.1488 92.7793 92.0869 100.0800 100.0800 92.0869 76.0000 83.5464 69.8570 58.2409 50.5964 43.0813 44.1814 52.1536 44.1814 45.6070 48.3322 52.1536 56.8507 63.2456 72.1110 76.4199 68.1175 62.2254 40.0000 25.2982 16.0000
173: 220.1454 200.3597 191.4158 193.7937 187.4887 180.8867 174.4018 168.0476 161.8394 155.7947 130.5986 125.6025 120.9297 116.6190 112.7120 119.8666 130.5986 141.4214 152.3155 163.2667 170.1764 166.3731 162.8742 159.6997 167.1407 164.4384 156.8694 154.4021 162.0864 185.2998 187.3606 182.1648 192.4162 196.1632 200.8781 202.7807 204.9780 211.2439 218.8333 212.6405 210.5232 208.6912 207.1521 205.9126 204.9780 204.3526 196.3670 197.0178 197.9899 199.2787 183.5647 182.1648 181.1077 180.3996 180.0444 180.0444 180.3996 173.1589 157.2768 149.3452 148.4857 156.4609 156.0513 148.0540 148.0540 156.0513 156.4609 148.4857 149.3452 157.2768 158.4929 160.1000 152.3155 150.6254 143.6106 134.1641 125.0280 116.2755 108.0000 100.0800 100.0800 92.0869 92.0869 92.7793 100.7174 101.9804 94.1488 77.6660 88.0227 75.1532 64.4981 57.6888 51.2250 48.3322 55.7136 45.6070 44.1814 44.1814 45.6070 48.3322 55.7136 64.6220 65.6049 56.8507 52.1536 28.8444 11.3137
174: 209.5710 189.6945 180.7540 182.8333 176.4086 169.7528 163.2176 156.8184 150.5722 144.4991 119.3315 114.4028 109.8362 105.6788 101.9804 109.2520 119.8666 130.5986 141.4214 152.3155 159.2985 155.6406 152.3155 149.3452 156.8694 154.4021 146.7515 144.5545 152.3155 175.7271 177.5387 172.0465 182.1648 186.2901 191.4158 193.0803 195.0590 201.1567 208.8061 202.7807 200.8781 199.2787 197.9899 197.0178 196.3670 196.0408 188.0425 188.3826 189.0608 190.0737 174.2642 173.1589 172.4181 172.0465 172.0465 172.4181 173.1589 166.3731 150.6254 142.7725 141.4214 149.3452 148.4857 140.5133 140.0571 148.0540 148.0540 140.0571 140.5133 148.4857 149.3452 150.6254 142.7725 141.4214 134.1641 125.0280 116.2755 108.0000 100.3195 92.7793 92.0869 84.0952 84.8528 86.3481 94.1488 96.1665 88.5438 72.1110 84.1190 72.1110 62.4820 56.5685 51.2250 45.6070 52.1536 41.1825 37.9473 36.2215 36.2215 37.9473 45.6070 54.4059 54.4059 45.6070 41.1825 17.8885
175: 191.7081 171.8139 162.8742 164.9848 158.6443 152.0526 145.6022 139.3126 133.2066 127.3106 101.9804 96.8297 92.0869 87.8180 84.0952 91.3893 101.9804 112.7120 123.5476 134.4619 141.4214 137.7534 134.4619 131.5751 139.1402 136.8211 129.1201 127.1220 134.9370 158.4929 160.1000 154.4021 164.4384 168.8076 174.2642 175.7271 177.5387 183.5211 191.2067 185.2998 183.5647 182.1648 181.1077 180.3996 180.0444 180.0444 172.0465 172.0465 172.4181 173.1589 157.2768 156.4609 156.0513 156.0513 156.4609 157.2768 158.4929 152.3155 136.8211 129.1201 127.1220 134.9370 133.5066 125.6025 124.5793 132.5443 132.0606 124.0645 124.0645 132.0606 132.5443 133.5066 125.6025 124.5793 117.0982 108.2959 100.0000 92.3472 85.5102 78.5875 76.9415 69.0507 70.8802 73.5391 80.9938 84.0952 76.9415 61.0574 75.2861 65.1153 57.6888 53.6656 50.5964 41.1825 45.6070 34.4093 28.2843 23.3238 20.3961 20.3961 28.2843 36.8782 36.8782 28.2843 23.3238
176: 168.6179 148.6472 139.7140 141.6616 135.3514 128.8099 122.4418 116.2755 110.3449 104.6900 79.1960 73.7564 68.8186 64.4981 60.9262 68.3520 78.7909 89.4427 100.2397 111.1396 118.1186 114.5426 111.4271 108.8118 116.4818 114.5426 106.7333 105.2236 113.1371 136.9379 138.1014 131.9394 141.7604 146.6970 152.8398 153.8831 155.3319 161.0466 168.8076 163.1686 161.7900 160.7980 160.1999 160.0000 160.1999 160.7980 152.8398 152.2104 152.0000 152.2104 136.2351 136.0000 136.2351 136.9379 138.1014 139.7140 141.7604 136.7041 121.8524 114.5426 111.4271 118.9285 116.4818 108.8118 106.7333 114.5426 113.1371 105.2236 104.3072 112.2854 112.0000 112.2854 104.3072 104.0000 96.0833 88.0909 80.8950 74.7262 69.8570 64.4981 60.9262 53.6656 57.6888 62.4820 68.8186 73.7564 67.8823 54.4059 71.0211 64.6220 61.1882 60.1332 60.1332 48.0000 48.6621 40.0000 32.0000 24.0000 16.0000 8.0000 11.3137 16.4924 14.4222 8.0000
177: 165.7468 145.6022 136.7041 137.7679 131.0267 124.2578 117.6435 111.2115 104.9952 99.0353 73.7564 68.8186 64.4981 60.9262 58.2409 65.9697 75.8947 86.1626 96.6644 107.3313 114.5426 111.4271 108.8118 106.7333 114.5426 113.1371 105.2236 104.3072 112.2854 136.2351 136.9379 130.2306 139.7140 145.3823 152.2104 152.8398 153.8831 159.2482 167.0928 161.7900 160.7980 160.1999 160.0000 160.1999 160.7980 161.7900 153.8831 152.8398 152.2104 152.0000 136.0000 136.2351 136.9379 138.1014 139.7140 141.7604 144.2221 139.7140 125.2198 118.1186 114.5426 121.8524 118.9285 111.4271 108.8118 116.4818 114.5426 106.7333 105.2236 113.1371 112.2854 112.0000 104.0000 104.3072 96.0833 88.8144 82.4621 77.2528 73.4302 68.8186 64.4981 57.6888 62.4820 67.8823 73.7564 79.1960 73.7564 61.0574 77.8974 72.1110 69.0507 68.1175 68.1175 56.0000 56.5685 48.0000 40.0000 32.0000 24.0000 16.0000 17.8885 20.0000 8.9443
178: 156.8694 136.7041 127.8124 128.8255 122.1147 115.3776 108.8118 102.4500 96.3328 90.5097 65.1153 60.0000 55.5698 52.0000 49.4773 57.2713 67.0522 77.2528 87.7268 98.3870 105.6030 102.5280 100.0000 98.0612 105.9056 104.6900 96.7471 96.0833 104.0769 128.0625 128.5613 121.6553 131.0267 136.9379 144.0555 144.4991 145.3823 150.6254 158.4929 153.3101 152.4729 152.0526 152.0526 152.4729 153.3101 154.5574 146.6970 145.3823 144.4991 144.0555 128.0625 128.5613 129.5531 131.0267 132.9662 135.3514 138.1593 134.1641 120.0666 113.2078 109.1788 116.2755 112.9248 105.6030 102.5280 110.0545 107.7033 100.0000 98.0612 105.9056 104.6900 104.0769 96.0833 96.7471 88.3629 81.5843 75.8947 71.5542 68.8186 65.1153 60.0000 53.8145 59.4643 65.6049 70.7672 76.8375 72.1110 60.9262 78.0000 73.7564 72.1110 72.1110 72.9932 60.5310 60.0000 52.6118 44.7214 36.8782 29.1204 21.5407 20.0000 17.8885
179: 155.6406 136.0000 127.0590 130.4301 124.9640 118.9285 113.1371 107.6290 102.4500 97.6524 72.1110 65.6049 59.4643 53.8145 48.8262 55.5698 66.5733 77.6660 88.8144 100.0000 106.5082 102.2155 98.3870 95.0789 102.5280 100.0000 92.3472 90.2441 98.0612 121.6553 123.2234 117.6435 127.8124 131.9394 137.4627 138.8524 140.6840 146.7515 154.4021 148.4318 146.6970 145.3823 144.4991 144.0555 144.0555 144.4991 136.5284 136.0588 136.0588 136.5284 120.5985 120.0666 120.0666 120.5985 121.6553 123.2234 125.2837 120.3329 105.6030 98.3870 95.0789 102.5280 100.0000 92.3472 90.2441 98.0612 96.7471 88.8144 88.0909 96.0833 96.0833 96.7471 88.8144 88.0909 80.3990 72.0000 64.4981 58.2409 53.6656 48.8262 44.7214 37.7359 42.5206 48.1664 53.8145 59.4643 54.4059 43.0813 60.1664 56.5685 56.1427 57.2713 59.4643 46.8188 44.7214 39.3954 32.2490 25.6125 20.0000 16.4924 8.9443
180: 164.5843 144.9414 136.0000 139.2695 133.6862 127.5617 121.6553 116.0000 110.6345 105.6030 80.0000 73.7564 67.8823 62.4820 57.6888 64.4981 75.4718 86.5332 97.6524 108.8118 115.3776 111.1396 107.3313 104.0000 111.4271 108.8118 101.1929 98.9545 106.7333 130.2306 131.9394 126.4911 136.7041 140.6840 145.9863 147.5127 149.4523 155.5892 163.2176 157.1751 155.3319 153.8831 152.8398 152.2104 152.0000 152.2104 144.2221 144.0000 144.2221 144.8862 128.9961 128.2498 128.0000 128.2498 128.9961 130.2306 131.9394 126.4911 111.4271 104.0000 101.1929 108.8118 106.7333 98.9545 97.3242 105.2236 104.3072 96.3328 96.0000 104.0000 104.3072 105.2236 97.3242 96.3328 88.8144 80.0999 72.1110 65.1153 59.4643 53.6656 50.5964 43.0813 46.6476 51.2250 57.6888 62.4820 56.5685 43.2666 60.0333 54.4059 52.1536 52.1536 53.3667 40.7922 40.0000 32.9848 25.2982 17.8885 11.3137 8.0000
181: 171.8139 152.0526 143.1084 145.8904 140.0000 133.6862 127.5617 121.6553 116.0000 110.6345 85.0412 79.1960 73.7564 68.8186 64.4981 71.5542 82.3650 93.2952 104.3072 115.3776 122.1147 118.1186 114.5426 111.4271 118.9285 116.4818 108.8118 106.7333 114.5426 138.1014 139.7140 134.1044 144.2221 148.4318 153.8831 155.3319 157.1751 163.2176 170.8801 164.9242 163.1686 161.7900 160.7980 160.1999 160.0000 160.1999 152.2104 152.0000 152.2104 152.8398 136.9379 136.2351 136.0000 136.2351 136.9379 138.1014 139.7140 134.1044 118.9285 111.4271 108.8118 116.4818 114.5426 106.7333 105.2236 113.1371 112.2854 104.3072 104.0000 112.0000 112.2854 113.1371 105.2236 104.3072 96.7471 88.0909 80.0999 72.9932 67.0522 60.9262 58.2409 50.5964 53.6656 57.6888 64.4981 68.8186 62.4820 48.1664 64.4050 57.2713 53.3667 52.1536 52.1536 40.0000 40.7922 32.0000 24.0000 16.0000 8.0000
182: 175.3169 155.7947 146.8605 150.4261 144.9414 138.8524 132.9662 127.3106 121.9180 116.8247 91.2140 85.0412 79.1960 73.7564 68.8186 75.4718 86.5332 97.6524 108.8118 120.0000 126.4911 122.1147 118.1186 114.5426 121.8524 118.9285 111.4271 108.8118 116.4818 139.7140 141.7604 136.7041 147.0782 150.5722 155.3319 157.1751 159.3989 165.7468 173.2974 167.0449 164.9242 163.1686 161.7900 160.7980 160.1999 160.0000 152.0000 152.2104 152.8398 153.8831 138.1014 136.9379 136.2351 136.0000 136.2351 136.9379 138.1014 131.9394 116.4818 108.8118 106.7333 114.5426 113.1371 105.2236 104.3072 112.2854 112.0000 104.0000 104.3072 112.2854 113.1371 114.5426 106.7333 105.2236 98.0612 88.8144 80.0999 72.1110 65.1153 58.2409 56.5685 48.6621 50.5964 53.6656 60.9262 64.4981 57.6888 42.5206 58.1378 50.1199 45.6070 44.1814 44.1814 32.0000 32.9848 24.0000 16.0000 8.0000
183: 179.1089 159.8499 150.9437 155.2417 150.1466 144.2775 138.6218 133.2066 128.0625 123.2234 97.6524 91.2140 85.0412 79.1960 73.7564 80.0000 91.2140 102.4500 113.7014 124.9640 131.2098 126.4911 122.1147 118.1186 125.2198 121.8524 114.5426 111.4271 118.9285 141.7604 144.2221 139.7140 150.3064 153.1013 157.1751 159.3989 161.9877 168.6179 176.0454 169.5170 167.0449 164.9242 163.1686 161.7900 160.7980 160.1999 152.2104 152.8398 153.8831 155.3319 139.7140 138.1014 136.9379 136.2351 136.0000 136.2351 136.9379 130.2306 114.5426 106.7333 105.2236 113.1371 112.2854 104.3072 104.0000 112.0000 112.2854 104.3072 105.2236 113.1371 114.5426 116.4818 108.8118 106.7333 100.0000 90.2441 80.8950 72.1110 64.1249 56.5685 56.0000 48.0000 48.6621 50.5964 58.2409 60.9262 53.6656 37.7359 52.3450 43.2666 37.9473 36.2215 36.2215 24.0000 25.2982 16.0000 8.0000
184: 183.1721 164.1950 155.3319 160.3122 155.5892 149.9333 144.4991 139.3126 134.4024 129.7998 104.3072 97.6524 91.2140 85.0412 79.1960 85.0412 96.3328 107.6290 118.9285 130.2306 136.2351 131.2098 126.4911 122.1147 128.9961 125.2198 118.1186 114.5426 121.8524 144.2221 147.0782 143.1084 153.8831 156.0000 159.3989 161.9877 164.9242 171.8139 179.1089 172.3253 169.5170 167.0449 164.9242 163.1686 161.7900 160.7980 152.8398 153.8831 155.3319 157.1751 141.7604 139.7140 138.1014 136.9379 136.2351 136.0000 136.2351 128.9961 113.1371 105.2236 104.3072 112.2854 112.0000 104.0000 104.3072 112.2854 113.1371 105.2236 106.7333 114.5426 116.4818 118.9285 111.4271 108.8118 102.5280 92.3472 82.4621 72.9932 64.1249 56.0000 56.5685 48.6621 48.0000 48.6621 56.5685 58.2409 50.5964 34.1760 47.2017 36.8782 30.4631 28.2843 28.2843 16.0000 17.8885 8.0000
185: 187.4887 168.8076 160.0000 165.6140 161.2452 155.7947 150.5722 145.6022 140.9113 136.5284 111.1396 104.3072 97.6524 91.2140 85.0412 90.5097 101.8234 113.1371 124.4508 135.7645 141.5344 136.2351 131.2098 126.4911 133.1465 128.9961 122.1147 118.1186 125.2198 147.0782 150.3064 146.8605 157.7847 159.2482 161.9877 164.9242 168.1904 175.3169 182.4719 175.4537 172.3253 169.5170 167.0449 164.9242 163.1686 161.7900 153.8831 155.3319 157.1751 159.3989 144.2221 141.7604 139.7140 138.1014 136.9379 136.2351 136.0000 128.2498 112.2854 104.3072 104.0000 112.0000 112.2854 104.3072 105.2236 113.1371 114.5426 106.7333 108.8118 116.4818 118.9285 121.8524 114.5426 111.4271 105.6030 95.0789 84.7585 74.7262 65.1153 56.5685 58.2409 50.5964 48.6621 48.0000 56.0000 56.5685 48.6621 32.2490 42.9418 31.2410 23.3238 20.3961 20.3961 8.0000 11.3137
186: 185.6017 167.4754 158.7955 165.5174 161.8394 156.8184 152.0526 147.5669 143.3876 139.5421 114.5426 107.3313 100.2397 93.2952 86.5332 91.2140 102.4500 113.7014 124.9640 136.2351 141.5344 135.7645 130.2306 124.9640 131.2098 126.4911 120.0000 115.3776 122.1147 143.1084 146.8605 144.2221 155.3319 155.7947 157.5817 160.9969 164.7301 172.1859 179.1089 171.7673 168.1904 164.9242 161.9877 159.3989 157.1751 155.3319 147.5127 149.4523 151.7893 154.5057 139.7140 136.7041 134.1044 131.9394 130.2306 128.9961 128.2498 120.0000 104.0000 96.0000 96.3328 104.3072 105.2236 97.3242 98.9545 106.7333 108.8118 101.1929 104.0000 111.4271 114.5426 118.1186 111.1396 107.3313 102.2155 91.3017 80.4984 69.8570 59.4643 50.5964 53.6656 46.6476 43.0813 40.7922 48.6621 48.0000 40.0000 24.3311 32.3110 20.0000 12.6491 12.6491 16.9706 8.0000
187: 192.0417 173.6663 164.9242 171.1257 167.0928 161.8394 156.8184 152.0526 147.5669 143.3876 118.1186 111.1396 104.3072 97.6524 91.2140 96.3328 107.6290 118.9285 130.2306 141.5344 147.0782 141.5344 136.2351 131.2098 137.6372 133.1465 126.4911 122.1147 128.9961 150.3064 153.8831 150.9437 161.9877 162.8251 164.9242 168.1904 171.7673 179.1089 186.1182 178.8854 175.4537 172.3253 169.5170 167.0449 164.9242 163.1686 155.3319 157.1751 159.3989 161.9877 147.0782 144.2221 141.7604 139.7140 138.1014 136.9379 136.2351 128.0000 112.0000 104.0000 104.3072 112.2854 113.1371 105.2236 106.7333 114.5426 116.4818 108.8118 111.4271 118.9285 121.8524 125.2198 118.1186 114.5426 109.1788 98.3870 87.7268 77.2528 67.0522 58.2409 60.9262 53.6656 50.5964 48.6621 56.5685 56.0000 48.0000 32.2490 39.8497 26.8328 16.9706 12.6491 12.6491
188: 202.4253 184.3909 175.7271 182.4829 178.7512 173.6663 168.8076 164.1950 159.8499 155.7947 130.5986 123.5476 116.6190 109.8362 103.2279 108.0740 119.3315 130.5986 141.8732 153.1535 158.4929 152.7351 147.1870 141.8732 148.0540 143.2201 136.8211 132.0606 138.6795 159.2985 163.2667 160.8975 172.0465 172.1859 173.5281 177.1779 181.1077 188.6796 195.5096 188.0425 184.2607 180.7540 177.5387 174.6310 172.0465 169.7999 162.0864 164.4384 167.1407 170.1764 155.6406 152.3155 149.3452 146.7515 144.5545 142.7725 141.4214 132.5443 116.6190 108.6646 109.8362 117.7115 119.3315 111.5706 113.8420 121.4578 124.0645 116.6190 119.8666 127.1220 130.5986 134.4619 127.6244 123.5476 118.7266 107.7033 96.7471 85.8836 75.1532 66.2118 69.9714 63.2456 59.0593 55.7136 63.2456 61.1882 53.3667 39.3954 42.0000 28.0000 16.0000 8.0000
189: 196.1632 178.3928 169.7999 177.0537 173.6663 168.8076 164.1950 159.8499 155.7947 152.0526 127.1220 119.8666 112.7120 105.6788 98.7927 103.2279 114.4028 125.6025 136.8211 148.0540 153.1535 147.1870 141.4214 135.8823 141.8732 136.8211 130.5986 125.6025 132.0606 152.3155 156.4609 154.4021 165.6019 165.3602 166.3731 170.1764 174.2642 181.9450 188.6796 181.1077 177.1779 173.5281 170.1764 167.1407 164.4384 162.0864 154.4021 156.8694 159.6997 162.8742 148.4857 144.9966 141.8732 139.1402 136.8211 134.9370 133.5066 124.5793 108.6646 100.7174 101.9804 109.8362 111.5706 103.8460 106.2826 113.8420 116.6190 109.2520 112.7120 119.8666 123.5476 127.6244 120.9297 116.6190 112.0714 100.9554 89.8888 78.8923 68.0000 59.0593 63.2456 56.8507 52.1536 48.3322 55.7136 53.3667 45.6070 32.2490 34.0000 20.0000 8.0000
190: 190.0316 172.5572 164.0488 171.8255 168.8076 164.1950 159.8499 155.7947 152.0526 148.6472 124.0645 116.6190 109.2520 101.9804 94.8262 98.7927 109.8362 120.9297 132.0606 143.2201 148.0540 141.8732 135.8823 130.1076 135.8823 130.5986 124.5793 119.3315 125.6025 145.4373 149.7732 148.0540 159.2985 158.6443 159.2985 163.2667 167.5231 175.3169 181.9450 174.2642 170.1764 166.3731 162.8742 159.6997 156.8694 154.4021 146.7515 149.3452 152.3155 155.6406 141.4214 137.7534 134.4619 131.5751 129.1201 127.1220 125.6025 116.6190 100.7174 92.7793 94.1488 101.9804 103.8460 96.1665 98.7927 106.2826 109.2520 101.9804 105.6788 112.7120 116.6190 120.9297 114.4028 109.8362 105.6030 94.4034 83.2346 72.1110 61.0574 52.1536 56.8507 50.9117 45.6070 41.1825 48.3322 45.6070 37.9473 25.6125 26.0000 12.0000
191: 181.1077 164.1463 155.7947 164.4019 161.9877 157.7847 153.8831 150.3064 147.0782 144.2221 120.3329 112.6410 104.9952 97.4064 89.8888 93.0376 103.7690 114.6124 125.5388 136.5284 140.9113 134.4024 128.0625 121.9180 127.3106 121.6553 116.0000 110.3449 116.2755 135.3514 140.0000 138.8524 150.1466 148.8086 148.8624 153.1013 157.6325 165.6019 172.0465 164.1950 159.8499 155.7947 152.0526 148.6472 145.6022 142.9405 135.3514 138.1593 141.3648 144.9414 131.0267 127.0590 123.4828 120.3329 117.6435 115.4470 113.7717 104.6900 88.8144 80.8950 82.4621 90.2441 92.3472 84.7585 87.7268 95.0789 98.3870 91.3017 95.4149 102.2155 106.5082 111.2115 104.9952 100.0000 96.3328 85.0412 73.7564 62.4820 51.2250 42.5206 48.1664 43.2666 36.8782 31.2410 37.7359 34.1760 26.8328 17.8885 14.0000
192: 171.1724 154.9322 146.8196 156.4609 154.8289 151.1688 147.8513 144.9000 142.3376 140.1856 117.3882 109.4897 101.6071 93.7443 85.9069 87.9318 98.0816 108.4620 119.0126 129.6919 133.4616 126.5701 119.8165 113.2254 118.0678 111.9464 106.8270 100.6578 106.0754 124.0161 129.0736 128.7012 140.0143 137.7679 137.0109 141.6051 146.4923 154.6739 160.8602 152.8005 148.1216 143.7359 139.6710 135.9559 132.6198 129.6919 122.1966 125.2996 128.8255 132.7403 119.2812 114.9087 110.9414 107.4244 104.4031 101.9215 100.0200 90.7965 74.9667 67.0820 68.9638 76.6551 79.1202 71.6938 75.1798 82.2922 86.0930 79.3221 84.0238 90.4434 95.2680 100.4988 94.7629 89.1964 86.3713 75.0733 63.7809 52.4976 41.2311 33.2866 40.2492 37.3631 29.7321 22.3607 26.9072 21.6333 15.6205 17.0880
193: 164.4384 147.0782 138.6218 146.8196 144.2221 139.9428 136.0000 132.4236 129.2440 126.4911 102.8397 95.0789 87.3613 79.6994 72.1110 75.1532 85.8836 96.7471 107.7033 118.7266 123.2234 116.8247 110.6345 104.6900 110.3449 104.9952 99.0353 93.7230 100.0000 120.0666 124.2578 122.4418 133.6862 133.1465 134.1641 137.9275 142.0422 149.7732 156.4609 148.8624 144.9414 141.3648 138.1593 135.3514 132.9662 131.0267 123.2234 125.2837 127.8124 130.7823 116.2755 112.9248 110.0545 107.7033 105.9056 104.6900 104.0769 96.0833 80.0999 72.1110 72.1110 80.0999 80.8950 72.9932 74.7262 82.4621 84.7585 77.2528 80.4984 87.7268 91.3017 95.4149 88.8144 84.3801 80.0000 68.8186 57.6888 46.6476 35.7771 26.8328 31.2410 25.6125 20.0000 16.4924 24.3311 24.3311 16.4924
194: 155.5892 139.3126 131.2098 140.9823 139.5421 136.0588 132.9662 130.2920 128.0625 126.3012 104.3072 96.3328 88.3629 80.3990 72.4431 73.7564 83.5225 93.6376 104.0000 114.5426 118.1186 111.1396 104.3072 97.6524 102.4500 96.3328 91.2140 85.0412 90.5097 108.8118 113.7014 113.1371 124.4508 122.4418 122.1147 126.4911 131.2098 139.3126 145.6022 137.6372 133.1465 128.9961 125.2198 121.8524 118.9285 116.4818 108.8118 111.4271 114.5426 118.1186 104.3072 100.2397 96.6644 93.6376 91.2140 89.4427 88.3629 80.0000 64.0000 56.0000 56.5685 64.4981 65.9697 58.2409 60.9262 68.3520 71.5542 64.4981 68.8186 75.4718 80.0000 85.0412 79.1960 73.7564 70.7672 59.4643 48.1664 36.8782 25.6125 17.8885 25.2982 24.0000 16.0000 8.0000 11.3137 8.0000
195: 150.1466 134.4024 126.4911 136.9525 136.0588 132.9662 130.2920 128.0625 126.3012 125.0280 104.0000 96.0000 88.0000 80.0000 72.0000 72.4431 81.5843 91.2140 101.1929 111.4271 114.5426 107.3313 100.2397 93.2952 97.6524 91.2140 86.5332 80.0000 85.0412 102.4500 107.6290 107.6290 118.9285 116.2755 115.3776 120.0000 124.9640 133.2066 139.3126 131.2098 126.4911 122.1147 118.1186 114.5426 111.4271 108.8118 101.1929 104.0000 107.3313 111.1396 97.6524 93.2952 89.4427 86.1626 83.5225 81.5843 80.3990 72.0000 56.0000 48.0000 48.6621 56.5685 58.2409 50.5964 53.6656 60.9262 64.4981 57.6888 62.4820 68.8186 73.7564 79.1960 73.7564 67.8823 65.6049 54.4059 43.2666 32.2490 21.5407 16.0000 24.0000 25.2982 17.8885 11.3137 8.0000
196: 144.2775 128.0625 120.0000 130.0000 128.8099 125.5388 122.7029 120.3329 118.4567 117.0982 96.0000 88.0000 80.0000 72.0000 64.0000 64.4981 73.7564 83.5225 93.6376 104.0000 107.3313 100.2397 93.2952 86.5332 91.2140 85.0412 80.0000 73.7564 79.1960 97.6524 102.4500 101.8234 113.1371 111.2115 111.1396 115.3776 120.0000 128.0625 134.4024 126.4911 122.1147 118.1186 114.5426 111.4271 108.8118 106.7333 98.9545 101.1929 104.0000 107.3313 93.2952 89.4427 86.1626 83.5225 81.5843 80.3990 80.0000 72.4431 56.5685 48.6621 48.0000 56.0000 56.5685 48.6621 50.5964 58.2409 60.9262 53.6656 57.6888 64.4981 68.8186 73.7564 67.8823 62.4820 59.4643 48.1664 36.8782 25.6125 14.4222 8.0000 16.0000 17.8885 11.3137 8.0000
197: 149.9333 133.2066 124.9640 134.2386 132.4840 128.8099 125.5388 122.7029 120.3329 118.4567 96.3328 88.3629 80.3990 72.4431 64.4981 65.9697 75.8947 86.1626 96.6644 107.3313 111.1396 104.3072 97.6524 91.2140 96.3328 90.5097 85.0412 79.1960 85.0412 104.3072 108.8118 107.6290 118.9285 117.6435 118.1186 122.1147 126.4911 134.4024 140.9113 133.1465 128.9961 125.2198 121.8524 118.9285 116.4818 114.5426 106.7333 108.8118 111.4271 114.5426 100.2397 96.6644 93.6376 91.2140 89.4427 88.3629 88.0000 80.3990 64.4981 56.5685 56.0000 64.0000 64.4981 56.5685 58.2409 65.9697 68.3520 60.9262 64.4981 71.5542 75.4718 80.0000 73.7564 68.8186 65.1153 53.8145 42.5206 31.2410 20.0000 11.3137 17.8885 16.0000 8.0000
198: 144.4991 127.3106 118.9285 127.6401 125.5388 121.6553 118.1863 115.1694 112.6410 110.6345 88.3629 80.3990 72.4431 64.4981 56.5685 58.2409 68.3520 78.7909 89.4427 100.2397 104.3072 97.6524 91.2140 85.0412 90.5097 85.0412 79.1960 73.7564 80.0000 100.2397 104.3072 102.4500 113.7014 113.2078 114.5426 118.1186 122.1147 129.7998 136.5284 128.9961 125.2198 121.8524 118.9285 116.4818 114.5426 113.1371 105.2236 106.7333 108.8118 111.4271 96.6644 93.6376 91.2140 89.4427 88.3629 88.0000 88.3629 81.5843 65.9697 58.2409 56.5685 64.4981 64.0000 56.0000 56.5685 64.4981 65.9697 58.2409 60.9262 68.3520 71.5542 75.4718 68.8186 64.4981 60.0000 48.8262 37.7359 26.8328 16.4924 8.0000 11.3137 8.0000
199: 139.3126 121.6553 113.1371 121.2106 118.7266 114.6124 110.9234 107.7033 104.9952 102.8397 80.3990 72.4431 64.4981 56.5685 48.6621 50.5964 60.9262 71.5542 82.3650 93.2952 97.6524 91.2140 85.0412 79.1960 85.0412 80.0000 73.7564 68.8186 75.4718 96.6644 100.2397 97.6524 108.8118 109.1788 111.4271 114.5426 118.1186 125.5388 132.4840 125.2198 121.8524 118.9285 116.4818 114.5426 113.1371 112.2854 104.3072 105.2236 106.7333 108.8118 93.6376 91.2140 89.4427 88.3629 88.0000 88.3629 89.4427 83.5225 68.3520 60.9262 58.2409 65.9697 64.4981 56.5685 56.0000 64.0000 64.4981 56.5685 58.2409 65.9697 68.3520 71.5542 64.4981 60.9262 55.5698 44.7214 34.1760 24.3311 16.4924 11.3137 8.0000
200: 133.2066 116.0000 107.6290 116.4989 114.6124 110.9234 107.7033 104.9952 102.8397 101.2719 80.0000 72.0000 64.0000 56.0000 48.0000 48.6621 58.2409 68.3520 78.7909 89.4427 93.2952 86.5332 80.0000 73.7564 79.1960 73.7564 67.8823 62.4820 68.8186 89.4427 93.2952 91.2140 102.4500 102.2155 104.0000 107.3313 111.1396 118.7266 125.5388 118.1186 114.5426 111.4271 108.8118 106.7333 105.2236 104.3072 96.3328 97.3242 98.9545 101.1929 86.1626 83.5225 81.5843 80.3990 80.0000 80.3990 81.5843 75.8947 60.9262 53.6656 50.5964 58.2409 56.5685 48.6621 48.0000 56.0000 56.5685 48.6621 50.5964 58.2409 60.9262 64.4981 57.6888 53.6656 48.8262 37.7359 26.8328 16.4924 8.9443 8.0000
201: 138.6218 121.9180 113.7014 123.1747 121.6553 118.1863 115.1694 112.6410 110.6345 109.1788 88.0000 80.0000 72.0000 64.0000 56.0000 56.5685 65.9697 75.8947 86.1626 96.6644 100.2397 93.2952 86.5332 80.0000 85.0412 79.1960 73.7564 67.8823 73.7564 93.2952 97.6524 96.3328 107.6290 106.5082 107.3313 111.1396 115.3776 123.2234 129.7998 122.1147 118.1186 114.5426 111.4271 108.8118 106.7333 105.2236 97.3242 98.9545 101.1929 104.0000 89.4427 86.1626 83.5225 81.5843 80.3990 80.0000 80.3990 73.7564 58.2409 50.5964 48.6621 56.5685 56.0000 48.0000 48.6621 56.5685 58.2409 50.5964 53.6656 60.9262 64.4981 68.8186 62.4820 57.6888 53.8145 42.5206 31.2410 20.0000 8.9443
202: 130.1076 113.7014 105.6030 115.6028 114.5426 111.4271 108.8118 106.7333 105.2236 104.3072 84.3801 76.4199 68.4690 60.5310 52.6118 52.0000 60.5310 69.8570 79.6994 89.8888 93.0376 85.8836 78.8923 72.1110 76.8375 70.7672 65.6049 59.4643 65.1153 84.3801 88.8144 87.7268 99.0353 97.6524 98.3870 102.2155 106.5082 114.4028 120.9297 113.2078 109.1788 105.6030 102.5280 100.0000 98.0612 96.7471 88.8144 90.2441 92.3472 95.0789 80.4984 77.2528 74.7262 72.9932 72.1110 72.1110 72.9932 67.0522 52.0000 44.7214 41.7612 49.4773 48.1664 40.1995 40.1995 48.1664 49.4773 41.7612 44.7214 52.0000 55.5698 60.0000 53.8145 48.8262 45.2548 33.9411 22.6274 11.3137
203: 118.7939 102.4500 94.4034 104.7091 104.0000 101.1929 98.9545 97.3242 96.3328 96.0000 77.6660 69.8570 62.0967 54.4059 46.8188 44.7214 52.0000 60.5310 69.8570 79.6994 82.4621 75.1532 68.0000 61.0574 65.6049 59.4643 54.4059 48.1664 53.8145 73.4302 77.6660 76.4199 87.7268 86.5332 87.7268 91.3017 95.4149 103.2279 109.8362 102.2155 98.3870 95.0789 92.3472 90.2441 88.8144 88.0909 80.0999 80.8950 82.4621 84.7585 69.8570 67.0522 65.1153 64.1249 64.1249 65.1153 67.0522 62.6099 48.8262 42.5206 37.7359 44.7214 41.7612 34.1760 32.2490 40.1995 40.1995 32.2490 34.1760 41.7612 44.7214 48.8262 42.5206 37.7359 33.9411 22.6274 11.3137
204: 107.4802 91.2140 83.2346 93.9149 93.6376 91.2140 89.4427 88.3629 88.0000 88.3629 72.1110 64.6220 57.2713 50.1199 43.2666 39.3954 44.7214 52.0000 60.5310 69.8570 72.1110 64.6220 57.2713 50.1199 54.4059 48.1664 43.2666 36.8782 42.5206 62.6099 66.5733 65.1153 76.4199 75.4718 77.2528 80.4984 84.3801 92.0869 98.7927 91.3017 87.7268 84.7585 82.4621 80.8950 80.0999 80.0999 72.1110 72.1110 72.9932 74.7262 59.4643 57.2713 56.1427 56.1427 57.2713 59.4643 62.6099 60.0000 48.1664 43.2666 36.8782 42.5206 37.7359 31.2410 26.8328 34.1760 32.2490 24.3311 24.3311 32.2490 34.1760 37.7359 31.2410 26.8328 22.6274 11.3137
205: 96.1665 80.0000 72.1110 83.2586 83.5225 81.5843 80.3990 80.0000 80.3990 81.5843 68.0000 61.0574 54.4059 48.1664 42.5206 36.8782 39.3954 44.7214 52.0000 60.5310 62.0967 54.4059 46.8188 39.3954 43.2666 36.8782 32.2490 25.6125 31.2410 52.0000 55.5698 53.8145 65.1153 64.4981 67.0522 69.8570 73.4302 80.9938 87.8180 80.4984 77.2528 74.7262 72.9932 72.1110 72.1110 72.9932 65.1153 64.1249 64.1249 65.1153 49.4773 48.1664 48.1664 49.4773 52.0000 55.5698 60.0000 59.4643 50.1199 46.8188 39.3954 43.2666 36.8782 32.2490 25.6125 31.2410 26.8328 20.0000 16.4924 24.3311 24.3311 26.8328 20.0000 16.4924 11.3137
206: 84.8528 68.8186 61.0574 72.8011 73.7564 72.4431 72.0000 72.4431 73.7564 75.8947 65.6049 59.4643 53.8145 48.8262 44.7214 37.7359 36.8782 39.3954 44.7214 52.0000 52.6118 44.7214 36.8782 29.1204 32.2490 25.6125 21.5407 14.4222 20.0000 41.7612 44.7214 42.5206 53.8145 53.6656 57.2713 59.4643 62.6099 69.9714 76.9415 69.8570 67.0522 65.1153 64.1249 64.1249 65.1153 67.0522 59.4643 57.2713 56.1427 56.1427 40.1995 40.1995 41.7612 44.7214 48.8262 53.8145 59.4643 61.0574 54.4059 52.6118 44.7214 46.8188 39.3954 36.8782 29.1204 32.2490 25.6125 21.5407 14.4222 20.0000 16.4924 16.4924 8.9443 8.9443
207: 82.4621 68.0000 60.9262 74.2159 76.4199 76.0000 76.4199 77.6660 79.6994 82.4621 73.7564 67.8823 62.4820 57.6888 53.6656 46.6476 45.2548 46.6476 50.5964 56.5685 56.0000 48.0000 40.0000 32.0000 32.9848 25.2982 24.0000 16.0000 17.8885 35.7771 40.0000 40.0000 51.2250 48.8262 50.5964 53.6656 57.6888 65.6049 72.1110 64.4981 60.9262 58.2409 56.5685 56.0000 56.5685 58.2409 50.5964 48.6621 48.0000 48.6621 32.9848 32.0000 32.9848 35.7771 40.0000 45.2548 51.2250 53.6656 48.6621 48.0000 40.0000 40.7922 32.9848 32.0000 24.0000 25.2982 17.8885 16.0000 8.0000 11.3137 8.0000 11.3137 8.0000
208: 76.4199 61.0574 53.6656 66.4831 68.4690 68.0000 68.4690 69.8570 72.1110 75.1532 67.8823 62.4820 57.6888 53.6656 50.5964 43.0813 40.0000 40.0000 43.0813 48.6621 48.0000 40.0000 32.0000 24.0000 25.2982 17.8885 16.0000 8.0000 11.3137 32.9848 35.7771 33.9411 45.2548 44.7214 48.6621 50.5964 53.6656 61.0574 68.0000 60.9262 58.2409 56.5685 56.0000 56.5685 58.2409 60.9262 53.6656 50.5964 48.6621 48.0000 32.0000 32.9848 35.7771 40.0000 45.2548 51.2250 57.6888 60.9262 56.5685 56.0000 48.0000 48.6621 40.7922 40.0000 32.0000 32.9848 25.2982 24.0000 16.0000 17.8885 11.3137 8.0000
209: 71.2180 57.2713 50.5964 64.7765 68.0000 68.4690 69.8570 72.1110 75.1532 78.8923 73.7564 68.8186 64.4981 60.9262 58.2409 50.5964 46.6476 45.2548 46.6476 50.5964 48.6621 40.7922 32.9848 25.2982 24.0000 16.0000 17.8885 11.3137 8.0000 25.2982 28.8444 28.8444 40.0000 37.7359 40.7922 43.0813 46.6476 54.4059 61.0574 53.6656 50.5964 48.6621 48.0000 48.6621 50.5964 53.6656 46.6476 43.0813 40.7922 40.0000 24.0000 25.2982 28.8444 33.9411 40.0000 46.6476 53.6656 58.2409 56.0000 56.5685 48.6621 48.0000 40.0000 40.7922 32.9848 32.0000 24.0000 25.2982 17.8885 16.0000 8.0000
210: 77.6660 64.6220 58.2409 72.6911 76.0000 76.4199 77.6660 79.6994 82.4621 85.8836 79.1960 73.7564 68.8186 64.4981 60.9262 53.6656 51.2250 51.2250 53.6656 58.2409 56.5685 48.6621 40.7922 32.9848 32.0000 24.0000 25.2982 17.8885 16.0000 28.8444 33.9411 35.7771 46.6476 42.5206 43.0813 46.6476 51.2250 59.4643 65.6049 57.6888 53.6656 50.5964 48.6621 48.0000 48.6621 50.5964 43.0813 40.7922 40.0000 40.7922 25.2982 24.0000 25.2982 28.8444 33.9411 40.0000 46.6476 50.5964 48.0000 48.6621 40.7922 40.0000 32.0000 32.9848 25.2982 24.0000 16.0000 17.8885 11.3137 8.0000
211: 84.3801 72.1110 65.9697 80.6226 84.0000 84.3801 85.5102 87.3613 89.8888 93.0376 85.0412 79.1960 73.7564 68.8186 64.4981 57.6888 56.5685 57.6888 60.9262 65.9697 64.4981 56.5685 48.6621 40.7922 40.0000 32.0000 32.9848 25.2982 24.0000 33.9411 40.0000 43.0813 53.6656 48.1664 46.6476 51.2250 56.5685 65.1153 70.7672 62.4820 57.6888 53.6656 50.5964 48.6621 48.0000 48.6621 40.7922 40.0000 40.7922 43.0813 28.8444 25.2982 24.0000 25.2982 28.8444 33.9411 40.0000 43.0813 40.0000 40.7922 32.9848 32.0000 24.0000 25.2982 17.8885 16.0000 8.0000 11.3137 8.0000
212: 88.8144 75.1532 68.3520 82.0000 84.3801 84.0000 84.3801 85.5102 87.3613 89.8888 80.0000 73.7564 67.8823 62.4820 57.6888 51.2250 51.2250 53.6656 58.2409 64.4981 64.0000 56.0000 48.0000 40.0000 40.7922 32.9848 32.0000 24.0000 25.2982 40.0000 45.2548 46.6476 57.6888 53.8145 53.6656 57.6888 62.4820 70.7672 76.8375 68.8186 64.4981 60.9262 58.2409 56.5685 56.0000 56.5685 48.6621 48.0000 48.6621 50.5964 35.7771 32.9848 32.0000 32.9848 35.7771 40.0000 45.2548 46.6476 40.7922 40.0000 32.0000 32.9848 25.2982 24.0000 16.0000 17.8885 11.3137 8.0000
213: 95.4149 82.4621 75.8947 89.8220 92.3472 92.0000 92.3472 93.3809 95.0789 97.4064 86.5332 80.0000 73.7564 67.8823 62.4820 56.5685 57.6888 60.9262 65.9697 72.4431 72.0000 64.0000 56.0000 48.0000 48.6621 40.7922 40.0000 32.0000 32.9848 45.2548 51.2250 53.6656 64.4981 59.4643 57.6888 62.4820 67.8823 76.4199 82.0731 73.7564 68.8186 64.4981 60.9262 58.2409 56.5685 56.0000 48.0000 48.6621 50.5964 53.6656 40.0000 35.7771 32.9848 32.0000 32.9848 35.7771 40.0000 40.0000 32.9848 32.0000 24.0000 25.2982 17.8885 16.0000 8.0000 11.3137 8.0000
214: 91.3017 79.6994 73.7564 88.5664 92.0000 92.3472 93.3809 95.0789 97.4064 100.3195 91.2140 85.0412 79.1960 73.7564 68.8186 62.4820 62.4820 64.4981 68.3520 73.7564 72.4431 64.4981 56.5685 48.6621 48.0000 40.0000 40.7922 32.9848 32.0000 40.0000 46.6476 50.5964 60.9262 54.4059 51.2250 56.5685 62.4820 71.2180 76.4199 67.8823 62.4820 57.6888 53.6656 50.5964 48.6621 48.0000 40.0000 40.7922 43.0813 46.6476 33.9411 28.8444 25.2982 24.0000 25.2982 28.8444 33.9411 35.7771 32.0000 32.9848 25.2982 24.0000 16.0000 17.8885 11.3137 8.0000
215: 98.3870 87.3613 81.5843 96.5194 100.0000 100.3195 101.2719 102.8397 104.9952 107.7033 97.6524 91.2140 85.0412 79.1960 73.7564 67.8823 68.8186 71.5542 75.8947 81.5843 80.3990 72.4431 64.4981 56.5685 56.0000 48.0000 48.6621 40.7922 40.0000 46.6476 53.6656 58.2409 68.3520 61.0574 56.5685 62.4820 68.8186 77.6660 82.4621 73.7564 67.8823 62.4820 57.6888 53.6656 50.5964 48.6621 40.7922 43.0813 46.6476 51.2250 40.0000 33.9411 28.8444 25.2982 24.0000 25.2982 28.8444 28.8444 24.0000 25.2982 17.8885 16.0000 8.0000 11.3137 8.0000
216: 102.2155 89.8888 83.5225 97.6729 100.3195 100.0000 100.3195 101.2719 102.8397 104.9952 93.2952 86.5332 80.0000 73.7564 67.8823 62.4820 64.4981 68.3520 73.7564 80.3990 80.0000 72.0000 64.0000 56.0000 56.5685 48.6621 48.0000 40.0000 40.7922 51.2250 57.6888 60.9262 71.5542 65.6049 62.4820 67.8823 73.7564 82.4621 87.7268 79.1960 73.7564 68.8186 64.4981 60.9262 58.2409 56.5685 48.6621 50.5964 53.6656 57.6888 45.2548 40.0000 35.7771 32.9848 32.0000 32.9848 35.7771 33.9411 25.2982 24.0000 16.0000 17.8885 11.3137 8.0000
217: 109.1788 97.4064 91.2140 105.5462 108.2959 108.0000 108.2959 109.1788 110.6345 112.6410 100.2397 93.2952 86.5332 80.0000 73.7564 68.8186 71.5542 75.8947 81.5843 88.3629 88.0000 80.0000 72.0000 64.0000 64.4981 56.5685 56.0000 48.0000 48.6621 57.6888 64.4981 68.3520 78.7909 72.1110 67.8823 73.7564 80.0000 88.8144 93.7230 85.0412 79.1960 73.7564 68.8186 64.4981 60.9262 58.2409 50.5964 53.6656 57.6888 62.4820 51.2250 45.2548 40.0000 35.7771 32.9848 32.0000 32.9848 28.8444 17.8885 16.0000 8.0000 11.3137 8.0000
218: 105.6030 95.0789 89.4427 104.4797 108.0000 108.2959 109.1788 110.6345 112.6410 115.1694 104.3072 97.6524 91.2140 85.0412 79.1960 73.7564 75.4718 78.7909 83.5225 89.4427 88.3629 80.3990 72.4431 64.4981 64.0000 56.0000 56.5685 48.6621 48.0000 53.6656 60.9262 65.9697 75.8947 68.0000 62.4820 68.8186 75.4718 84.3801 88.8144 80.0000 73.7564 67.8823 62.4820 57.6888 53.6656 50.5964 43.0813 46.6476 51.2250 56.5685 46.6476 40.0000 33.9411 28.8444 25.2982 24.0000 25.2982 22.6274 16.0000 17.8885 11.3137 8.0000
219: 112.9248 102.8397 97.3242 112.4455 116.0000 116.2755 117.0982 118.4567 120.3329 122.7029 111.1396 104.3072 97.6524 91.2140 85.0412 80.0000 82.3650 86.1626 91.2140 97.3242 96.3328 88.3629 80.3990 72.4431 72.0000 64.0000 64.4981 56.5685 56.0000 60.9262 68.3520 73.7564 83.5225 75.1532 68.8186 75.4718 82.3650 91.3017 95.4149 86.5332 80.0000 73.7564 67.8823 62.4820 57.6888 53.6656 46.6476 51.2250 56.5685 62.4820 53.6656 46.6476 40.0000 33.9411 28.8444 25.2982 24.0000 17.8885 8.0000 11.3137 8.0000
220: 116.2755 104.9952 98.9545 113.4372 116.2755 116.0000 116.2755 117.0982 118.4567 120.3329 107.3313 100.2397 93.2952 86.5332 80.0000 75.4718 78.7909 83.5225 89.4427 96.3328 96.0000 88.0000 80.0000 72.0000 72.4431 64.4981 64.0000 56.0000 56.5685 64.4981 71.5542 75.8947 86.1626 78.8923 73.7564 80.0000 86.5332 95.4149 100.0000 91.2140 85.0412 79.1960 73.7564 68.8186 64.4981 60.9262 53.6656 57.6888 62.4820 67.8823 57.6888 51.2250 45.2548 40.0000 35.7771 32.9848 32.0000 25.2982 11.3137 8.0000
221: 123.4828 112.6410 106.7333 121.3425 124.2578 124.0000 124.2578 125.0280 126.3012 128.0625 114.5426 107.3313 100.2397 93.2952 86.5332 82.3650 86.1626 91.2140 97.3242 104.3072 104.0000 96.0000 88.0000 80.0000 80.3990 72.4431 72.0000 64.0000 64.4981 71.5542 78.7909 83.5225 93.6376 85.8836 80.0000 86.5332 93.2952 102.2155 106.5082 97.6524 91.2140 85.0412 79.1960 73.7564 68.8186 64.4981 57.6888 62.4820 67.8823 73.7564 64.4981 57.6888 51.2250 45.2548 40.0000 35.7771 32.9848 24.0000 8.0000
222: 120.3329 110.6345 105.2236 120.4159 124.0000 124.2578 125.0280 126.3012 128.0625 130.2920 118.1186 111.1396 104.3072 97.6524 91.2140 86.5332 89.4427 93.6376 98.9545 105.2236 104.3072 96.3328 88.3629 80.3990 80.0000 72.0000 72.4431 64.4981 64.0000 68.3520 75.8947 81.5843 91.2140 82.4621 75.4718 82.3650 89.4427 98.3870 102.2155 93.2952 86.5332 80.0000 73.7564 67.8823 62.4820 57.6888 51.2250 56.5685 62.4820 68.8186 60.9262 53.6656 46.6476 40.0000 33.9411 28.8444 25.2982 16.0000
223: 115.4470 108.2959 104.0000 120.1499 125.0280 126.3012 128.0625 130.2920 132.9662 136.0588 126.4911 120.0000 113.7014 107.6290 101.8234 96.3328 97.6524 100.2397 104.0000 108.8118 106.7333 98.9545 91.2140 83.5225 81.5843 73.7564 75.8947 68.3520 65.9697 64.4981 72.4431 80.0000 88.3629 77.6660 68.3520 75.8947 83.5225 92.3472 95.0789 86.1626 78.7909 71.5542 64.4981 57.6888 51.2250 45.2548 40.0000 46.6476 53.6656 60.9262 56.5685 48.6621 40.7922 32.9848 25.2982 17.8885 11.3137
224: 105.9056 100.0000 96.3328 112.8716 118.4567 120.3329 122.7029 125.5388 128.8099 132.4840 124.9640 118.9285 113.1371 107.6290 102.4500 96.3328 96.3328 97.6524 100.2397 104.0000 101.1929 93.6376 86.1626 78.7909 75.8947 68.3520 71.5542 64.4981 60.9262 56.0000 64.0000 72.4431 80.0000 68.4690 58.2409 65.9697 73.7564 82.4621 84.7585 75.8947 68.3520 60.9262 53.6656 46.6476 40.0000 33.9411 28.8444 35.7771 43.0813 50.5964 48.0000 40.0000 32.0000 24.0000 16.0000 8.0000
225: 98.0612 92.0000 88.3629 104.9381 110.6345 112.6410 115.1694 118.1863 121.6553 125.5388 118.9285 113.1371 107.6290 102.4500 97.6524 91.2140 90.5097 91.2140 93.2952 96.6644 93.6376 86.1626 78.7909 71.5542 68.3520 60.9262 64.4981 57.6888 53.6656 48.0000 56.0000 64.4981 72.0000 60.5310 50.5964 58.2409 65.9697 74.7262 77.2528 68.3520 60.9262 53.6656 46.6476 40.0000 33.9411 28.8444 22.6274 28.8444 35.7771 43.0813 40.0000 32.0000 24.0000 16.0000 8.0000
226: 90.2441 84.0000 80.3990 97.0155 102.8397 104.9952 107.7033 110.9234 114.6124 118.7266 113.1371 107.6290 102.4500 97.6524 93.2952 86.5332 85.0412 85.0412 86.5332 89.4427 86.1626 78.7909 71.5542 64.4981 60.9262 53.6656 57.6888 51.2250 46.6476 40.0000 48.0000 56.5685 64.0000 52.6118 43.0813 50.5964 58.2409 67.0522 69.8570 60.9262 53.6656 46.6476 40.0000 33.9411 28.8444 25.2982 17.8885 22.6274 28.8444 35.7771 32.0000 24.0000 16.0000 8.0000
227: 82.4621 76.0000 72.4431 89.1067 95.0789 97.4064 100.3195 103.7690 107.7033 112.0714 107.6290 102.4500 97.6524 93.2952 89.4427 82.3650 80.0000 79.1960 80.0000 82.3650 78.7909 71.5542 64.4981 57.6888 53.6656 46.6476 51.2250 45.2548 40.0000 32.0000 40.0000 48.6621 56.0000 44.7214 35.7771 43.0813 50.5964 59.4643 62.6099 53.6656 46.6476 40.0000 33.9411 28.8444 25.2982 24.0000 16.0000 17.8885 22.6274 28.8444 24.0000 16.0000 8.0000
228: 74.7262 68.0000 64.4981 81.2158 87.3613 89.8888 93.0376 96.7471 100.9554 105.6030 102.4500 97.6524 93.2952 89.4427 86.1626 78.7909 75.4718 73.7564 73.7564 75.4718 71.5542 64.4981 57.6888 51.2250 46.6476 40.0000 45.2548 40.0000 33.9411 24.0000 32.0000 40.7922 48.0000 36.8782 28.8444 35.7771 43.0813 52.0000 55.5698 46.6476 40.0000 33.9411 28.8444 25.2982 24.0000 25.2982 17.8885 16.0000 17.8885 22.6274 16.0000 8.0000
229: 67.0522 60.0000 56.5685 73.3485 79.6994 82.4621 85.8836 89.8888 94.4034 99.3579 97.6524 93.2952 89.4427 86.1626 83.5225 75.8947 71.5542 68.8186 67.8823 68.8186 64.4981 57.6888 51.2250 45.2548 40.0000 33.9411 40.0000 35.7771 28.8444 16.0000 24.0000 32.9848 40.0000 29.1204 22.6274 28.8444 35.7771 44.7214 48.8262 40.0000 33.9411 28.8444 25.2982 24.0000 25.2982 28.8444 22.6274 17.8885 16.0000 17.8885 8.0000
230: 59.4643 52.0000 48.6621 65.5134 72.1110 75.1532 78.8923 83.2346 88.0909 93.3809 93.2952 89.4427 86.1626 83.5225 81.5843 73.7564 68.3520 64.4981 62.4820 62.4820 57.6888 51.2250 45.2548 40.0000 33.9411 28.8444 35.7771 32.9848 25.2982 8.0000 16.0000 25.2982 32.0000 21.5407 17.8885 22.6274 28.8444 37.7359 42.5206 33.9411 28.8444 25.2982 24.0000 25.2982 28.8444 33.9411 28.8444 22.6274 17.8885 16.0000
231: 56.1427 54.4059 53.6656 70.6824 78.8923 83.2346 88.0909 93.3809 99.0353 104.9952 107.3313 104.0000 101.1929 98.9545 97.3242 89.4427 83.5225 78.7909 75.4718 73.7564 67.8823 62.4820 57.6888 53.6656 46.6476 43.0813 50.5964 48.6621 40.7922 17.8885 22.6274 33.9411 35.7771 21.5407 8.0000 16.0000 24.0000 32.2490 34.1760 25.2982 17.8885 11.3137 8.0000 11.3137 17.8885 25.2982 24.0000 16.0000 8.0000
232: 64.1249 62.0967 60.9262 78.0000 85.8836 89.8888 94.4034 99.3579 104.6900 110.3449 111.1396 107.3313 104.0000 101.1929 98.9545 91.2140 86.1626 82.3650 80.0000 79.1960 73.7564 67.8823 62.4820 57.6888 51.2250 46.6476 53.6656 50.5964 43.0813 22.6274 28.8444 40.0000 43.0813 29.1204 16.0000 24.0000 32.0000 40.1995 41.7612 32.9848 25.2982 17.8885 11.3137 8.0000 11.3137 17.8885 16.0000 8.0000
233: 72.1110 69.8570 68.3520 85.4400 93.0376 96.7471 100.9554 105.6030 110.6345 116.0000 115.3776 111.1396 107.3313 104.0000 101.1929 93.6376 89.4427 86.5332 85.0412 85.0412 80.0000 73.7564 67.8823 62.4820 56.5685 51.2250 57.6888 53.6656 46.6476 28.8444 35.7771 46.6476 50.5964 36.8782 24.0000 32.0000 40.0000 48.1664 49.4773 40.7922 32.9848 25.2982 17.8885 11.3137 8.0000 11.3137 8.0000
234: 80.0999 77.6660 75.8947 92.9731 100.3195 103.7690 107.7033 112.0714 116.8247 121.9180 120.0000 115.3776 111.1396 107.3313 104.0000 96.6644 93.2952 91.2140 90.5097 91.2140 86.5332 80.0000 73.7564 67.8823 62.4820 56.5685 62.4820 57.6888 51.2250 35.7771 43.0813 53.6656 58.2409 44.7214 32.0000 40.0000 48.0000 56.1427 57.2713 48.6621 40.7922 32.9848 25.2982 17.8885 11.3137 8.0000
235: 80.0999 79.6994 78.7909 95.8541 103.7690 107.7033 112.0714 116.8247 121.9180 127.3106 126.4911 122.1147 118.1186 114.5426 111.4271 104.0000 100.2397 97.6524 96.3328 96.3328 91.2140 85.0412 79.1960 73.7564 67.8823 62.4820 68.8186 64.4981 57.6888 40.0000 46.6476 57.6888 60.9262 46.8188 32.9848 40.7922 48.6621 56.1427 56.1427 48.0000 40.0000 32.0000 24.0000 16.0000 8.0000
236: 72.1110 72.1110 71.5542 88.5664 96.7471 100.9554 105.6030 110.6345 116.0000 121.6553 122.1147 118.1186 114.5426 111.4271 108.8118 101.1929 96.6644 93.2952 91.2140 90.5097 85.0412 79.1960 73.7564 68.8186 62.4820 57.6888 64.4981 60.9262 53.6656 33.9411 40.0000 51.2250 53.6656 39.3954 25.2982 32.9848 40.7922 48.1664 48.1664 40.0000 32.0000 24.0000 16.0000 8.0000
237: 64.1249 64.6220 64.4981 81.4125 89.8888 94.4034 99.3579 104.6900 110.3449 116.2755 118.1186 114.5426 111.4271 108.8118 106.7333 98.9545 93.6376 89.4427 86.5332 85.0412 79.1960 73.7564 68.8186 64.4981 57.6888 53.6656 60.9262 58.2409 50.5964 28.8444 33.9411 45.2548 46.6476 32.2490 17.8885 25.2982 32.9848 40.1995 40.1995 32.0000 24.0000 16.0000 8.0000
238: 56.1427 57.2713 57.6888 74.4312 83.2346 88.0909 93.3809 99.0353 104.9952 111.2115 114.5426 111.4271 108.8118 106.7333 105.2236 97.3242 91.2140 86.1626 82.3650 80.0000 73.7564 68.8186 64.4981 60.9262 53.6656 50.5964 58.2409 56.5685 48.6621 25.2982 28.8444 40.0000 40.0000 25.6125 11.3137 17.8885 25.2982 32.2490 32.2490 24.0000 16.0000 8.0000
239: 48.1664 50.1199 51.2250 67.6757 76.8375 82.0731 87.7268 93.7230 100.0000 106.5082 111.4271 108.8118 106.7333 105.2236 104.3072 96.3328 89.4427 83.5225 78.7909 75.4718 68.8186 64.4981 60.9262 58.2409 50.5964 48.6621 56.5685 56.0000 48.0000 24.0000 25.2982 35.7771 33.9411 20.0000 8.0000 11.3137 17.8885 24.3311 24.3311 16.0000 8.0000
240: 40.1995 43.2666 45.2548 61.2209 70.7672 76.4199 82.4621 88.8144 95.4149 102.2155 108.8118 106.7333 105.2236 104.3072 104.0000 96.0000 88.3629 81.5843 75.8947 71.5542 64.4981 60.9262 58.2409 56.5685 48.6621 48.0000 56.0000 56.5685 48.6621 25.2982 24.0000 32.9848 28.8444 16.4924 11.3137 8.0000 11.3137 16.4924 16.4924 8.0000
241: 32.2490 36.8782 40.0000 55.1725 65.1153 71.2180 77.6660 84.3801 91.3017 98.3870 106.7333 105.2236 104.3072 104.0000 104.3072 96.3328 88.0000 80.3990 73.7564 68.3520 60.9262 58.2409 56.5685 56.0000 48.0000 48.6621 56.5685 58.2409 50.5964 28.8444 25.2982 32.0000 25.2982 16.4924 17.8885 11.3137 8.0000 8.9443 8.9443
242: 25.2982 34.4093 39.3954 52.8015 63.2456 69.9714 76.9415 84.0952 91.3893 98.7927 109.1788 108.2959 108.0000 108.2959 109.1788 101.2719 92.3472 84.0000 76.4199 69.8570 62.0967 60.5310 60.0000 60.5310 52.6118 54.4059 62.0967 64.6220 57.2713 36.8782 32.2490 36.8782 28.0000 23.3238 26.8328 20.0000 14.4222 8.0000
243: 24.0000 28.2843 32.2490 46.6905 56.8507 63.2456 69.9714 76.9415 84.0952 91.3893 101.2719 100.3195 100.0000 100.3195 101.2719 93.3809 84.3801 76.0000 68.4690 62.0967 54.4059 52.6118 52.0000 52.6118 44.7214 46.8188 54.4059 57.2713 50.1199 31.2410 25.6125 29.1204 20.0000 16.9706 24.3311 16.4924 8.9443
244: 32.2490 32.2490 33.9411 50.0000 59.4643 65.1153 71.2180 77.6660 84.3801 91.3017 98.9545 97.3242 96.3328 96.0000 96.3328 88.3629 80.0000 72.4431 65.9697 60.9262 53.6656 50.5964 48.6621 48.0000 40.0000 40.7922 48.6621 50.5964 43.0813 22.6274 17.8885 24.0000 17.8885 8.9443 16.0000 8.0000
245: 40.1995 39.3954 40.0000 56.6039 65.6049 70.7672 76.4199 82.4621 88.8144 95.4149 101.1929 98.9545 97.3242 96.3328 96.0000 88.0000 80.3990 73.7564 68.3520 64.4981 57.6888 53.6656 50.5964 48.6621 40.7922 40.0000 48.0000 48.6621 40.7922 17.8885 16.0000 25.2982 22.6274 8.9443 8.0000
246: 48.1664 46.8188 46.6476 63.5295 72.1110 76.8375 82.0731 87.7268 93.7230 100.0000 104.0000 101.1929 98.9545 97.3242 96.3328 88.3629 81.5843 75.8947 71.5542 68.8186 62.4820 57.6888 53.6656 50.5964 43.0813 40.7922 48.6621 48.0000 40.0000 16.0000 17.8885 28.8444 28.8444 14.4222
247: 37.9473 32.9848 32.2490 49.1935 57.6888 62.4820 67.8823 73.7564 80.0000 86.5332 92.3472 90.2441 88.8144 88.0909 88.0909 80.0999 72.1110 65.1153 59.4643 55.5698 48.8262 44.7214 41.7612 40.1995 32.2490 32.2490 40.1995 41.7612 34.1760 14.4222 8.9443 16.4924 14.4222
248: 31.2410 20.0000 17.8885 34.9285 43.2666 48.1664 53.8145 60.0000 66.5733 73.4302 81.5843 80.3990 80.0000 80.3990 81.5843 73.7564 64.4981 56.0000 48.6621 43.0813 35.7771 32.9848 32.0000 32.9848 25.2982 28.8444 35.7771 40.0000 33.9411 24.0000 16.0000 11.3137
249: 42.5206 29.1204 24.0000 40.4475 46.8188 50.1199 54.4059 59.4643 65.1153 71.2180 75.8947 73.7564 72.4431 72.0000 72.4431 64.4981 56.0000 48.6621 43.0813 40.0000 33.9411 28.8444 25.2982 24.0000 16.0000 17.8885 25.2982 28.8444 22.6274 17.8885 11.3137
250: 44.7214 36.0000 32.9848 50.0000 57.2713 61.0574 65.6049 70.7672 76.4199 82.4621 86.1626 83.5225 81.5843 80.3990 80.0000 72.0000 64.4981 58.2409 53.6656 51.2250 45.2548 40.0000 35.7771 32.9848 25.2982 24.0000 32.0000 32.9848 25.2982 8.0000
251: 52.0000 44.0000 40.7922 57.7235 64.6220 68.0000 72.1110 76.8375 82.0731 87.7268 89.4427 86.1626 83.5225 81.5843 80.3990 72.4431 65.9697 60.9262 57.6888 56.5685 51.2250 45.2548 40.0000 35.7771 28.8444 25.2982 32.9848 32.0000 24.0000
252: 65.1153 50.1199 43.0813 56.8859 60.0000 60.5310 62.0967 64.6220 68.0000 72.1110 68.8186 64.4981 60.9262 58.2409 56.5685 48.6621 43.0813 40.0000 40.0000 43.0813 40.7922 32.9848 25.2982 17.8885 16.0000 8.0000 11.3137 8.0000
253: 70.7672 54.4059 46.6476 58.8218 60.5310 60.0000 60.5310 62.0967 64.6220 68.0000 62.4820 57.6888 53.6656 50.5964 48.6621 40.7922 35.7771 33.9411 35.7771 40.7922 40.0000 32.0000 24.0000 16.0000 17.8885 11.3137 8.0000
254: 65.6049 48.1664 40.0000 51.2640 52.6118 52.0000 52.6118 54.4059 57.2713 61.0574 57.6888 53.6656 50.5964 48.6621 48.0000 40.0000 32.9848 28.8444 28.8444 32.9848 32.0000 24.0000 16.0000 8.0000 11.3137 8.0000
255: 59.4643 43.2666 35.7771 49.0306 52.0000 52.6118 54.4059 57.2713 61.0574 65.6049 64.4981 60.9262 58.2409 56.5685 56.0000 48.0000 40.7922 35.7771 33.9411 35.7771 32.9848 25.2982 17.8885 11.3137 8.0000
256: 54.4059 36.8782 28.8444 41.2311 44.0000 44.7214 46.8188 50.1199 54.4059 59.4643 60.9262 58.2409 56.5685 56.0000 56.5685 48.6621 40.0000 32.9848 28.8444 28.8444 25.2982 17.8885 11.3137 8.0000
257: 61.0574 42.5206 33.9411 43.8634 44.7214 44.0000 44.7214 46.8188 50.1199 54.4059 53.6656 50.5964 48.6621 48.0000 48.6621 40.7922 32.0000 25.2982 22.6274 25.2982 24.0000 16.0000 8.0000
258: 57.2713 37.7359 28.8444 36.7151 36.8782 36.0000 36.8782 39.3954 43.2666 48.1664 50.5964 48.6621 48.0000 48.6621 50.5964 43.0813 32.9848 24.0000 17.8885 17.8885 16.0000 8.0000
259: 54.4059 34.1760 25.2982 30.0000 29.1204 28.0000 29.1204 32.2490 36.8782 42.5206 48.6621 48.0000 48.6621 50.5964 53.6656 46.6476 35.7771 25.2982 16.0000 11.3137 8.0000
260: 52.6118 32.2490 24.0000 24.0832 21.5407 20.0000 21.5407 25.6125 31.2410 37.7359 48.0000 48.6621 50.5964 53.6656 57.6888 51.2250 40.0000 28.8444 17.8885 8.0000
261: 60.5310 40.1995 32.0000 30.5287 25.6125 21.5407 20.0000 21.5407 25.6125 31.2410 40.0000 40.7922 43.0813 46.6476 51.2250 45.2548 33.9411 22.6274 11.3137
262: 69.8570 49.4773 40.7922 41.6173 36.8782 32.2490 29.1204 28.0000 29.1204 32.2490 32.9848 32.0000 32.9848 35.7771 40.0000 33.9411 22.6274 11.3137
263: 79.6994 59.4643 50.5964 52.8015 48.1664 43.2666 39.3954 36.8782 36.0000 36.8782 28.8444 25.2982 24.0000 25.2982 28.8444 22.6274 11.3137
264: 89.8888 69.8570 60.9262 64.0312 59.4643 54.4059 50.1199 46.8188 44.7214 44.0000 28.8444 22.6274 17.8885 16.0000 17.8885 11.3137
265: 100.3195 80.4984 71.5542 75.2861 70.7672 65.6049 61.0574 57.2713 54.4059 52.6118 32.9848 25.2982 17.8885 11.3137 8.0000
266: 107.7033 87.7268 78.7909 81.6088 76.4199 70.7672 65.6049 61.0574 57.2713 54.4059 32.0000 24.0000 16.0000 8.0000
267: 104.9952 84.7585 75.8947 77.1751 71.2180 65.1153 59.4643 54.4059 50.1199 46.8188 24.0000 16.0000 8.0000
268: 102.8397 82.4621 73.7564 73.3485 66.5733 60.0000 53.8145 48.1664 43.2666 39.3954 16.0000 8.0000
269: 101.2719 80.8950 72.4431 70.2282 62.6099 55.5698 48.8262 42.5206 36.8782 32.2490 8.0000
270: 100.3195 80.0999 72.0000 67.9117 59.4643 52.0000 44.7214 37.7359 31.2410 25.6125
271: 84.8528 65.9697 59.4643 50.1597 40.0000 32.0000 24.0000 16.0000 8.0000
272: 76.9415 58.2409 52.0000 42.1900 32.0000 24.0000 16.0000 8.0000
273: 69.0507 50.5964 44.7214 34.2345 24.0000 16.0000 8.0000
274: 61.1882 43.0813 37.7359 26.3059 16.0000 8.0000
275: 53.3667 35.7771 31.2410 18.4391 8.0000
276: 45.6070 28.8444 25.6125 10.7703
277: 34.9285 18.4391 17.0880
278: 29.1204 8.9443
279: 20.3961
280: 
