kroA150 Distance Matrix (Upper Triangular, 150 cities, Euclidean)
Row i, Column j: distance from city (i+1) to city (151-j), j=1..150-i
Column order: city 150, 149, 148, ..., 2

  1: 1382.1671 1724.9699 533.1754 2271.4192 2649.9966 1277.0474 1521.6652 878.0530 426.4387 1007.1822 1494.5187 648.5314 936.6536 1098.6924 2409.4640 1676.6067 1000.2465 729.4518 2139.1515 419.6868 77.5242 1546.1077 2413.2600 1113.9129 2327.2329 1146.9167 1471.1798 2146.9898 709.0867 2125.8570 1974.3885 1018.4154 1370.0131 1502.1398 1951.4428 1989.0299 1548.9409 532.6734 2057.1825 1508.7919 1016.7364 719.4011 824.3573 2055.4077 846.1796 473.1934 1370.1726 2662.8113 1513.3968 2097.0238 2643.4941 1468.2524 782.6525 814.8773 2376.6836 2431.1347 1358.8480 412.9758 302.5525 752.9734 643.7701 806.4899 1219.4466 1254.9283 1508.3004 1733.8411 888.4740 1715.5515 2186.0723 1219.5921 862.9745 1007.9112 2442.3276 1048.4293 2648.7238 628.0462 941.9820 1531.1597 801.5385 2635.2831 1386.5591 1240.5035 1617.6928 593.1888 1286.4389 1250.2340 1365.6621 288.0868 1259.6591 1043.2186 1152.2890 1030.8972 718.2291 1359.8176 795.3427 1707.5462 1394.1797 1010.4514 2474.0517 1128.6895 1706.5723 442.2895 2522.6329 429.1969 2114.6863 923.0179 1668.3944 2250.8598 661.4605 2697.5991 1358.1064 2102.3142 1224.8265 2518.1950 1172.7105 1576.1183 1803.8697 2640.8518 790.2259 886.7130 2144.5745 2080.5040 415.6369 1571.5597 1510.6386 1194.0205 1206.0667 882.2205 1329.5311 885.1130 1404.8434 813.7057 1167.4695 1017.5289 1259.3562 1014.7537 2378.3702 2553.8451 1546.9922 902.2694 749.1061 1424.0593 424.5374 1446.7654 396.8526 2522.8145 1103.6095 2252.2709 1692.8299
  2: 1770.4759 1629.4195 1187.9415 876.1016 1104.9403 1213.7632 209.7475 1975.8947 1266.8485 2596.4023 1118.0004 1802.1060 1066.0042 2727.5370 1843.6507 1160.2056 2585.2141 1230.0606 1447.5027 1616.6045 1626.1049 2800.6006 2027.6610 2743.0634 681.2239 1129.9562 2631.6392 1814.1069 1574.3268 1170.7079 1856.9300 2107.5932 2475.5292 1362.2353 446.5871 1852.7712 281.1139 2201.8401 1332.5378 3201.3663 1671.0027 2045.6600 941.8832 1150.1252 2489.0619 1221.2833 3062.9718 1147.8959 3205.8610 1059.8349 1830.8053 3155.9937 1911.4110 2093.0361 1200.9413 793.7714 2963.1330 1399.7464 1769.4691 1978.3210 2301.7986 1419.5087 2806.4335 1218.5007 1752.0722 832.3136 2581.3006 1513.2250 569.9412 842.6304 1670.0048 2647.1124 1262.3332 1663.8597 1045.0172 2076.2122 2543.9066 462.2434 2458.6470 1901.8144 2887.4426 573.2661 710.5385 1102.7429 2618.4870 2526.6583 331.7167 1979.1981 1802.5426 1006.1064 1851.1567 2626.0739 1160.7007 1400.3889 1902.7898 1529.0798 331.3035 2577.2514 1302.2922 1146.9634 416.1250 2094.2734 1595.6065 1932.6171 1636.4978 2124.2140 256.5638 1834.5454 1536.0602 1984.4541 336.5056 961.1379 2917.2571 1143.1242 2857.5691 1893.0806 1451.4796 1069.3180 2165.9178 1592.3847 1190.7447 1500.9664 1363.3653 1737.3373 2670.9706 893.0711 2894.5556 1921.4333 2896.7475 2501.8425 1603.2417 2310.2160 2836.8913 2455.0959 2830.6150 2445.8132 1661.9850 969.7515 1606.4881 2358.8355 2441.8315 1342.5051 1619.8410 1391.8064 2056.6130 1185.9595 2402.8161 1708.4698
  3: 1075.3725 596.3598 2078.4802 1152.6114 1477.2711 979.8092 1581.0101 3007.2175 2012.2231 2595.1871 803.5982 2767.3542 2340.1000 3288.2806 161.4466 644.5169 3228.4338 2356.4057 270.2832 1875.2986 2238.4553 3779.7795 330.1939 2776.7755 1630.0886 1123.8550 3675.6684 253.9311 2651.2744 604.0530 503.6050 3161.1685 3549.1886 751.1298 1375.3883 482.1162 1465.9447 2497.4997 379.1200 3457.0283 1368.3161 1997.1565 1603.7459 588.4633 3041.8231 1945.1118 3312.2296 1419.2984 3419.5441 722.7538 454.2785 3314.9155 1786.2354 3018.3766 826.4605 1633.1822 3554.4339 1845.7987 2515.4630 1885.1061 2842.3828 2587.0698 3435.2621 1001.0000 926.7416 880.5708 2913.1718 552.9530 1530.8886 1192.8206 2811.8081 3193.3608 832.6632 1333.0146 1615.0697 2870.3383 2582.7478 1287.3919 2640.3765 401.0050 3630.5771 1423.7812 1020.7850 1872.4062 3529.2012 3479.7019 1650.5287 2473.6988 1227.8929 1275.4674 1377.6306 2625.8380 1572.4723 902.6561 2916.6176 567.1208 1827.9434 3246.1781 823.3104 1137.9490 1292.6535 2669.8015 507.0552 2138.5738 139.2623 1895.6798 1452.2507 171.0263 2591.8816 450.7871 1730.9676 850.5651 3215.8837 1133.3817 3047.0002 983.2462 448.4128 1532.9220 2086.7786 2769.9487 592.0845 214.0210 1855.7764 846.1324 3716.8310 1183.9430 3245.7198 1703.4697 3551.5412 2582.1629 934.0134 3065.9754 3286.3848 2292.5534 3482.2766 2279.5274 221.2984 1532.6542 782.4660 2264.7300 2793.5103 829.1906 2501.8977 811.3211 2622.8061 1073.7360 3332.9233
  4: 2482.0032 2824.6736 1316.3715 3161.6542 3484.8288 2353.1698 2296.5664 434.2315 1338.4842 1570.7864 2548.7377 611.1211 1346.7390 715.9672 3492.4915 2727.5718 543.2025 1173.7981 3195.4688 1519.2580 1102.2196 446.8568 3510.9124 1542.0052 3083.9502 2210.9636 381.0722 3243.0395 828.6966 3131.9824 3077.1240 340.5877 335.4311 2589.2118 2775.0180 3091.4427 2366.3728 1163.1977 3103.4719 1383.3094 2115.0236 1684.1853 1782.1518 3067.1232 693.7449 1406.7701 1323.5879 3515.0036 1445.1159 3081.9839 3701.2464 1498.5516 1821.0308 324.2299 3344.2047 3196.2744 784.6235 1491.4842 819.3192 1760.3162 747.4664 992.3628 644.0497 2332.1546 2611.0565 2712.5518 1061.2332 2808.1056 2965.1580 2215.7737 758.0218 718.3572 3412.1035 2147.8049 3443.8235 477.2002 1507.7825 2416.4048 1293.3870 3704.4618 554.4763 2132.5292 2575.0573 1502.0682 216.1134 147.1768 2131.2402 973.9035 2353.3944 2076.1081 2235.1528 1572.7788 1763.0113 2454.4380 500.3719 2801.6224 2071.5803 497.6364 3447.6847 2195.7746 2568.8178 785.4947 3555.8607 1394.7229 3197.5616 1895.4978 2479.0018 3343.3690 867.6820 3771.1119 2087.3018 3060.9889 1189.6731 3428.1803 1336.0135 2674.0757 2886.5239 3458.9160 1696.5627 844.3518 3152.2998 3149.9563 1478.0487 2675.0555 417.0623 2203.6862 1101.3106 1928.3747 660.8669 1444.9211 2508.2115 372.3399 928.9031 1789.4896 624.7720 1794.2745 3441.6097 3362.0513 2649.1389 1695.4174 1030.0689 2511.7096 850.7185 2538.4247 822.1253 3447.0255
  5: 1847.6918 1436.7143 2136.6808 309.9581 411.4280 1421.3518 1197.8790 3044.8415 2147.4927 3189.9193 1174.6595 2836.3826 2182.5593 3621.2398 1118.4936 1034.2422 3512.0467 2297.4266 849.1431 2268.4466 2477.5789 3873.9830 1375.6777 3364.2320 721.7659 1474.5376 3724.3288 1306.9981 2643.0484 556.5941 1505.3269 3189.6722 3574.8909 1353.2498 739.7973 1488.2476 1103.7776 2933.4280 803.2042 3960.9729 1984.4521 2569.2460 1704.9352 622.7744 3368.9685 2083.0778 3814.3487 347.3111 3943.8008 499.0090 894.1521 3863.2675 2373.9149 3124.0391 253.1403 670.5468 3879.3037 2128.8142 2701.2962 2468.0750 3166.4171 2515.8905 3734.7194 1442.0832 1738.2684 805.3484 3354.7359 1319.4885 704.4949 1310.2465 2768.4754 3530.7257 242.1673 1957.6284 564.0222 3049.3470 3156.8467 1030.6741 3145.4260 1007.2626 3869.0083 1316.7057 905.8063 1971.1119 3661.4524 3583.5069 1349.9985 2799.7366 1965.2837 1506.1109 2087.7263 3221.8634 1818.4900 1499.5229 2961.8624 1342.8272 1468.3739 3515.5974 259.2393 1498.0404 887.0287 2964.1223 652.1503 2591.8775 1107.0795 2548.3691 1007.2462 1244.7397 2593.8815 1079.0820 1413.0166 437.3854 3688.5646 69.2315 3569.1233 1851.2250 1178.0717 474.6588 2683.1213 2700.6386 553.1663 972.7487 2113.8271 1675.5241 3765.1380 1343.5014 3691.8169 2328.6447 3839.7534 3135.4036 1655.7307 3277.0075 3681.0287 2946.5431 3770.0983 2934.4032 890.9063 502.3326 1552.6184 2883.2837 3218.1953 1400.1214 2605.8175 1423.9891 2919.3522
  6: 1692.7924 2075.7420 870.4803 2665.8967 3040.3450 1656.4015 1895.9127 752.7875 798.1591 872.3508 1881.5488 599.7708 1182.0271 701.9238 2777.6056 2063.6749 609.1412 960.0417 2522.4942 750.7256 444.8303 1238.4737 2764.6432 918.2864 2705.6654 1533.0395 1203.1700 2502.2240 785.8753 2520.0651 2313.5535 854.2892 1134.0353 1871.8173 2337.6024 2329.7116 1931.0210 382.2839 2444.0466 1160.0108 1326.8749 862.3236 1218.3616 2449.0906 449.7555 854.1124 1030.8661 3054.9370 1177.1737 2493.0513 3024.6992 1154.0455 1002.9601 609.5843 2773.2423 2811.4800 962.2515 804.2046 329.0745 938.8701 249.3271 942.6484 825.1121 1633.8436 1830.2989 2130.5025 560.9724 2078.0108 2567.1595 1616.2676 886.4880 611.6576 2838.7673 1361.3787 3034.3121 374.2325 802.8860 1922.5738 604.4667 3011.4105 1007.9216 1630.6063 2014.4424 973.5363 970.2706 960.0255 1735.6224 157.2578 1555.5260 1437.6136 1428.7428 886.0006 1113.1150 1722.4784 697.6890 2068.1320 1745.0287 623.9102 2870.3073 1513.7794 2096.3122 47.0744 2911.4788 574.1864 2484.1663 1074.2411 2050.5336 2610.4777 764.2944 3071.1765 1720.1177 2499.1521 878.0091 2914.2014 876.6219 1879.6109 2175.1253 3029.2854 880.7775 944.0339 2538.5610 2458.4729 811.0055 1899.7989 1238.9984 1590.1135 843.2823 1110.7858 937.2433 737.1302 1743.5553 473.7014 781.9520 1012.3542 867.1390 1014.6768 2758.1198 2940.7783 1891.7783 907.1813 436.0229 1793.8542 533.6703 1812.3074
  7: 436.3714 310.7877 1336.7939 1309.7118 1728.1713 225.7432 1199.4269 2235.3230 1246.3146 1835.2684 296.9983 1992.4952 1676.6162 2477.7621 965.2984 390.4664 2417.2342 1644.7158 751.0612 1064.0042 1437.8122 2984.7132 975.3041 2015.8740 1651.0957 378.9776 2890.5280 706.0602 1904.3387 884.4128 582.2199 2388.5761 2770.9453 73.3894 1265.7350 590.1610 1110.6935 1692.6349 705.0631 2673.7332 592.2204 1219.0816 893.8014 811.1208 2230.7331 1182.4661 2527.4550 1701.2966 2641.8554 925.0000 1231.3476 2544.2313 1009.7569 2229.6020 1196.3382 1707.4197 2744.0164 1046.9408 1719.1079 1108.9531 2031.0810 1867.1818 2624.0000 237.9937 369.4320 714.1940 2112.2746 269.6831 1508.6239 593.6708 2071.4181 2382.8565 1245.8290 560.0161 1810.5204 2070.0164 1814.3649 934.8476 1850.6026 1205.2307 2820.2248 895.3173 740.9453 1130.6817 2729.8866 2685.5772 1187.4717 1662.5691 541.6133 561.8051 666.1081 1866.8307 800.2356 93.0484 2144.6725 264.1515 1362.0620 2435.2975 1263.3962 382.7819 1051.9815 1859.2520 1164.6051 1332.8841 672.3095 1153.7348 1165.0107 805.0963 1843.6941 1261.2997 1258.7919 1005.7261 2423.1983 1453.6753 2265.8129 508.9921 366.8951 1756.4066 1320.1231 2040.9473 894.8799 663.1930 1062.0151 345.6848 2931.3159 555.7922 2447.7853 942.2510 2740.2279 1806.2040 242.2003 2259.7745 2480.8315 1557.7115 2670.9556 1545.0065 963.3509 1709.0363 216.1134 1511.0923 1989.2054 50.2494 1724.8403
  8: 1737.9028 2023.4873 469.2334 2327.0009 2668.3917 1526.2536 1486.8265 511.0039 491.9289 1360.1676 1708.1247 267.7256 657.7538 1120.7216 2662.6845 1884.7116 968.3104 436.9760 2352.3956 805.9857 371.6154 1292.3951 2699.8741 1433.4692 2292.6703 1378.2953 1174.7042 2430.3582 288.0625 2281.3198 2285.9961 663.8268 1047.8550 1769.3615 1956.3530 2298.2515 1544.2053 856.8926 2257.7529 1673.8318 1383.4179 1143.7526 931.7086 2216.6878 898.6145 560.0571 1552.1575 2693.1417 1698.4917 2231.6489 2857.2688 1683.7366 1199.8054 527.0569 2495.6660 2402.8400 1345.7860 696.6039 206.3056 1175.9239 738.8748 416.3292 1187.7651 1506.3602 1849.7962 1862.1302 1092.4770 1992.9940 2163.9834 1365.7763 438.5077 1047.8516 2563.4297 1411.5594 2641.0941 456.9836 1291.3288 1577.3452 1113.8007 2865.0531 1275.7312 1289.1257 1725.7792 651.4637 1061.0754 993.6201 1320.9591 554.0487 1630.7179 1233.1054 1539.0159 1379.0783 930.4069 1646.5358 420.6400 1988.8917 1293.2088 958.1753 2598.6589 1365.0568 1736.7490 553.1763 2706.7680 849.7635 2369.0103 1347.3121 1660.6758 2524.4694 247.7781 2933.7834 1288.8200 2212.8861 1397.2430 2590.0290 1410.0901 1934.2970 2059.7111 2648.0215 1210.8893 464.9688 2301.6672 2312.6463 670.8577 1904.6427 1216.0037 1355.0590 1350.9882 1295.3907 1276.9154 1228.3277 1728.8438 691.0347 1257.1321 1421.9511 1210.8419 1420.5355 2600.3217 2553.9336 1858.8418 1307.4685 969.6927 1693.3839
  9: 473.2705 353.9265 1299.0662 1277.0630 1696.7324 181.0110 1149.5956 2203.3030 1212.0334 1840.6588 255.3684 1960.8473 1632.5676 2464.1773 985.4826 366.1543 2400.2408 1604.3020 752.5211 1048.0506 1412.7310 2958.2948 1006.8332 2020.7061 1610.1559 336.1086 2861.5096 737.2218 1868.1866 866.6147 625.0800 2356.7819 2740.4184 78.1089 1222.2602 632.0957 1061.4071 1684.3004 699.2632 2672.4884 600.3083 1221.8858 851.1498 792.5478 2216.0697 1147.4759 2525.9303 1671.5696 2642.0872 901.3379 1240.4161 2546.2144 1013.9842 2201.1815 1176.4778 1668.2617 2730.5056 1020.7693 1692.6066 1112.7632 2015.5210 1827.8876 2608.5822 195.4891 415.4094 675.8831 2105.5472 299.9233 1466.8064 543.7371 2034.6174 2369.3248 1227.7316 569.5726 1776.0149 2045.1095 1817.9453 886.2759 1848.3682 1219.0595 2801.4948 845.1852 696.5809 1092.4404 2704.7932 2658.7986 1137.2265 1645.4790 569.5261 517.3490 687.6082 1872.3440 765.8734 99.7647 2112.5967 297.5584 1311.8758 2417.4468 1246.6455 341.6972 1005.6838 1840.8729 1163.5979 1324.5471 690.9740 1165.0876 1116.8818 832.3251 1807.6374 1277.4357 1208.5909 977.4917 2419.3563 1427.8785 2265.5359 555.7140 381.2834 1723.4875 1325.4735 2002.8083 878.0803 671.2526 1033.9927 394.8329 2902.3969 506.3201 2442.0295 950.8533 2724.3704 1807.9735 281.3112 2237.6564 2471.4692 1568.6045 2654.9104 1555.9981 972.2603 1674.2073 266.2705 1518.6260 1980.8920
 10: 1777.3221 2214.2459 1272.4040 2984.7662 3376.0477 1871.4064 2268.4772 1113.5839 1175.4905 541.5016 2113.9163 1009.1368 1614.8560 541.1331 2940.0600 2292.5030 576.1467 1393.2997 2731.1428 956.4544 817.9059 1359.1692 2889.7017 525.0010 3070.3708 1771.6190 1388.4560 2639.9214 1215.5279 2776.0151 2423.7974 1179.0038 1365.4128 2056.2412 2687.3848 2442.3743 2290.8134 296.6092 2666.0608 761.2155 1433.8134 838.8480 1552.1550 2702.4124 362.2209 1221.1011 621.1674 3383.8989 764.3677 2764.6875 3220.4399 725.8271 1035.7051 933.7735 3050.3398 3172.5586 791.7702 1095.5624 764.6973 945.0106 300.0267 1376.9394 713.0848 1848.4115 1926.3712 2415.4140 140.0357 2240.5644 2927.2526 1908.6899 1301.6240 454.2345 3113.2832 1469.7061 3383.7485 712.1980 480.5851 2259.1844 269.6516 3192.0265 969.9289 1973.3983 2315.1885 1340.5540 1102.3906 1136.8909 2114.0078 465.4654 1626.0163 1712.7793 1481.2704 542.7200 1401.8620 1896.2637 1078.6445 2226.8942 2141.9760 617.2876 3141.8243 1749.7714 2437.3873 420.5948 3136.0078 656.4099 2654.4804 1017.2089 2409.8440 2755.6680 1197.6018 3244.0427 2107.2107 2786.9512 478.4809 3220.1394 441.1916 1944.7265 2355.7627 3371.0998 795.6161 1366.0234 2792.8552 2651.6495 1117.5947 2003.3971 1416.4043 1874.7098 473.6254 1136.5549 829.6077 420.3867 1871.2148 664.2537 493.3771 794.7685 769.8013 802.1727 2952.3362 3286.9842 2024.6553 721.2614
 11: 1194.0603 1668.4990 1368.7724 2700.4676 3116.6610 1463.6530 2157.6388 1655.0435 1222.4974 331.0136 1713.3383 1472.5410 1818.2635 1256.1708 2396.1429 1873.3350 1294.8981 1623.3823 2257.9356 750.1500 974.5891 2064.6775 2303.0627 512.3163 2896.1797 1415.3106 2070.6501 2075.0472 1595.2636 2377.4411 1835.0640 1761.4471 2022.9825 1584.0284 2489.6636 1855.6427 2142.6899 534.0721 2216.0853 1210.7143 918.9695 321.3098 1417.9496 2302.5154 1078.3552 1231.1889 1071.8251 3108.5125 1164.3024 2394.7369 2712.8725 1053.2298 509.7342 1516.3196 2679.0903 2984.6008 1491.4644 982.1532 1127.8174 415.4961 954.1122 1707.3043 1430.2363 1442.3387 1346.0015 2088.9837 781.2196 1725.0012 2745.8962 1638.2506 1733.5377 1173.3648 2735.0558 951.1561 3158.0158 1280.1125 328.6944 2054.6581 467.0867 2664.7478 1690.7951 1807.7536 2027.1162 1324.6060 1800.8834 1819.1385 2031.8634 791.7676 1039.2329 1431.6162 888.3805 361.2714 1199.9654 1421.5266 1592.1369 1706.9669 2118.4034 1334.0442 2757.1525 1391.6041 2231.7269 931.1810 2672.8870 485.2422 2130.1361 370.0054 2252.6096 2196.0009 1553.6692 2705.4643 2052.7779 2446.6518 1004.9726 2899.6779 804.4800 1329.0798 1859.0245 3126.6346 201.8539 1771.0071 2390.6840 2158.9917 1026.0780 1427.0172 2102.4255 1592.2704 1060.3174 569.0141 1544.6129 348.9312 1334.1518 1323.9641 1161.2343 115.2606 1487.7110 113.0708 2450.3112 3056.0865 1483.0661
 12: 308.1769 189.7894 1498.6651 1471.0031 1882.8088 428.8415 1415.2208 2369.4700 1395.1219 1813.1831 498.8958 2125.9939 1863.0462 2532.9449 919.9587 546.3854 2487.1655 1816.0465 796.2638 1142.4299 1547.8233 3092.9494 873.4993 1994.7995 1839.5788 572.1023 3010.1032 616.0422 2056.9942 998.6175 428.5149 2521.2840 2897.2465 248.8473 1463.5204 442.3404 1325.4090 1730.5930 780.9334 2675.3142 591.4339 1216.1122 1078.1410 930.0022 2291.6642 1334.6569 2530.8607 1849.7830 2637.2192 1059.2460 1229.9935 2532.4778 1005.5605 2348.6038 1312.4938 1889.6479 2797.8486 1166.2770 1832.6879 1104.0009 2096.9323 2033.1003 2686.4015 435.7844 185.9704 899.5521 2140.1600 250.8745 1700.4026 807.3723 2226.2309 2438.2371 1354.7092 555.6447 1975.9658 2174.9494 1800.2847 1147.9656 1861.1977 1183.2641 2896.0761 1109.8766 943.4008 1296.0872 2833.1287 2796.1205 1403.0025 1737.5514 452.0929 756.1283 598.8197 1843.9490 955.1178 240.7509 2279.3694 229.9239 1576.9115 2508.7911 1366.9312 570.7372 1258.8137 1938.0787 1207.3591 1375.1818 647.0927 1114.8421 1376.8025 731.0164 1996.1836 1227.8249 1473.7842 1154.6125 2437.0320 1589.2165 2265.1731 312.1955 395.4099 1916.3144 1304.3450 2201.4888 1005.1990 685.8105 1188.3539 136.4881 3050.3731 767.6067 2469.6963 921.0917 2804.0874 1800.0011 153.5839 2352.0872 2518.0032 1514.4438 2735.8584 1501.4560 969.1491 1876.0091
 13: 2145.3906 1796.1698 2097.5750 407.5782 154.2628 1643.8142 1068.1011 2939.4425 2143.9041 3340.1469 1423.0885 2755.4143 2034.4201 3633.2492 1597.9618 1330.0846 3504.2400 2188.6126 1282.8227 2372.9290 2497.0032 3767.0299 1849.3753 3505.3583 315.1634 1651.4700 3600.3840 1746.8400 2535.9119 950.9853 1914.4673 3074.0860 3444.7178 1646.0769 603.2528 1900.0434 1013.3672 3019.0373 1209.9442 4045.5887 2207.9284 2735.0929 1734.9496 996.3865 3386.4502 2086.6665 3901.6737 224.1629 4038.7059 850.0847 1395.5451 3971.8472 2557.7353 3047.1708 715.4369 215.6409 3880.2027 2195.0818 2682.3037 2644.3192 3189.9945 2386.2567 3727.5843 1660.7619 2059.7196 1002.7263 3426.6370 1670.7519 399.8462 1419.3238 2637.9026 3547.6203 730.0336 2186.8400 102.8251 3009.9796 3298.3943 1028.4090 3254.7425 1507.0607 3829.4440 1314.3302 1033.0077 1967.4166 3578.1364 3489.3209 1234.1872 2840.7198 2240.2022 1626.4932 2342.8071 3371.6397 1900.2284 1767.7865 2863.7118 1693.5492 1296.4459 3501.0080 755.0079 1674.8388 849.6317 2982.4361 1150.5138 2702.5331 1541.7175 2751.8279 894.9106 1701.2775 2494.4709 1580.2139 1274.7619 733.4848 3765.0531 433.1755 3672.7245 2186.9074 1542.6539 100.6628 2854.3584 2561.2780 956.6217 1397.1407 2170.0804 2008.7571 3639.8893 1464.1755 3755.4869 2531.7638 3824.3938 3267.8326 1950.9408 3243.3982 3720.4852 3133.5746 3756.4761 3122.3068 1370.3722
 14: 1270.8316 790.4239 2160.9528 1012.4228 1300.8417 1102.0368 1558.0116 3098.9059 2108.4129 2779.4555 892.9261 2862.4640 2384.8272 3435.1739 228.0219 715.8191 3366.5297 2421.0380 250.7309 2017.9534 2358.5201 3887.7842 485.1608 2961.0176 1500.1333 1233.9858 3774.6763 474.7821 2730.2060 499.9170 723.8957 3252.5579 3643.0834 896.2282 1290.3806 702.5987 1441.6133 2655.7338 359.0501 3632.1173 1541.9741 2172.9402 1682.0517 511.8926 3186.0830 2040.3747 3486.4059 1238.1991 3597.5082 619.2673 268.1679 3495.9911 1962.0301 3122.9041 655.0801 1490.6203 3701.4912 1967.0770 2629.4382 2061.3801 2984.5511 2652.8696 3577.3752 1124.4634 1125.8797 863.0203 3075.6113 725.5811 1415.4112 1254.7828 2885.9165 3340.3967 649.0585 1507.4551 1446.3267 2986.9558 2763.8388 1273.9800 2811.1202 267.5519 3763.3465 1450.6743 1013.8762 1958.1808 3642.5579 3587.5563 1647.5394 2612.6586 1420.2739 1367.2308 1567.9493 2810.4836 1679.3153 1056.3811 3008.8411 743.3472 1819.1482 3381.9392 633.5148 1250.9600 1248.3597 2805.1932 287.5865 2295.9366 329.9530 2083.2794 1410.1152 379.3481 2672.0047 343.6335 1727.4519 740.6484 3385.0591 954.5098 3222.9131 1192.5586 598.0209 1360.5811 2267.4007 2838.5054 482.3743 301.0415 1972.4566 1046.5606 3816.0328 1254.7709 3410.8723 1884.4256 3692.4079 2760.0569 1116.1980 3190.1072 3443.4881 2483.5801 3622.6842 2470.5951
 15: 1204.5036 1683.5682 1475.8201 2760.4420 3178.6168 1513.0516 2242.8286 1764.4450 1328.2790 345.0058 1760.8989 1584.2588 1927.7264 1328.3448 2406.2772 1915.6547 1378.2431 1734.3659 2285.9401 846.5506 1086.6982 2155.2916 2301.6336 516.8065 2970.4572 1474.8102 2167.3830 2081.3558 1708.3188 2419.8986 1836.0133 1868.8063 2123.7290 1618.3303 2562.7848 1857.0528 2223.8563 637.6284 2249.3761 1228.2426 956.2280 400.1962 1507.2365 2345.1947 1163.0843 1334.7003 1094.7009 3168.1353 1175.4595 2442.3178 2730.5637 1057.6512 565.1000 1622.8524 2724.8945 3056.8044 1555.1170 1080.5998 1240.4519 478.8737 1049.4880 1820.1222 1502.9694 1492.3813 1354.8893 2146.0559 848.0666 1747.3969 2819.8874 1708.1686 1846.2898 1248.9075 2779.3418 986.4264 3224.5876 1386.3942 364.9178 2129.6068 538.1645 2677.8499 1767.3214 1889.4422 2090.6805 1425.2944 1893.3705 1915.4112 2120.7852 902.7032 1051.7005 1502.7042 902.7652 370.4727 1285.2222 1457.5037 1702.5760 1728.4481 2212.2577 1418.8168 2800.1666 1451.1613 2305.3126 1037.1022 2700.7884 595.1848 2146.9227 391.2812 2332.0345 2203.0036 1666.7336 2715.5235 2144.2262 2499.0398 1042.7008 2953.0989 830.8315 1326.2172 1884.7103 3190.6998 280.0321 1884.0215 2432.3826 2183.2494 1125.4301 1436.0226 2198.4090 1661.0027 1105.6012 606.9234 1615.3575 402.2263 1355.9506 1422.1392 1219.4466 13.0384 1560.8539
 16: 2511.8615 2922.9938 1658.9063 3506.4257 3865.4806 2521.8985 2692.9799 989.5317 1624.9382 1257.7512 2748.6324 1064.0569 1828.5628 232.6650 3635.1541 2930.7398 259.1930 1623.5474 3388.6264 1607.0709 1296.0386 711.9614 3608.7940 1164.3024 3501.6078 2400.1042 829.3443 3350.7410 1315.0186 3385.2128 3149.5041 945.8224 889.1625 2732.5655 3155.2060 3166.8789 2743.3913 1030.6527 3311.0400 798.0758 2154.3911 1595.8559 2065.2324 3314.7134 445.1359 1687.9366 773.6440 3885.7290 870.5883 3355.1282 3889.7744 950.9621 1780.8989 804.5552 3633.0551 3611.1009 160.7047 1670.4805 1075.3753 1696.6216 640.1016 1495.1990 58.1378 2499.2289 2656.6332 2990.0885 714.5824 2933.6484 3370.5801 2476.3071 1301.4104 315.6279 3699.1850 2189.9941 3845.8419 755.7910 1211.1367 2756.8127 1023.1373 3873.8437 214.8488 2464.0757 2868.8541 1802.5152 534.1957 630.8922 2527.8103 1010.0317 2365.2892 2302.5701 2226.0710 1247.6157 1977.5836 2579.8671 1020.6547 2922.5475 2503.8660 255.6912 3731.4986 2380.7398 2924.8496 820.2890 3778.6158 1367.0903 3343.2254 1783.5437 2861.5719 3462.0803 1333.6881 3931.9696 2498.6871 3356.2504 674.1113 3761.2764 876.6208 2688.4845 3035.9513 3848.7660 1562.8682 1387.5482 3403.9239 3322.4414 1674.9878 2730.4567 839.8030 2452.4390 578.0701 1885.9101 70.1783 1162.0108 2584.5319 523.3211 399.4058 1552.2168
 17: 1217.5373 1696.5872 1481.2728 2772.1057 3190.1713 1525.1967 2252.3166 1762.7365 1334.0933 333.0420 1773.1466 1583.8289 1932.3336 1319.6553 2419.3156 1928.1185 1370.9048 1738.2419 2298.8084 854.2564 1089.8170 2148.9207 2314.6069 504.2232 2981.0860 1486.4175 2162.1177 2094.3887 1709.6190 2432.3785 1849.0173 1866.2928 2119.3322 1631.0294 2573.4972 1870.0602 2233.7907 634.3532 2262.1275 1215.8462 968.7652 409.6840 1516.1478 2357.6641 1156.0039 1341.1014 1082.5396 3179.8322 1162.8607 2454.5994 2743.5743 1044.8885 576.6420 1620.0864 2737.2578 3067.6123 1545.5177 1088.0156 1240.8904 489.8020 1044.1767 1822.4623 1494.2988 1504.4946 1367.9273 2157.8605 839.0310 1760.3437 2830.5358 1719.0841 1846.8492 1240.6208 2791.7652 999.0320 3235.8333 1383.5827 354.1539 2140.1367 529.9179 2690.8842 1759.0364 1899.2972 2102.0859 1432.3303 1887.3458 1910.0812 2129.8009 901.8852 1064.7216 1513.5026 915.7647 358.2401 1294.6019 1470.1446 1701.3656 1741.4066 2220.5733 1411.6675 2812.6374 1462.7621 2315.9724 1034.2616 2713.6662 599.4706 2159.9354 404.0111 2342.1539 2216.0381 1668.3756 2728.5619 2152.8967 2511.1053 1031.3026 2965.1282 818.9121 1339.1975 1897.6103 3202.1176 289.1781 1885.1284 2444.8896 2196.1794 1132.6857 1449.0607 2192.9934 1672.0048 1094.6579 619.3174 1606.4501 392.6220 1368.8915 1417.2713 1209.4462
 18: 2268.4023 2707.6100 1649.1710 3436.6277 3817.4658 2357.4488 2677.8443 1195.7324 1579.8433 894.5664 2597.1301 1191.3799 1912.2000 213.5650 3433.3016 2777.0007 390.2871 1693.3827 3220.1789 1437.1006 1223.6474 1104.9941 3382.2621 780.5569 3487.5817 2252.0269 1202.5095 3133.1633 1436.2427 3254.6012 2915.7786 1198.3142 1237.0307 2547.2599 3117.6042 2934.5161 2712.2937 788.8853 3152.7120 462.0498 1927.0501 1324.7479 1991.2388 3181.6329 359.0056 1634.6146 395.7019 3829.9244 517.6727 3238.1022 3711.6476 572.5522 1525.9056 996.8350 3522.2408 3593.2371 341.9196 1552.2841 1076.7456 1433.1957 535.0934 1615.1053 346.1748 2334.4533 2418.0829 2882.9405 386.8036 2733.4787 3348.7766 2371.3562 1468.6987 229.6519 3586.2489 1962.9358 3814.6985 853.7968 857.3243 2698.6006 697.2525 3684.5312 612.0825 2407.8875 2775.3964 1754.4327 899.0673 977.8804 2517.2882 883.2401 2116.2098 2181.4789 1970.0571 879.9318 1863.0904 2387.9902 1198.4094 2719.9583 2521.9663 433.1293 3615.9222 2230.7284 2873.9617 742.8466 3622.8398 1148.1572 3147.2968 1490.7250 2831.8307 3249.0191 1438.2771 3737.0066 2500.4232 3254.0882 276.8483 3679.4419 478.9791 2432.7930 2847.6013 3808.0474 1269.5385 1548.5661 3271.9635 3142.6085 1567.8434 2495.5362 1218.2496 2340.5384 181.3395 1624.7664 431.6133 817.6650 2364.5448 671.0961
 19: 2163.1378 2533.3034 1148.6710 3005.7452 3355.7600 2089.9218 2177.2147 524.8181 1130.6728 1202.3831 2302.4606 546.9369 1306.7674 482.7132 3223.1119 2484.0461 303.3842 1100.3131 2949.0354 1210.2000 832.1448 765.7219 3222.4595 1183.9396 2983.7024 1956.6975 747.3025 2957.5588 798.5343 2917.7246 2776.8704 542.7974 705.0284 2315.7498 2644.1335 2792.4206 2231.8497 793.2024 2864.0539 1131.2029 1796.3485 1326.7754 1577.7433 2849.3834 357.5318 1196.5053 1044.1504 3378.5584 1179.7801 2879.2589 3454.2938 1209.6851 1475.7134 325.8619 3151.9369 3093.8230 667.4706 1223.0585 576.9445 1408.7867 375.5862 979.6147 506.7435 2067.9444 2298.4440 2510.9656 711.0000 2528.0672 2854.6322 2001.0317 806.1129 441.4907 3218.9435 1830.4112 3331.3008 234.0790 1138.3203 2254.9344 923.6433 3448.1879 592.0008 1963.3950 2382.9731 1306.0750 497.1157 497.1117 2011.5094 630.6005 2027.7598 1840.5586 1902.2284 1205.7238 1517.5836 2172.0785 530.0840 2519.5549 1982.3996 279.8732 3252.6219 1939.2630 2419.1986 431.8020 3326.1380 1046.2070 2928.3738 1535.8219 2349.1533 3062.9308 813.2607 3511.0164 1979.8308 2871.8162 896.4201 3264.8616 1007.9251 2351.3953 2617.5754 3336.8496 1331.9137 889.1395 2937.1954 2893.1218 1218.7604 2366.3459 780.1859 1981.8925 819.4986 1583.6224 587.5543 1074.8107 2206.1809
 20: 194.6715 343.3715 1386.8572 1550.7347 1968.2350 391.3937 1404.2001 2238.2886 1275.3513 1663.6156 536.6312 1995.0203 1770.9672 2380.6071 1073.1375 627.3476 2336.6754 1709.8634 932.5492 995.9809 1408.9233 2950.8080 1024.2622 1845.2222 1891.4613 509.2593 2871.9201 769.0254 1936.5787 1108.3127 570.6952 2389.1683 2761.8278 306.1976 1502.7442 586.3523 1323.2570 1577.3357 906.5015 2523.0715 437.8516 1063.4232 990.0505 1036.8510 2140.0591 1217.4354 2378.4070 1939.9033 2485.6309 1157.7262 1379.0576 2381.7724 852.6781 2211.0305 1422.2644 1949.0472 2645.3047 1033.1554 1694.1727 951.3285 1946.1133 1921.8150 2534.7830 390.1282 155.4252 956.0596 1986.5772 391.4920 1748.0529 775.3412 2106.6988 2285.9545 1468.4158 402.0609 2052.3072 2032.8072 1649.4572 1154.2500 1708.0120 1335.0034 2746.3163 1077.0042 976.5659 1188.4452 2689.6933 2654.9806 1374.0524 1588.6778 315.8354 686.7212 455.9265 1694.5489 844.0770 203.7474 2148.6258 372.9303 1542.0538 2358.8559 1483.3385 501.8815 1282.0764 1789.6606 1346.4650 1222.4373 797.5644 967.3371 1386.5500 884.5095 1875.8531 1380.6267 1440.4013 1243.5570 2283.8242 1688.0418 2113.0085 293.0154 530.0802 1997.4546 1153.1730 2085.8152 1116.9355 827.3742 1058.1857 180.5685 2911.9595 730.0027 2316.1908 769.7961 2652.6006 1648.1747
 21: 1521.7388 1988.1449 1408.6011 2931.6470 3340.2894 1731.2299 2310.5225 1480.9132 1279.4972 135.2368 1981.5239 1336.2492 1819.8255 929.3492 2718.6188 2150.3407 991.8165 1607.4231 2557.1891 898.1370 962.6344 1778.9087 2637.0061 241.2903 3083.3556 1661.1469 1807.6960 2402.4404 1504.7501 2650.6914 2168.1026 1565.2108 1779.4373 1877.7894 2683.6155 2188.2269 2311.7095 371.4458 2506.9952 876.0559 1218.2553 587.4870 1566.8184 2575.7616 781.2996 1306.1290 733.1603 3338.4992 837.6115 2657.3299 3025.3344 738.2412 798.1103 1316.8022 2943.9273 3178.1430 1152.9115 1102.4346 1027.1889 698.7203 700.1578 1644.1889 1103.9588 1708.9061 1674.0553 2332.0485 447.5992 2035.2184 2935.0286 1852.1992 1619.4135 852.9971 3002.8049 1252.6217 3368.2086 1083.6609 66.0076 2246.8620 151.7135 2983.1222 1370.7505 1979.4509 2253.9816 1415.7295 1522.7771 1555.7718 2170.2544 674.4427 1366.4348 1645.9945 1215.6303 150.8642 1372.4147 1714.3048 1432.2182 2018.5076 2231.7047 1034.5671 3027.4090 1637.7439 2426.5020 745.0671 2970.6632 571.3572 2445.5962 705.0879 2426.8978 2522.3523 1473.9149 3027.3054 2179.0576 2698.1924 657.1674 3146.3015 465.9667 1666.8491 2163.8468 3344.2920 496.7897 1671.4978 2665.3527 2464.2930 1138.5662 1754.4586 1836.1579 1810.4784 711.4183 879.0688 1215.0202
 22: 2578.5719 2991.3973 1726.9062 3575.6337 3933.8715 2591.7517 2760.3398 1040.7199 1694.2163 1306.9709 2818.6992 1124.4519 1890.2743 288.8044 3704.2476 3000.8001 329.3418 1686.8435 3458.5306 1676.4403 1366.0824 703.0178 3676.8450 1206.9155 3568.5476 2470.1670 835.2586 3419.1593 1374.7469 3455.3872 3217.0578 989.3761 906.7221 2801.9938 3223.3725 3234.5134 2811.4518 1095.2306 3381.0799 800.0000 2221.8497 1659.5545 2134.9403 3384.8914 512.6217 1757.3802 788.4478 3954.4083 875.8248 3425.2358 3959.5467 963.9678 1846.2031 859.6243 3703.0844 3678.2013 133.6451 1740.6493 1144.0092 1761.1417 709.1862 1554.3825 118.5960 2569.0718 2723.7226 3060.1281 767.5239 3002.6602 3437.9594 2546.3802 1355.9771 376.9695 3769.2340 2257.4917 3913.5182 820.9537 1262.4013 2825.8629 1078.6867 3943.3514 186.1317 2533.1727 2938.7189 1871.7361 549.1812 652.3343 2595.0434 1079.7541 2431.5382 2372.7461 2291.7236 1295.6427 2047.7578 2649.0581 1075.6026 2991.4694 2569.5214 324.5813 3801.5730 2450.7789 2993.6015 890.4095 3848.7091 1434.1273 3412.4655 1845.3599 2929.5203 3530.7173 1394.9297 4001.3248 2565.2996 3426.1891 700.2578 3830.7656 910.5323 2754.4408 3105.3607 3916.8642 1624.2789 1442.5065 3474.1003 3392.1147 1745.1616 2797.7936 842.3265 2522.5705 604.8223 1950.8542
 23: 647.2442 1109.0762 1153.2185 2161.7077 2581.6981 907.6503 1712.9215 1757.7946 1001.1778 895.6255 1154.4579 1530.7514 1618.1931 1667.8153 1839.6005 1308.9099 1653.6463 1468.9469 1689.1329 502.0637 924.3728 2349.1126 1764.6600 1077.0074 2397.3527 880.3051 2308.0357 1524.9872 1565.3770 1813.2184 1296.0343 1893.5630 2224.9254 1015.2857 1988.5658 1315.5261 1677.6415 855.6974 1647.3084 1754.8310 350.5653 301.0997 1018.1680 1738.4643 1443.5044 978.0005 1610.9382 2568.4916 1716.1285 1835.6318 2148.4548 1612.0428 107.9352 1674.1332 2117.9806 2478.3287 1926.2401 702.2848 1180.8577 191.6351 1266.8153 1621.6698 1832.3048 887.3928 798.9124 1545.2870 1239.8972 1158.8581 2246.6653 1132.8566 1729.4398 1575.3127 2172.4569 382.2368 2634.4405 1458.5284 879.7210 1563.5041 947.2745 2104.3431 2066.9574 1350.2963 1498.8052 1029.8913 2080.6864 2069.1341 1610.9755 955.5862 493.0416 934.1370 345.3245 926.8840 785.4935 853.1500 1676.7722 1141.4749 1729.3698 1683.0796 2193.4341 856.9767 1733.8956 1151.8233 2104.0290 537.6291 1567.3484 220.8099 1778.3467 1644.3117 1510.6346 2148.2383 1647.9836 1894.1183 1521.9346 2348.4874 1344.6252 808.2821 1291.0356 2596.6511 383.3771 1739.5692 1825.8677 1591.3196 749.0961 878.4287 2345.1247 1083.2885 1560.3750
 24: 2207.5418 2659.4323 1712.2269 3457.3877 3846.7042 2338.8418 2727.3082 1342.5364 1628.9116 767.8157 2583.2269 1315.0095 2008.7292 391.1547 3388.8978 2760.7443 558.5410 1787.5136 3194.0401 1428.6476 1269.3813 1286.0140 3324.8033 633.3443 3533.2209 2242.7539 1383.1750 3081.5873 1552.9086 3247.2439 2856.3622 1356.8954 1414.5391 2516.2720 3154.5174 2875.7644 2754.5121 763.7905 3132.0391 324.0525 1878.7341 1259.4431 2020.7573 3173.4146 476.7651 1678.9857 225.2110 3855.5784 361.7084 3237.4450 3678.5894 397.3361 1466.8960 1144.0227 3523.3178 3636.7685 500.9920 1567.8297 1159.0362 1370.6064 612.4124 1728.5315 526.2746 2315.8800 2358.9042 2888.9697 338.9174 2693.3611 3391.5915 2382.2229 1599.8800 386.2642 3586.0487 1914.3712 3851.5302 979.4003 740.7705 2728.7296 613.9422 3645.7891 788.3787 2441.1968 2788.6328 1799.0937 1079.5045 1156.2154 2569.9261 917.9897 2053.3767 2186.3618 1904.5265 748.9539 1875.1133 2354.7393 1337.2154 2678.6274 2586.7451 603.6796 3614.3338 2220.6830 2906.2725 810.6300 3601.4447 1120.2076 3107.2298 1408.0160 2873.8707 3199.3795 1549.1937 3695.1441 2558.4527 3260.4947 96.0469 3693.6276 313.4023 2363.6417 2813.0739 3840.6126 1190.5310 1676.6648 3263.8623 3110.9780 1588.4599 2437.8763 1399.2970 2348.3347
 25: 883.4687 849.8518 906.7354 1121.8066 1530.3702 341.7967 686.7387 1846.6943 865.2427 1877.7745 383.9909 1612.9706 1163.9901 2290.5043 1344.8152 542.8084 2193.2487 1172.6743 1004.4899 927.3370 1157.3681 2647.2514 1434.3936 2045.5906 1314.2427 236.8903 2525.8490 1172.8188 1475.5057 935.8552 1114.9641 1999.9722 2391.2275 554.7765 905.4546 1118.5370 622.0137 1590.5986 905.1083 2619.3438 792.4557 1271.1101 427.7195 867.6981 2037.4555 796.9900 2473.0491 1528.1011 2604.4356 903.0050 1505.9615 2528.2152 1098.5973 1881.4144 1183.7314 1397.0558 2552.3293 789.5176 1407.6111 1182.2123 1833.7025 1403.6983 2413.3315 340.2117 884.2992 542.4408 2011.2715 764.2316 1163.5175 51.4782 1632.3394 2198.3676 1248.8847 780.8617 1565.9173 1765.3614 1838.0492 483.8026 1809.0254 1521.8732 2569.4375 347.0014 444.5278 706.2082 2410.1689 2347.9289 644.1522 1462.8455 909.4790 164.7119 963.7557 1909.4125 478.2823 535.7285 1757.0785 771.1141 812.8628 2201.3280 1280.2066 254.2302 650.7596 1636.0248 1352.1775 1254.1312 1062.2622 1299.8711 708.4667 1242.4110 1417.2357 1594.4811 710.7208 913.5918 2345.5628 1346.7387 2231.7027 1023.0005 774.4966 1536.6968 1390.6919 1587.5607 955.3036 980.2061 779.1643 885.1311 2567.2748
 26: 2892.2145 3222.8317 1664.3320 3471.0555 3770.2686 2739.0518 2587.9927 724.9966 1707.7216 1957.1114 2924.0966 954.3217 1605.4834 1010.6800 3877.3419 3100.2782 872.1926 1467.9717 3567.7023 1928.9173 1503.0585 183.8478 3906.0882 1910.2348 3349.0431 2592.9769 41.4367 3637.2501 1122.3961 3483.7946 3478.8534 576.0668 196.5731 2979.2672 3068.6994 3492.5814 2668.3195 1573.2565 3471.7668 1637.7772 2525.8254 2100.7401 2140.7074 3421.6370 1061.8856 1775.6872 1608.1244 3806.2397 1710.2143 3426.2262 4071.9946 1786.1120 2237.8651 702.1595 3679.4358 3462.0521 975.5537 1886.5593 1217.8690 2177.3695 1148.9547 1255.8268 882.1638 2718.6592 3018.8072 3058.6837 1427.2663 3200.7265 3240.1860 2574.9505 1002.8838 1043.3485 3747.5807 2558.1292 3715.8188 890.0208 1896.9884 2737.5867 1684.5952 4080.9913 669.1644 2463.0570 2915.9549 1861.0991 323.1996 283.3408 2425.9810 1390.9540 2765.9248 2448.9463 2649.7255 1956.1769 2144.3904 2849.4780 812.5029 3195.2923 2343.6301 825.1091 3784.3331 2579.0884 2879.3812 1201.8157 3915.9740 1811.7839 3583.1423 2311.6845 2775.7041 3734.7017 1173.2694 4149.7819 2373.4869 3395.8519 1493.8276 3741.2946 1670.4912 3085.2958 3273.0208 3738.7764 2110.9552 1078.6348 3504.5669 3528.6133 1869.3670 3081.1688
 27: 233.0536 258.5440 1567.3328 1602.9439 2012.6247 543.3986 1543.8229 2413.1368 1454.9014 1758.0284 634.4777 2170.1237 1950.0359 2521.9169 970.3159 680.5072 2485.9254 1890.4190 895.1765 1157.8104 1579.0155 3115.9495 887.2294 1939.1612 1975.7168 676.0429 3041.3632 648.3402 2115.6909 1119.6160 420.4688 2563.3981 2933.6448 384.6661 1599.9741 438.9897 1456.2369 1712.9206 891.8520 2630.3705 576.2126 1178.6713 1167.7093 1052.9354 2285.3455 1397.4434 2487.4985 1977.9919 2588.6711 1185.6547 1299.7204 2480.0454 971.3933 2381.4057 1432.2475 2025.0847 2785.0637 1208.1958 1864.2001 1067.2793 2094.7783 2102.2564 2679.5242 546.7952 81.1542 1035.7727 2113.5208 358.4536 1836.7820 927.3710 2285.9626 2427.7004 1471.8057 540.7735 2108.3060 2198.6237 1749.9949 1280.4351 1825.4840 1242.3337 2897.4268 1230.4881 1079.3785 1369.0015 2853.2832 2821.4891 1525.6569 1743.7024 388.2898 857.4223 539.3348 1788.1233 1024.6448 349.5941 2323.7629 335.4072 1697.4631 2509.8215 1482.0864 671.2526 1394.1080 1945.3791 1299.0246 1363.8453 717.6810 1057.0118 1510.2013 769.0163 2055.0061 1279.6300 1594.8094 1284.3742 2400.3633 1714.1581 2220.4166 178.2162 503.8432 2047.4164 1257.7460 2265.7846 1124.9356 778.0521 1234.6894
 28: 1076.4126 1355.4649 405.0802 1870.2527 2258.5243 876.1119 1174.2253 1181.1541 255.7655 1236.0235 1083.7066 937.6913 869.0972 1511.4857 2014.8988 1265.3679 1415.8633 728.4024 1730.4026 281.7037 386.6213 1924.8047 2036.7567 1379.7391 1961.6485 738.4876 1828.6224 1767.8849 889.2975 1710.2263 1616.0198 1332.9561 1710.9793 1111.3280 1572.2637 1628.6319 1183.2920 851.4957 1645.5716 1875.5237 736.4136 739.8513 437.3751 1639.8479 1258.4792 229.2640 1731.8513 2267.1608 1869.8973 1682.0502 2235.8983 1808.1795 683.6966 1167.5877 1962.6311 2061.2098 1773.1762 47.6760 659.6969 709.6626 1054.8829 905.2845 1634.9593 854.7848 1181.7902 1320.2473 1256.9566 1331.5423 1816.1503 806.3107 1060.0627 1419.6073 2027.9788 760.4854 2267.4223 1015.3325 1181.6819 1141.8581 1099.2443 2232.2583 1799.1998 858.5179 1208.0215 300.8471 1673.4865 1625.0640 1031.7214 685.9300 981.9007 627.6153 911.4121 1265.1012 302.5971 980.3969 1091.1462 1325.9336 1099.1383 1425.5981 2059.3693 721.6717 1320.4821 857.0286 2109.2598 571.3493 1719.8663 885.2683 1300.9635 1866.1533 829.4022 2296.8589 1041.6741 1689.8926 1595.1834 2111.6098 1508.4721 1272.5302 1408.7072 2253.6246 851.1152 1049.9152 1728.9633 1676.9666
 29: 992.6757 519.7115 1881.1223 1001.5318 1359.3561 803.4731 1369.0822 2814.8442 1821.3306 2486.9389 605.7070 2576.5516 2130.8282 3134.2881 369.1124 437.6768 3066.5746 2152.5708 126.0635 1717.1634 2062.3048 3596.5584 527.1594 2668.3195 1464.0007 939.3812 3487.3326 352.8002 2452.9446 446.8613 533.1051 2968.7292 3358.1574 595.4133 1183.7990 515.6443 1254.4341 2355.0406 192.0443 3334.7926 1246.1340 1876.8444 1403.9330 412.5724 2885.3667 1753.6559 3188.8167 1308.5507 3301.3035 556.8213 569.1713 3201.2404 1666.2341 2832.8254 719.6110 1477.3493 3400.6124 1670.1886 2335.3957 1765.6415 2684.0069 2383.8039 3276.9182 825.6803 854.1622 670.2313 2775.3423 436.3233 1355.3778 986.2221 2611.6738 3039.4960 742.0546 1212.0549 1485.8994 2692.1941 2469.5848 1074.7283 2512.7405 555.2963 3464.4193 1210.7527 808.0130 1676.2488 3349.1936 3296.2916 1436.6739 2312.4180 1137.6203 1080.9487 1282.5323 2518.1620 1386.9600 756.2387 2724.4561 456.1765 1614.3091 3082.3681 742.6473 955.4208 1086.1031 2505.5468 522.0153 1995.2396 148.4082 1793.9880 1244.4376 337.9245 2394.0019 621.3421 1517.1051 683.6329 3086.0365 1025.2224 2926.0596 937.8497 300.5012 1409.0696 1973.4488 2567.7525 440.5190
 30: 1305.6439 883.6521 1840.9661 563.7242 922.6494 934.2216 1105.3981 2780.0390 1816.4608 2707.6809 684.4458 2553.1300 1998.2092 3235.3864 690.5918 517.3490 3144.8200 2064.4467 329.1337 1836.6538 2111.1727 3593.1058 920.4260 2885.8971 1038.0236 1021.2434 3463.1619 791.1542 2393.0240 21.6333 963.7686 2931.4382 3322.9830 822.0608 808.0650 948.1350 989.9586 2500.0842 255.8124 3514.8504 1476.1954 2085.5546 1370.2281 90.4489 2982.5258 1748.5743 3367.7133 875.6735 3490.6232 136.9270 643.6932 3401.4769 1882.1756 2828.6932 307.4167 1042.9267 3499.2096 1734.4132 2362.6295 1979.4466 2778.5248 2294.6255 3363.4521 956.6635 1189.9286 450.8714 2924.9455 767.5656 941.7601 938.0432 2538.3863 3142.1529 351.5736 1446.5697 1045.7810 2720.0077 2680.5317 838.5046 2691.1529 711.1378 3524.3476 1061.7010 601.8388 1650.2342 3361.0244 3295.1244 1213.4055 2405.1516 1430.8253 1101.3560 1560.6697 2739.5600 1426.3706 977.5807 2692.0643 790.8691 1375.9132 3154.2435 368.6353 1043.1970 783.6000 2584.9758 427.1264 2146.5437 585.7457 2042.1072 944.2563 754.5396 2337.7789 793.8016 1291.1750 261.2374 3251.0983 597.8177 3113.6040 1299.5803 625.1608 970.1639 2194.1780 2482.3416
 31: 2123.1585 2349.7168 704.2784 2401.8520 2692.2173 1825.1668 1513.3714 411.9235 811.8042 1805.5393 1966.4837 363.0716 526.9725 1371.0817 2931.1958 2130.3263 1192.3074 418.6263 2587.7776 1240.0536 827.2182 1211.5746 3001.5176 1862.2057 2271.0881 1670.1287 1039.2545 2733.3359 177.6288 2461.0063 2619.3621 521.9674 883.5316 2074.1196 1993.4254 2629.0690 1598.3473 1302.0649 2483.2277 1998.6058 1785.8525 1605.7005 1167.0154 2404.3721 1200.4033 868.3801 1894.0446 2729.1904 2037.0238 2391.9417 3081.9872 2044.1049 1648.8132 583.0617 2631.3573 2384.0680 1542.8001 1086.5841 648.6802 1632.2564 1092.4706 187.7711 1383.1305 1808.1828 2219.8293 2031.6065 1471.8539 2300.2089 2161.5559 1584.0609 87.2067 1321.0045 2699.3703 1810.3723 2637.3187 697.4023 1736.0743 1682.0993 1546.4346 3106.0536 1380.5571 1422.6500 1882.7071 910.3829 1052.9126 951.1346 1353.6266 1000.9805 2031.7867 1500.7135 1955.6876 1822.1364 1246.4674 1973.0960 366.9578 2299.8787 1265.1660 1165.3738 2737.2702 1661.9146 1813.6496 948.8730 2904.1303 1314.1606 2644.6009 1806.2630 1702.5205 2815.9975 229.0196 3180.2083 1297.8525 2349.3252 1739.5597 2673.4865 1793.8032 2318.3945 2344.6386 2660.2274 1675.4441
 32: 1025.1366 1492.0054 1214.6856 2498.7489 2914.8223 1264.7486 1963.2285 1604.4837 1064.3049 515.2330 1514.8667 1403.1743 1673.7350 1336.3839 2222.2025 1676.9678 1348.5177 1489.0403 2069.5198 570.3069 856.0146 2090.6583 2141.2186 695.7794 2696.0300 1213.8274 2076.7641 1905.6568 1497.9376 2180.5974 1672.2383 1723.1404 2014.3140 1392.6223 2289.1221 1692.2201 1945.5346 547.3171 2024.2631 1372.8372 728.4573 121.0165 1227.2278 2105.6201 1132.2637 1065.8091 1229.7528 2906.8032 1333.0060 2195.8256 2531.7140 1228.7392 312.0833 1484.8569 2480.7136 2783.8608 1585.7758 805.4378 1049.1201 215.2440 979.4555 1594.0078 1506.9350 1243.2248 1177.4264 1887.6891 882.7825 1541.9137 2545.6412 1436.8556 1646.4811 1247.6041 2537.2515 761.8379 2956.3215 1252.9521 496.4564 1854.6215 577.2911 2487.6081 1756.4000 1610.8513 1825.2630 1151.8377 1822.9805 1828.6000 1840.7531 743.2745 869.8736 1230.3861 719.2420 546.8821 1005.4541 1229.4783 1534.0929 1524.6891 1933.0479 1383.3702 2559.8682 1190.1214 2031.2853 913.0854 2484.0692 361.3323 1950.7242 221.8400 2054.5133 2025.5698 1451.5182 2531.0444 1864.4002 2246.2578 1146.3424 2698.9444 962.7487 1174.0026 1672.9976 2924.7935
 33: 2192.1241 1827.8493 2189.9703 446.7225 71.6938 1702.1316 1163.5639 3037.1291 2233.3795 3414.3078 1475.3237 2851.6236 2133.2984 3723.2987 1588.5984 1372.5728 3595.8811 2285.8141 1291.1115 2451.3541 2585.0408 3865.1868 1843.4951 3580.9552 414.4840 1717.1197 3699.2069 1755.0741 2633.3845 966.7192 1933.2398 3172.3335 3543.7283 1691.5537 693.6750 1917.9682 1105.4212 3100.9265 1225.6859 4128.6590 2268.5813 2806.0855 1819.8915 1017.8924 3475.8001 2175.3459 3984.3224 149.1643 4120.5927 873.5817 1366.5010 4052.0549 2625.6849 3143.3691 707.6362 311.0145 3971.3859 2277.5788 2774.0353 2713.6000 3278.5866 2484.6770 3819.3324 1719.8154 2101.1663 1058.4182 3510.5652 1703.7820 499.4097 1493.0764 2736.5469 3637.1639 712.8324 2246.4536 92.1954 3103.6527 3373.6823 1111.9604 3334.1221 1481.0014 3923.7176 1400.4460 1100.0382 2056.4632 3675.0218 3586.7430 1329.5582 2927.1836 2291.7358 1700.0850 2398.3478 3445.9026 1979.9942 1818.6792 2960.9755 1726.8248 1395.1649 3593.1961 733.3771 1740.6441 934.5614 3071.2854 1126.6752 2780.8948 1551.0371 2817.1454 987.7014 1702.9974 2591.4945 1551.5686 1371.7059 764.1970 3848.8006 407.7744 3753.2631 2225.6076 1571.7761
 34: 703.4657 258.7991 1646.3663 1135.2572 1531.5469 533.9850 1288.5065 2567.2057 1572.3206 2186.6582 392.8002 2326.1498 1938.3070 2844.1169 606.3176 291.4310 2781.4645 1936.0976 402.5730 1428.9300 1790.5005 3333.3534 660.4620 2367.9949 1551.3004 682.2463 3231.9536 399.0050 2219.1679 621.6189 410.0049 2721.0770 3107.5524 303.4238 1212.9406 403.4476 1181.4178 2059.2370 388.0747 3034.7430 945.6495 1576.4225 1178.4927 559.1288 2596.5812 1505.9436 2888.8726 1491.4322 3000.9419 699.2174 865.5201 2900.7401 1365.7661 2573.3202 931.4274 1585.3233 3110.4099 1397.9145 2068.3539 1465.1720 2396.3844 2164.6182 2989.4247 554.5854 573.8885 643.6094 2478.1872 145.9623 1424.0035 793.3001 2382.4007 2749.2270 968.9221 911.5536 1639.0058 2422.5978 2169.0966 995.0799 2213.2171 838.6304 3182.7146 1060.7474 741.9784 1439.2724 3081.7698 3033.4358 1322.9078 2026.6909 843.5336 844.0006 986.0020 2217.9155 1129.3153 459.6194 2476.4943 168.6298 1503.5974 2798.7301 978.4610 694.7186 1055.8811 2222.1472 816.4686 1699.5482 311.2362 1494.8244 1200.2841 471.4319 2159.2008 896.1724 1401.4682 809.3732 2787.0404 1220.2459 2625.8423 675.7403
 35: 196.4306 421.5139 1630.6014 1781.1558 2190.6494 683.9481 1695.5813 2436.9674 1507.4061 1658.4224 803.8663 2195.8233 2035.9413 2473.5691 1093.5493 858.1754 2450.2837 1959.0000 1058.4186 1156.7074 1592.2076 3109.6382 975.4614 1837.8566 2151.1160 800.0681 3046.2267 762.9797 2161.4053 1294.8533 510.9413 2584.4831 2945.7089 556.0872 1772.0909 532.3580 1612.4978 1661.0677 1062.4524 2539.2408 559.5212 1108.1196 1263.7159 1229.0688 2244.1348 1454.6426 2398.7901 2155.6440 2493.2896 1362.9439 1437.0282 2380.3164 909.7967 2390.8446 1606.5671 2201.8095 2733.4822 1240.7240 1875.1440 999.9140 2060.0235 2162.3970 2635.8515 683.1237 141.0567 1211.0557 2047.3566 532.0150 2011.1999 1068.3164 2332.2063 2380.3920 1644.6583 527.7547 2286.5015 2196.9426 1656.4857 1440.4933 1749.7145 1370.3503 2863.5539 1370.0000 1249.0208 1440.0903 2844.0478 2819.2432 1667.0675 1722.3975 324.6075 973.9343 463.6000 1687.4887 1096.6859 493.0771 2349.0000 508.7170 1834.7948 2477.0032 1653.8068 791.2503 1560.9696 1923.9077 1454.7859 1324.2360 862.7450 962.0941 1671.8831 884.9842 2101.2427 1400.3571 1733.2772 1462.4432 2320.2502 1890.7261 2131.0798
 36: 1987.6680 2453.5943 1703.2328 3352.3289 3753.6952 2180.0853 2677.2876 1507.6701 1597.2001 485.8745 2429.1834 1432.5561 2055.8915 665.2556 3184.2162 2601.4496 802.1004 1834.4247 3016.7501 1304.9464 1245.2871 1571.7764 3102.4935 329.5087 3470.1206 2099.9057 1650.4363 2868.4046 1649.5387 3098.2463 2633.6712 1549.1482 1663.3827 2336.7281 3078.8110 2653.8655 2691.4747 657.5082 2963.3174 410.2060 1681.0357 1050.2742 1945.7505 3023.5431 651.3325 1637.5647 267.7107 3756.5093 377.1313 3099.0381 3488.7982 299.7082 1261.3108 1315.7709 3385.9700 3569.3778 813.0006 1479.8301 1205.6003 1162.1553 702.7560 1814.5115 821.5230 2157.4487 2139.9897 2763.8243 322.0248 2498.8455 3324.4455 2270.2108 1725.1449 627.7810 3446.3491 1715.7581 3771.4088 1115.2919 475.7857 2645.0981 423.7948 3448.0013 1090.4825 2366.2504 2676.1293 1755.1083 1347.4142 1411.5669 2527.2612 898.3474 1832.3561 2067.2042 1681.5088 461.8495 1773.3237 2173.4088 1485.1613 2482.4641 2565.8061 849.4669 3472.3033 2076.9039 2824.6941 858.3997 3429.1143 977.8057 2910.0990 1169.0013 2809.3804 2988.2865 1634.5336 3492.7629 2525.5884 3133.2183 227.7586 3576.4407
 37: 1881.0061 1479.0392 2121.3585 272.5234 346.3466 1440.8678 1165.3793 3022.7281 2137.0428 3203.4659 1196.7172 2817.1604 2153.0615 3615.7794 1182.3878 1063.2272 3503.7302 2273.3310 902.9313 2273.5921 2471.2369 3852.6699 1438.6556 3376.6848 656.7747 1487.2323 3700.6167 1363.4167 2619.9897 599.2412 1556.5552 3166.4270 3550.2003 1383.8735 698.9456 1539.9123 1075.1688 2937.3112 851.1886 3966.0011 2006.4877 2584.0565 1697.3347 661.9101 3363.9551 2073.3996 3819.6184 285.9545 3950.2673 530.6647 962.9252 3871.5982 2390.9699 3105.8392 307.9237 602.7022 3872.5870 2128.0660 2690.1688 2484.2119 3161.9643 2489.6209 3726.7493 1461.1177 1775.1361 814.2561 3357.3043 1359.9430 646.3018 1311.4820 2742.5924 3525.8345 305.6305 1980.4671 496.3265 3036.0797 3169.0914 1012.7902 3153.0192 1075.6026 3856.7489 1302.0004 905.0370 1960.0217 3643.0763 3563.5927 1320.6002 2797.0906 1995.2867 1510.4294 2114.9374 3235.3870 1818.7834 1526.8170 2940.5755 1383.2845 1432.8660 3506.3557 325.6778 1510.8521 861.9658 2958.6176 720.0007 2598.6966 1162.0275 2568.7234 974.5984 1304.2270 2571.7364 1147.7914 1381.2795 454.4722 3692.1747
 38: 2168.8379 2626.4891 1740.7045 3459.6712 3853.1122 2322.1219 2745.8924 1416.3096 1650.4090 700.4056 2568.4630 1376.7807 2053.9367 484.1746 3356.9523 2744.4129 646.4805 1832.0753 3171.8734 1420.9085 1291.3257 1381.8035 3286.1369 555.0225 3548.6934 2231.2118 1477.2224 3046.2556 1610.1242 3234.8929 2817.2416 1436.9892 1505.9190 2492.6291 3165.7664 2836.9632 2769.1865 755.1536 3112.8238 284.1848 1847.6009 1222.2577 2030.4071 3160.7039 545.6189 1697.7821 155.4381 3860.0689 301.3470 3228.6432 3652.2772 313.3832 1431.8230 1218.6570 3515.0996 3651.0086 594.0135 1571.9851 1200.6540 1334.1563 659.7575 1783.4803 622.2684 2299.2331 2320.7520 2884.1999 338.5410 2664.5887 3405.7046 2380.9966 1664.6228 471.8315 3577.0899 1882.9859 3861.9873 1044.0929 679.8309 2737.0148 575.8403 3616.5410 884.1731 2451.7384 2787.8468 1817.5360 1173.3853 1248.3369 2590.4866 938.0885 2014.0191 2182.4676 1864.1701 679.2297 1876.0131 2330.2481 1406.7871 2649.2433 2613.7569 692.4074 3604.6132 2208.7906 2915.4240 849.0960 3581.3127 1104.5587 3077.8749 1360.4477 2888.2555 3164.9155 1603.4070 3664.2256 2581.9111 3255.3994
 39: 1437.7611 1064.1325 1744.7834 326.7415 728.2946 986.4710 903.6150 2671.4809 1741.4147 2752.5764 742.5288 2453.6186 1846.5625 3200.7655 951.7657 616.2313 3097.4199 1936.1883 583.1038 1834.5855 2060.6312 3495.2325 1180.0191 2926.8483 781.4755 1037.1967 3354.6584 1036.3561 2275.2268 247.0729 1185.1181 2819.9768 3209.4188 937.6657 554.9937 1171.6335 792.6922 2500.3108 491.7530 3526.5241 1552.0941 2132.0837 1294.1692 271.4590 2947.9289 1675.3128 3379.7458 696.5005 3508.3422 128.0156 874.6485 3426.8181 1937.5412 2736.8321 283.6371 794.4841 3460.9832 1702.4124 2294.8832 2031.3089 2744.5920 2162.0520 3319.0886 1006.8138 1340.1511 371.5535 2922.7372 939.6702 680.9207 883.6289 2411.3154 3109.2973 351.7570 1526.2388 829.6728 2647.6406 2719.4715 669.7947 2709.4451 955.2633 3463.1213 932.8022 488.8609 1567.7372 3273.3842 3200.6624 1031.1363 2375.2594 1546.5581 1074.2253 1663.0770 2784.5190 1391.2311 1075.7160 2585.8239 962.6822 1179.9136 3103.0026 388.6245 1060.6852 573.8101 2544.5308 634.8496 2156.5261 831.7818 2114.2954 727.3960 1009.5073 2222.8399 1037.6223 1104.6239
 40: 1586.9672 1534.2816 851.6296 1108.7876 1399.1730 1052.1354 216.1712 1666.0768 931.7602 2277.6490 1025.0527 1481.1651 773.3363 2392.2579 1880.2393 1117.6784 2251.6874 914.1581 1490.5368 1304.5221 1290.5909 2495.3477 2029.8288 2419.8771 1004.1165 936.8121 2333.4157 1790.7417 1262.0004 1269.7090 1785.9129 1803.2473 2179.8516 1245.9314 695.5890 1785.7405 313.9443 1871.2905 1374.8036 2866.0708 1431.7213 1745.5489 638.4638 1230.6291 2152.9944 888.0906 2728.2141 1433.0209 2871.4834 1175.8376 1931.3591 2823.4397 1626.6407 1772.8768 1375.1771 1114.8332 2629.5249 1080.5341 1434.1984 1686.1536 1965.3297 1117.6641 2473.4714 1050.9215 1594.9486 864.4316 2246.4784 1431.6850 878.9340 667.4384 1370.7633 2311.3286 1441.5162 1430.0996 1357.6292 1745.7563 2223.2114 454.6702 2130.5466 1984.7242 2560.7368 364.3213 714.6587 770.7308 2303.3945 2215.1898 80.4487 1643.8324 1594.0452 780.4371 1620.8976 2306.7735 867.7845 1245.9715 1589.3222 1443.4005 103.5857 2244.6552 1480.9838 948.8988 535.7649 1757.7762 1716.0851 1612.9554 1636.6615 1840.9446 406.7395 1832.9924 1219.7938 2065.8214
 41: 1511.9620 1039.1737 2499.2513 1267.0296 1485.0660 1421.4658 1891.1383 3435.0793 2442.2852 3036.3941 1226.0004 3197.3314 2728.4481 3738.8094 309.3639 1052.8423 3677.6310 2763.1556 593.3717 2324.8991 2681.4058 4217.7684 480.8170 3217.7795 1754.9895 1560.2388 4108.4874 637.3774 3069.7982 813.7475 893.5374 3588.9002 3978.7331 1199.5920 1592.5734 871.5188 1774.8558 2948.1252 702.6358 3902.9476 1816.8016 2443.9257 2020.8637 839.4343 3492.0322 2374.5107 3758.6394 1414.1022 3864.0157 926.7794 185.0676 3757.5974 2233.2850 3454.1630 883.6979 1728.9375 4005.0000 2288.8818 2955.8743 2331.8156 3292.2474 2994.9219 3885.2291 1443.2637 1360.7840 1202.1348 3363.2153 1003.5338 1688.3486 1596.1516 3226.6357 3643.8927 854.4150 1781.3211 1642.1708 3312.1873 3026.0874 1611.4245 3088.4859 82.6801 4078.5852 1794.0624 1354.1407 2295.3388 3969.8111 3917.5079 1986.2452 2922.8549 1666.3475 1701.4265 1817.0925 3066.7302 2008.1853 1353.0059 3344.7913 1017.2222 2155.8664 3694.8566 826.1967 1575.8582 1575.0714 3118.2099 432.6500 2589.2989 590.0280 2335.6209 1736.4323 515.3960 3011.2776
 42: 1905.3829 2150.0663 513.4219 2302.8567 2618.0924 1632.7376 1430.0031 451.0089 601.1223 1606.3729 1789.1428 271.6928 495.6309 1280.0176 2753.3276 1958.5403 1111.7306 306.1927 2421.6525 1011.5360 599.7333 1281.2108 2811.6874 1675.0988 2216.9206 1479.2106 1132.1661 2542.5116 60.8112 2316.7671 2417.9669 597.2269 986.9357 1880.8025 1909.5070 2428.5308 1503.0689 1102.5502 2320.6228 1873.2402 1563.3173 1379.1505 990.4368 2256.6154 1080.8672 662.1918 1758.8431 2649.4532 1904.2395 2255.4993 2921.3718 1899.0853 1419.8046 558.3485 2506.3705 2329.0895 1480.6924 864.1395 447.1823 1403.8679 944.7677 180.4217 1319.8939 1614.6842 2006.3838 1889.4774 1313.6818 2106.8149 2097.4790 1419.0902 231.1385 1217.7229 2574.5217 1588.6932 2576.1568 591.4863 1537.3458 1564.8911 1356.1866 2939.0803 1362.2232 1290.0624 1744.8117 720.0590 1083.7181 996.1129 1265.1913 799.5299 1809.9693 1316.8648 1730.4716 1624.7600 1044.2591 1772.1811 370.1945 2105.1955 1204.7577 1092.6271 2611.4000 1469.2481 1710.0401 777.0779 2754.0960 1090.2495 2463.4236 1578.3865 1614.0068 2629.4250
 43: 1002.0499 541.4767 2117.0002 1317.4995 1647.7925 999.0896 1695.5368 3033.5031 2039.6961 2527.0049 858.5220 2791.6090 2406.1160 3261.8775 211.6247 721.4347 3211.2286 2407.4239 426.5173 1859.8422 2242.8883 3789.7463 196.8807 2708.0739 1790.7878 1150.6954 3693.8008 122.0533 2689.5237 764.9797 379.6841 3187.2076 3572.0260 755.4985 1521.2695 357.5612 1582.2427 2461.4559 524.7647 3398.4062 1322.2621 1942.7331 1649.9142 742.1947 3018.8624 1973.9022 3255.0276 1590.1654 3357.4306 881.5106 571.8330 3249.0616 1733.2262 3033.4939 997.0883 1797.3920 3527.2190 1851.9290 2524.0792 1830.7717 2822.2420 2636.0463 3413.4399 1018.4581 850.0000 1002.2879 2870.8556 535.5567 1687.2848 1257.8335 2853.2895 3167.0625 1003.6862 1286.4222 1784.6288 2875.0242 2518.8132 1399.6571 2589.2211 489.8418 3617.6678 1509.7142 1133.7460 1909.8034 3534.9055 3490.5050 1752.9019 2458.3547 1157.1728 1315.2965 1308.2202 2557.0501 1594.7730 891.0455 2942.7674 543.3857 1932.4102 3231.2638 994.1318 1161.8236 1421.0422 2657.1989 666.6881 2105.3171 198.3230 1826.0000 1578.0272
 44: 1562.1684 1387.1442 1202.6670 702.0862 1008.1002 1003.7579 190.8009 2063.3199 1252.4576 2511.6250 881.3047 1869.3092 1179.5135 2739.8294 1588.5028 909.7659 2609.4331 1310.6945 1192.2722 1529.7075 1608.5751 2893.7921 1771.0980 2667.5791 660.9818 940.5924 2735.3906 1558.5830 1659.0166 923.7186 1607.7344 2203.2944 2582.9108 1129.4760 296.2853 1602.8287 119.5408 2152.1276 1076.9977 3170.8183 1500.6415 1933.4968 864.0260 898.9088 2494.1933 1197.3788 3028.8065 1036.0309 3168.6038 816.8384 1587.1474 3109.0791 1781.0022 2160.7001 984.5938 762.9233 2985.6148 1331.0841 1787.5016 1856.1565 2299.3434 1520.6111 2832.7347 1011.4846 1531.0029 575.8759 2549.8694 1268.2464 517.7219 657.0122 1773.9033 2654.9736 1049.2092 1489.3247 985.4309 2116.0099 2463.7553 232.7445 2398.6204 1653.9411 2936.4022 447.6751 458.3121 1077.4326 2695.0030 2609.9933 349.7556 1956.3400 1608.4294 845.0592 1671.2780 2542.2818 1057.6658 1182.8051 1984.2001 1285.0315 463.3498 2606.0975 1089.0914 960.1208 161.7560 2091.3938 1357.2785 1855.7505 1380.0181 1989.5412
 45: 824.0607 1299.3310 1277.9397 2382.5014 2802.4247 1127.8652 1916.9332 1774.0138 1124.4216 701.0178 1373.8413 1560.6399 1744.4455 1557.7217 2026.2796 1525.8467 1566.1689 1577.0155 1895.4907 610.7970 979.0649 2298.5441 1934.3965 882.2267 2614.0691 1100.4036 2276.5061 1705.0751 1629.0887 2029.8596 1465.9836 1900.0674 2207.0455 1227.0656 2205.3020 1486.4353 1886.5100 762.0794 1858.1222 1577.5148 566.0786 213.3542 1204.7078 1955.2609 1350.6065 1112.4900 1436.7091 2789.3013 1533.1353 2054.4822 2344.8294 1423.1405 214.3665 1667.8936 2336.0071 2696.2437 1807.6089 837.6139 1204.8784 179.0447 1191.9169 1706.8333 1727.8241 1107.7730 976.0000 1766.0943 1104.0906 1358.7586 2463.3299 1348.8977 1785.8189 1468.5275 2389.8038 595.6257 2854.4646 1440.7026 694.9532 1777.7930 796.5187 2295.3756 1975.5354 1556.1700 1718.8205 1180.7053 2030.1529 2030.6799 1808.2790 928.0733 669.2989 1147.7495 518.5557 731.1751 973.3329 1066.4192 1698.8431 1340.2388 1918.1838 1600.0156 2410.1739 1077.0005 1949.7531 1110.0063 2310.4443 515.1970 1761.6356
 46: 944.1716 463.6087 1950.0590 1148.3593 1499.7226 844.5685 1497.3874 2875.4973 1880.3670 2460.2703 679.1171 2635.0068 2223.3061 3149.0368 295.0813 530.6147 3089.5237 2232.8175 259.9788 1736.3136 2101.7117 3644.4052 393.9975 2641.8880 1612.3712 990.7452 3542.0333 205.4483 2523.0795 593.1964 411.5386 3029.4263 3416.6899 612.8703 1329.4980 391.9005 1383.9798 2358.4158 340.4145 3320.0182 1230.4979 1860.0000 1477.6228 560.9037 2902.6460 1813.5760 3175.0309 1446.8207 3283.1266 704.7163 583.6720 3179.2328 1649.0049 2883.9079 854.6256 1625.0840 3415.1840 1709.1416 2379.5369 1748.0072 2703.2947 2462.7789 3296.1408 865.4300 797.5161 804.1897 2774.3987 414.0350 1503.6150 1074.2909 2684.7981 3054.1167 871.5561 1195.3050 1629.2133 2733.8310 2446.9442 1201.6006 2502.5127 538.6771 3492.0052 1317.6528 935.5426 1743.4497 3393.0000 3344.4397 1556.4578 2334.8233 1095.3470 1146.5710 1244.3295 2491.0417 1438.8888 763.4880 2784.8311 428.6724 1735.6373 3107.4185 868.3836 1004.1165 1223.4316 2531.1472 598.8197 1999.4209
 47: 1144.9926 1564.0540 885.8905 2375.3789 2779.2812 1218.7617 1739.7773 1259.0445 742.5901 664.6939 1464.1216 1048.9447 1333.0214 1158.6997 2286.5058 1640.8449 1126.1159 1139.4955 2075.3123 329.6073 496.6810 1811.8557 2245.4812 812.4285 2512.9435 1127.1717 1775.3524 1991.2240 1136.6310 2130.3713 1783.5358 1385.0588 1698.6000 1399.8321 2114.6766 1801.2468 1740.3919 359.8013 2011.9249 1370.8103 788.3838 302.7937 995.6169 2056.1539 921.9816 757.4919 1223.8141 2780.4248 1351.9246 2125.7039 2564.0493 1274.1228 429.6941 1154.6709 2412.4604 2608.5693 1422.9554 533.0263 693.3109 365.9413 735.8329 1234.5250 1315.7766 1195.8148 1289.5968 1786.5299 782.1637 1585.8099 2364.9850 1293.2614 1286.0984 1064.2486 2473.8638 824.1517 2802.2769 930.8168 611.3101 1678.3921 554.9072 2536.4047 1539.3219 1408.4605 1698.6406 859.2654 1543.3188 1533.9377 1601.3685 420.8800 999.9865 1089.5435 865.0780 693.8970 803.3586 1239.9782 1184.7363 1572.6474 1669.7799 1152.8825 2500.9090 1104.6022 1858.1919 614.4868 2481.5038
 48: 1514.6105 1040.4807 2251.7729 836.7473 1062.1153 1265.4047 1525.7346 3192.7430 2217.4140 2998.9006 1030.2626 2962.4412 2424.2708 3600.6169 495.5643 848.4109 3520.3665 2485.7073 415.0084 2187.0642 2495.1836 3999.1464 755.0079 3179.8190 1323.3057 1378.7520 3874.5386 760.9783 2810.2308 448.7594 1005.0279 3345.0371 3736.7741 1092.8756 1183.3005 984.2098 1411.3699 2840.1190 470.1287 3836.0086 1755.6224 2383.6747 1775.9640 500.0360 3349.0179 2149.1508 3689.3864 993.8435 3805.5860 542.0055 251.7459 3708.7788 2174.2760 3233.4316 451.6857 1296.2951 3866.1952 2109.7512 2755.8144 2273.5193 3145.6753 2716.5936 3735.7881 1288.3975 1375.8172 875.5627 3263.6674 957.0465 1261.1063 1341.4597 2958.3678 3506.4107 422.2144 1722.5031 1216.1484 3114.2301 2978.8805 1264.8008 3011.6582 356.9230 3908.4218 1486.4596 1027.7962 2056.2125 3762.0763 3700.0024 1638.9179 2771.7931 1658.6501 1485.9105 1802.3232 3030.3531 1808.6730 1256.3586 3103.9879 977.4748 1798.7535 3532.5703 395.5060 1398.5310 1199.2664 2958.3551
 49: 1737.6058 2122.2264 907.0127 2709.6585 3082.8263 1703.4676 1935.4093 737.6103 838.9625 880.1841 1928.4714 598.0778 1206.3913 657.1796 2824.5483 2110.6042 562.1610 984.3292 2569.5332 797.3864 488.1086 1197.3725 2811.0560 916.8566 2745.5996 1579.9728 1166.5033 2548.8085 795.2911 2566.4450 2359.5156 832.6404 1101.3682 1918.8299 2379.2009 2375.7382 1971.9194 400.6707 2490.9958 1129.6145 1371.9916 898.9472 1262.2302 2495.5466 405.7388 895.9397 1002.9601 3097.9077 1149.4077 2539.0071 3071.7671 1130.7630 1043.9181 585.8438 2818.9454 2851.7623 916.5588 850.7156 352.1392 977.9494 208.1250 956.6201 778.5435 1680.9120 1875.6082 2176.1261 539.4164 2124.8598 2607.6480 1661.8776 888.0456 567.6698 2884.5436 1406.5902 3075.6518 349.3222 811.0499 1965.5111 607.5953 3058.4723 961.0005 1673.3084 2059.4606 1015.0197 928.8730 921.6404 1774.5166 201.8366 1599.6653 1483.9114 1471.9382 892.2920 1159.2916 1769.3716 687.1637 2114.9322 1781.0000 576.8397 2916.1756 1560.7434 2138.7887
 50: 1464.4607 1254.4863 1270.8458 593.0278 944.0429 910.9956 329.9121 2160.9794 1302.9217 2504.1416 759.9533 1957.7114 1297.2128 2792.7037 1427.5966 768.0319 2669.8322 1411.4096 1031.4146 1529.0160 1651.6698 2991.1663 1613.1649 2665.6078 665.2173 869.8074 2838.6830 1405.2758 1758.0481 762.9214 1465.2703 2304.4620 2688.5180 1010.0064 258.0698 1459.3057 221.8220 2170.0332 916.4131 3196.0053 1437.1534 1910.6713 885.5281 737.1974 2543.9452 1243.2767 3052.2025 961.0021 3189.5650 657.7614 1426.9688 3124.0794 1746.1466 2247.4964 839.7738 753.4487 3043.5455 1345.9012 1849.6078 1826.7288 2345.6345 1628.8797 2893.4314 921.6507 1421.0422 420.9537 2577.0179 1132.6438 514.5843 601.0474 1881.5451 2705.5890 905.8835 1422.4489 947.1140 2187.8768 2459.6571 179.8249 2408.2618 1492.6225 3009.6526 466.0751 319.5074 1125.3417 2784.1785 2703.0919 466.8404 1992.6698 1523.3910 803.2994 1598.0967 2535.3122 1054.8336 1079.4726 2079.2299 1150.5794 606.5723 2669.1791 945.4232 891.2244
 51: 638.0737 693.5683 958.8326 1309.4888 1727.5144 163.5176 939.9154 1872.5931 878.0216 1692.6157 368.3069 1631.4316 1295.4150 2202.3907 1298.2762 550.1727 2122.9039 1262.6227 1010.4638 794.0082 1107.5604 2642.5739 1342.4649 1866.2631 1547.9629 23.7065 2537.9618 1073.2684 1529.6143 1026.5749 965.0005 2026.4378 2412.8697 412.2378 1140.3425 972.8248 876.0879 1456.9231 930.3010 2474.8166 545.9899 1073.9320 511.3756 952.7481 1950.5732 812.0813 2327.7150 1717.3864 2453.2187 1022.1453 1515.1399 2368.4985 886.1405 1880.4566 1309.0749 1624.9812 2467.7958 716.4503 1380.0558 976.4594 1747.1588 1486.3411 2337.4709 146.3728 657.1408 697.8288 1881.7657 638.3768 1397.8398 305.3080 1695.0826 2108.3266 1369.7649 531.5186 1777.4932 1736.7838 1658.8243 731.9740 1653.3227 1510.6757 2515.0447 591.0474 641.8427 751.8251 2393.9601 2342.3811 887.3539 1373.2625 655.7385 186.2713 711.1807 1724.5385 434.7747 330.0485 1781.8715 638.0360 1048.6529 2136.2116 1396.4183
 52: 1670.2964 1233.4687 2131.3132 466.9914 670.6668 1296.8400 1273.4995 3059.8518 2123.5089 3072.4746 1046.2820 2841.1394 2232.0582 3570.5738 860.5167 884.5259 3472.3745 2324.6453 616.7309 2185.6864 2435.5340 3882.9109 1118.6653 3250.0083 940.6663 1373.7547 3743.1262 1063.3499 2663.8453 380.3157 1274.6239 3208.5040 3598.0267 1190.4839 863.5305 1256.4092 1167.1204 2851.2525 591.5708 3871.2216 1844.1434 2450.1041 1675.3725 454.9736 3317.5075 2056.7946 3724.1129 605.6071 3848.9804 377.8955 642.2157 3762.0613 2248.0794 3123.4668 106.2309 905.6467 3832.5344 2068.7883 2675.8135 2344.8721 3113.6711 2550.1267 3693.0391 1318.9363 1550.0639 741.9737 3275.6022 1123.6427 894.5636 1255.1928 2799.6973 3478.2468 40.0000 1814.7705 821.9258 3030.1871 3044.0555 1056.0805 3049.0687 752.1629 3843.0751 1321.3391 872.8860 1951.3239 3659.5755 3587.8535 1410.1053 2742.0361 1798.0170 1435.4599 1928.9671 3104.3880 1757.9571 1346.1842 2974.0252 1146.6830 1550.2158 3479.3804
 53: 2295.8192 2694.4018 1403.4386 3251.0572 3609.8080 2280.0899 2438.0100 784.8726 1369.6693 1147.1861 2503.4077 826.7993 1585.1372 223.3764 3400.4983 2685.5722 47.3814 1376.4767 3145.7440 1371.9960 1044.0584 746.8768 3382.2862 1087.3794 3247.0690 2155.1190 802.9010 3121.6888 1078.4062 3135.3532 2926.8785 770.8865 816.0025 2495.3597 2899.6098 2943.6746 2487.8525 838.0483 3066.1226 892.4982 1933.9299 1402.4300 1810.9613 3065.3034 255.8281 1432.9564 826.3976 3630.0457 950.7229 3103.4782 3648.3921 1000.9540 1576.2592 589.4820 3380.4806 3356.3701 389.3071 1422.9466 819.6841 1497.4235 417.0803 1259.4801 229.7520 2257.5697 2437.7994 2737.6576 606.3877 2700.1157 3115.5616 2224.2988 1081.1240 223.0090 3446.7945 1969.1724 3590.5456 506.3536 1091.4623 2501.2913 885.8736 3635.2894 387.6209 2208.5934 2615.2082 1547.1668 502.4749 562.1397 2272.9877 773.0783 2152.5847 2053.0828 2017.5555 1143.0822 1728.0558 2345.0416 801.9838 2689.7900 2251.3438
 54: 1686.6241 1637.8431 874.6434 1160.7670 1427.3097 1154.5133 276.8754 1645.1973 968.6140 2333.8383 1128.3355 1471.0540 738.1958 2406.2402 1975.9195 1218.8310 2260.5172 898.7797 1584.6015 1368.4458 1324.0729 2471.0730 2129.1635 2471.7656 1012.3734 1037.1234 2304.0428 1891.7637 1243.1915 1354.5896 1889.1546 1778.0340 2148.6975 1349.4906 737.6246 1888.8729 387.9394 1914.9167 1468.6078 2897.8682 1523.1389 1815.2567 713.4774 1318.3816 2170.9226 930.5767 2761.8925 1465.8939 2906.1302 1257.1237 2018.0907 2862.2834 1703.8410 1761.8451 1445.0529 1124.7689 2638.3542 1140.0439 1449.2291 1759.9693 1987.4177 1090.0005 2480.8476 1152.9484 1696.7937 956.7319 2280.4528 1535.0127 897.0357 770.1662 1341.4567 2327.5416 1510.4652 1522.6743 1374.3962 1748.6066 2277.7754 545.2201 2177.2425 2074.3934 2557.4442 467.1317 808.9703 816.7668 2287.2953 2195.8515 180.6931 1676.9332 1690.5816 877.4896 1713.6630 2362.4483 945.4100 1348.4128 1571.6377 1546.8177
 55: 537.7769 106.0424 1596.3865 1286.0890 1688.9381 475.1758 1352.6955 2499.2729 1509.2104 2036.1714 419.1420 2256.5206 1921.0440 2725.2980 714.0707 389.1735 2670.4810 1899.6447 566.6154 1317.8532 1700.3458 3247.7120 711.1526 2217.7511 1684.7210 630.7646 3154.5269 441.9695 2165.7447 786.3040 344.8188 2652.5821 3035.0964 226.3846 1329.3506 347.5083 1251.9585 1931.1150 556.6920 2892.2118 802.0754 1432.2011 1144.0354 721.3744 2480.4133 1444.8675 2747.0182 1651.2353 2856.1190 857.8770 1007.0357 2753.4257 1221.1638 2493.4837 1097.8711 1725.1858 2991.1794 1310.2416 1982.3269 1320.3185 2282.4588 2124.2410 2874.5977 491.7082 405.4232 755.9054 2346.1032 23.3452 1552.1862 799.7231 2332.1177 2630.3926 1136.5993 767.0059 1791.3972 2332.2178 2021.1363 1067.1551 2073.9571 967.3453 3075.7406 1088.5371 831.2737 1389.6075 2992.0857 2948.7918 1367.4242 1916.7159 681.4463 807.9610 826.7357 2067.1722 1063.0075 347.7614 2408.6054
 56: 2152.8511 2444.0346 852.2218 2672.1948 2988.0167 1943.8776 1800.0625 90.7359 904.4777 1567.3474 2118.8988 153.6392 847.2697 1012.5932 3077.7181 2293.1315 831.1781 675.1666 2759.6596 1205.7035 762.8709 912.1519 3119.3567 1596.4085 2583.9901 1794.3567 771.1005 2849.7742 328.4661 2671.2922 2706.6215 244.5976 634.2886 2188.2162 2279.6879 2718.8913 1873.1161 1079.0445 2662.1273 1655.0894 1794.3659 1487.4421 1329.7718 2609.2008 861.5393 971.5112 1559.0128 3019.6162 1698.9232 2614.2565 3262.8376 1716.9126 1575.5371 216.1134 2869.4608 2696.4039 1176.3171 1115.6330 496.5884 1537.6193 785.8562 494.5018 1017.0093 1924.3214 2267.7257 2246.3947 1167.2275 2412.3916 2466.1699 1763.5206 280.8006 969.0330 2937.5708 1823.6847 2944.6827 370.0000 1498.1922 1931.8903 1293.5386 3274.7197 1018.4262 1653.4694 2104.2861 1051.1218 715.7325 626.0072 1635.3535 800.5623 2040.9147 1643.5160 1942.1740 1579.2571 1348.0004 2066.9170
 57: 387.0013 378.1124 1268.9665 1372.6474 1792.9891 193.9330 1202.5144 2157.4487 1172.6287 1744.7063 345.0594 1914.2583 1623.7956 2385.8225 1055.5401 465.8004 2326.5780 1582.1112 843.3416 973.2713 1352.8230 2900.3491 1056.7876 1925.0875 1695.8906 331.4725 2808.8079 788.6019 1832.9397 966.2401 646.3018 2310.3372 2690.9879 163.4870 1303.3959 656.4145 1120.1045 1599.7065 794.8333 2581.1449 502.6420 1127.4369 838.8880 892.2360 2139.1671 1110.0450 2434.8119 1768.8516 2549.5839 1000.8501 1324.3583 2452.4398 918.5777 2147.4341 1276.2417 1756.7698 2652.0370 963.4215 1635.2400 1017.6409 1939.8742 1801.8396 2532.6701 197.5171 352.3663 766.8514 2019.2360 356.0407 1551.0770 578.7271 2001.0350 2290.9083 1327.4170 471.2749 1869.8540 1984.5408 1723.0699 950.5083 1757.8214 1297.5843 2730.3674 881.7171 777.0058 1064.3237 2644.3927 2601.6143 1177.6795 1572.0999 473.0803 515.3960 588.2601 1776.3257 727.9870
 58: 908.3089 1105.8074 543.8134 1583.6729 1980.6729 595.9606 957.8831 1438.7363 446.2029 1454.1819 787.2693 1197.0798 942.2149 1812.6357 1732.9541 967.8559 1718.4604 865.9936 1434.7718 474.3712 686.7059 2209.5995 1772.4912 1612.2422 1711.2861 448.6836 2103.2473 1502.8859 1105.0000 1407.6296 1374.0615 1592.4701 1978.2601 840.7289 1311.4397 1384.3948 945.0402 1123.2711 1347.0431 2152.8846 631.6771 885.0316 232.6929 1337.2876 1559.5656 382.3415 2007.4865 1985.1269 2141.9704 1380.3710 1940.7571 2072.0623 758.9796 1446.3616 1661.9513 1805.7389 2075.0087 311.2619 950.6445 819.5633 1355.7142 1078.7182 1937.4522 576.3211 985.2923 1020.5254 1539.6769 1065.7730 1562.6916 508.3345 1273.0758 1720.3052 1726.9479 643.1213 1999.5642 1308.7723 1407.2843 875.0343 1354.5143 1941.5097 2100.5554 610.3278 913.7598 344.7260 1963.2463 1909.3339 837.9272 984.5634 851.1698 325.0415 826.0684 1484.9492
 59: 1555.2173 2029.6699 1550.1177 3027.3847 3439.5269 1807.9162 2431.8178 1626.0603 1417.8001 31.9531 2058.4229 1485.5820 1966.8943 1016.6189 2757.4046 2222.6419 1098.5172 1755.6460 2615.6162 1013.1782 1108.3849 1889.9280 2662.3999 151.0530 3195.5898 1748.1547 1929.1949 2436.0000 1655.5908 2725.6898 2194.9289 1706.5172 1908.0946 1939.4125 2793.1072 2215.6311 2428.4540 522.2452 2571.1315 858.0734 1274.8467 654.3157 1687.0139 2650.6912 895.1162 1441.4663 724.3342 3435.1147 807.0917 2738.0975 3073.5231 692.9358 858.5872 1458.4622 3023.7811 3288.3596 1221.1900 1226.8570 1178.0531 760.4275 834.2332 1794.8440 1189.5550 1786.0616 1707.0750 2421.8278 539.7083 2084.9753 3046.4545 1952.8712 1769.5932 948.1287 3081.1415 1307.8505 3472.6856 1227.0603 89.0000 2356.1988 287.5639 3025.9494 1460.2140 2094.6355 2350.5567 1548.5509 1638.9710 1678.2521 2295.0251 825.2642 1400.4628 1745.8184 1249.6403
 60: 306.3201 781.3149 1305.0801 1954.1661 2375.6069 700.9280 1642.1099 2027.4528 1164.1478 1219.3449 924.4263 1791.2032 1749.8051 2010.2351 1507.7642 1053.6584 1989.8254 1634.9098 1388.4686 736.4706 1179.3032 2664.8424 1422.1568 1400.6913 2245.3884 731.0622 2611.4954 1187.6738 1788.7543 1550.4483 953.1841 2170.2544 2518.8160 738.6488 1841.4595 973.0622 1585.1675 1197.6932 1359.8625 2091.3147 195.0410 646.1238 1041.0615 1477.2288 1782.2149 1123.4848 1948.7835 2354.0217 2049.3365 1588.9283 1827.9018 1941.0041 446.2298 1963.9666 1862.3815 2315.4200 2269.9009 871.2709 1454.7522 536.8622 1600.4905 1816.5032 2173.1277 685.7179 458.6284 1340.4913 1585.2028 846.2181 2096.7351 1015.1970 1958.0493 1917.2076 1911.8415 191.0236 2445.4308 1759.7147 1210.6610 1442.8028 1290.8517 1776.9842 2403.2944 1282.6554 1324.4244 1140.8089 2397.6299 2378.6603 1569.5913 1271.6493 151.0530 847.3045
 61: 813.3542 871.2715 803.4880 1286.5147 1694.5209 336.4298 796.4923 1733.8956 741.2321 1714.2301 475.4293 1495.9318 1115.2206 2136.1133 1436.8806 651.8351 2043.4642 1094.2417 1119.7401 763.2038 1011.0534 2521.6538 1501.3970 1881.4284 1468.4659 184.2525 2407.6081 1234.0770 1376.5104 1082.6638 1142.3682 1887.7820 2277.3258 581.9459 1060.2877 1149.0278 748.1744 1427.3535 1027.7592 2455.5904 664.9060 1110.3085 336.6096 1012.2460 1883.0680 673.2763 2309.1890 1692.7153 2440.1895 1057.5916 1625.2514 2363.5858 942.8860 1756.2033 1340.8393 1554.1097 2399.0834 634.0032 1270.1799 1023.8906 1679.0965 1321.4360 2262.2557 324.1389 841.6086 702.6720 1848.8453 805.7320 1317.7712 207.1714 1538.7326 2043.4114 1405.1566 658.4778 1727.9494 1628.6476 1673.9609 630.0516 1644.4163 1632.0711 2424.9728 435.3941 609.2003 597.0059 2279.4640 2221.5760 724.5095 1306.7750 813.6154
 62: 155.3222 631.8797 1360.9912 1845.7242 2265.9446 613.4631 1595.6497 2127.7913 1227.6013 1370.2281 817.1273 1888.5047 1790.5734 2151.7402 1356.9967 932.0649 2126.1016 1691.8904 1246.0016 840.1012 1280.0332 2787.2747 1272.1183 1551.5157 2158.5945 672.6165 2727.1437 1036.6253 1869.3392 1421.6163 803.2640 2273.3889 2629.5735 612.0531 1759.4204 822.9441 1529.8513 1339.6612 1222.2950 2242.2261 247.4065 794.1190 1049.1673 1349.4013 1920.6439 1180.7561 2099.5590 2241.0901 2200.3829 1466.3867 1679.0188 2092.0000 590.4066 2074.3481 1735.0331 2223.6882 2412.7066 945.8383 1560.5848 683.7441 1735.6638 1884.2232 2312.9758 601.8239 307.6508 1238.1252 1732.2000 701.6167 2011.6573 960.0844 2039.7657 2058.2488 1782.3987 221.4159 2342.4075 1876.5663 1361.7111 1376.8925 1440.0434 1626.7790 2539.2788 1243.6278 1236.0117 1183.3250 2521.1827 2498.0781 1537.1623 1398.2807
 63: 1535.8138 1922.2864 807.0750 2553.3987 2935.4236 1512.2143 1809.5317 865.6472 712.3735 806.9164 1741.5510 682.6895 1168.1481 830.3186 2627.6219 1923.4074 754.7775 949.5104 2379.1833 598.9299 353.2931 1394.5942 2610.8041 882.1451 2615.3136 1393.1777 1354.4741 2349.2460 831.5347 2387.0471 2158.2447 980.1592 1279.4257 1723.2672 2238.6766 2174.5717 1836.9104 303.0264 2303.1600 1222.2393 1170.1560 715.0105 1108.5292 2315.2799 577.7283 761.0795 1085.0295 2947.0626 1229.2176 2364.2447 2879.8023 1189.7281 847.9275 741.9710 2646.4658 2719.1370 1094.9310 673.3743 353.4119 786.7026 373.9759 970.2165 965.1072 1489.4956 1673.8005 2004.9671 603.5230 1927.0509 2474.0416 1491.6625 954.0823 737.0109 2711.3203 1204.7647 2935.9469 512.6402 737.8292 1816.4636 562.2259 2864.1329 1159.3533 1526.7524 1893.9314 881.1521 1126.6752 1113.6934 1652.9456
 64: 1524.7206 1459.3382 872.6998 1048.5542 1353.7153 984.2241 166.0903 1713.9627 941.0149 2265.4609 948.6121 1522.5643 832.6566 2415.0234 1799.8055 1038.3068 2278.4504 961.2497 1410.2496 1287.0284 1300.5618 2544.3082 1949.7202 2411.4529 974.5984 874.1424 2385.6523 1711.3094 1309.6141 1191.8981 1709.2457 1853.5763 2233.3036 1172.5310 644.3757 1708.7706 246.3757 1871.0104 1294.5582 2874.4130 1382.5722 1721.0349 613.9218 1151.8507 2173.0948 892.9082 2735.1417 1384.2633 2877.4831 1099.5135 1852.7223 2825.9802 1594.3952 1814.2337 1304.0798 1083.4136 2655.8579 1068.3866 1458.0868 1657.4589 1982.5350 1171.1127 2501.0288 984.0020 1528.0265 784.5470 2253.7198 1355.3369 843.1281 599.1010 1424.3960 2332.5128 1370.8264 1379.3437 1320.2367 1777.6740 2212.5951 375.7140 2127.1354 1905.2480 2595.7937 297.3785 634.4360 773.6058 2347.3240 2261.3027
 65: 2627.5367 2971.8011 1456.9712 3296.1129 3614.0068 2499.9930 2426.0668 550.8412 1482.9717 1678.2577 2694.6401 747.5533 1465.1311 765.1536 3639.3420 2873.2095 609.4867 1301.0553 3341.1378 1665.1751 1249.3650 300.2699 3658.0865 1637.6718 3207.8304 2357.4616 252.2479 3390.2156 953.4112 3274.7258 3224.0448 430.7633 260.2787 2736.2809 2905.5991 3238.4078 2498.4669 1289.9961 3248.6448 1418.7107 2260.4362 1820.3728 1925.3265 3210.2863 786.8195 1551.2785 1373.0732 3645.5618 1485.8617 3223.4075 3846.8140 1550.3761 1961.5652 466.6155 3484.0680 3320.4296 783.7787 1638.6385 966.4787 1898.8944 865.9244 1109.7590 662.1458 2479.0163 2757.1951 2854.1542 1154.4769 2955.2590 3091.4083 2359.3389 866.8483 784.6592 3552.0390 2293.3637 3569.7234 623.0321 1617.2214 2552.8700 1404.0872 3850.6519 512.0010 2270.6986 2715.6261 1645.0483 114.7693
 66: 2654.2526 3011.3641 1528.6245 3376.9081 3700.9308 2549.5978 2512.6695 646.4256 1545.1993 1641.0597 2750.2351 826.5446 1560.8283 689.4055 3688.0773 2929.9735 549.4015 1389.7888 3397.5724 1695.4728 1292.1474 268.7341 3699.3531 1589.0516 3299.6660 2409.8143 303.9490 3432.5282 1044.1920 3340.8378 3259.9652 536.6796 357.6493 2782.5990 2991.0483 3274.8846 2582.2372 1278.6157 3307.2232 1329.3607 2287.0295 1822.3636 1990.8918 3275.3214 743.8636 1613.3471 1291.7159 3731.0193 1399.0643 3292.6221 3903.5586 1469.6292 1972.7874 537.4253 3556.3895 3412.0382 682.1122 1684.1437 1013.9729 1905.6642 847.8544 1205.8992 570.6356 2528.2504 2787.0875 2923.0669 1106.6838 2999.3493 3181.1679 2423.5849 967.4968 720.1514 3624.2137 2320.6148 3659.8122 659.8826 1582.3934 2630.9643 1371.7452 3904.2444 400.2162 2346.2285 2786.7366 1711.3422
 67: 1249.9892 1439.9201 207.2511 1703.9108 2068.9652 915.2404 928.4999 1140.9514 177.7667 1520.4976 1070.6788 906.8385 609.1478 1667.4495 2033.8343 1242.8069 1546.1080 521.4183 1708.7100 582.4775 531.2523 1943.5149 2093.2045 1655.3710 1734.7668 760.6714 1819.6706 1824.4347 779.9160 1629.9156 1710.1336 1294.4717 1685.3881 1164.0571 1364.1825 1719.4490 957.8920 1100.6080 1611.0770 2101.2844 951.2371 1040.6234 280.3605 1565.2380 1419.3439 120.1541 1961.6284 2085.9504 2103.8776 1581.8483 2211.7256 2053.3120 974.3069 1178.5186 1849.3096 1839.4197 1918.5997 347.2521 730.2472 1007.2537 1222.6484 737.5317 1769.6036 897.9766 1329.9808 1212.2788 1480.3530 1390.2014 1594.6589 714.7867 943.7637 1580.7726 1916.7600 967.8559 2060.7768 1080.0801 1463.0055 954.7549 1361.0323 2224.4622 1898.0445 661.8761 1079.1205
 68: 1164.0017 935.0128 1258.7526 677.6762 1089.7963 624.4678 561.8941 2190.9836 1252.5574 2318.8122 445.2505 1969.5220 1396.5250 2716.3588 1167.1251 451.6016 2610.2262 1465.7046 775.9336 1371.4828 1574.0343 3011.3607 1329.3224 2488.1455 922.6576 618.5014 2874.6464 1105.9571 1798.7624 580.2982 1149.6869 2340.9007 2731.6255 694.7129 526.4076 1144.5916 448.6424 2033.3600 660.1470 3062.6898 1178.9254 1706.9856 805.4198 529.4686 2463.8527 1186.4679 2916.5817 1084.7719 3048.5406 510.7299 1227.3700 2972.7383 1525.7093 2250.8276 770.2759 991.0610 2975.3968 1223.3990 1806.0487 1613.6409 2261.0374 1694.9360 2832.2952 638.7965 1110.2612 153.4047 2452.5220 813.5533 775.7745 406.8722 1940.5754 2625.5104 837.8604 1159.6974 1135.6514 2158.8627 2280.4649 266.7208 2253.5417 1273.7979 2974.3416 460.4053
 69: 1227.6909 1176.1267 819.9762 1042.7732 1409.8599 687.9426 363.6702 1738.8071 839.6386 2064.0022 674.0927 1523.1612 938.9979 2328.0558 1579.4334 788.2798 2207.9425 1006.3503 1203.7649 1082.0499 1185.8520 2563.9130 1706.0554 2220.0354 1105.2059 577.2599 2421.8706 1456.7148 1342.7185 1040.2235 1432.8367 1887.1759 2276.7743 885.0158 714.0770 1433.9404 335.0060 1709.8380 1091.7074 2733.0869 1099.5654 1489.9023 421.4950 986.6965 2078.7018 778.6174 2589.9255 1424.8161 2728.3719 969.3895 1678.0375 2665.9231 1344.8606 1808.8831 1216.3791 1203.1729 2580.3382 886.5078 1390.1241 1416.1243 1879.9035 1234.8931 2431.4590 687.1230 1231.2339 611.0614 2113.2130 1078.2300 958.4284 303.1171 1481.5620 2240.4522 1284.5236 1093.8121 1410.4641 1734.1272 2016.0915 292.8839 1953.2028 1715.7273 2555.1010
 70: 2683.0565 3081.4135 1738.8071 3597.1707 3944.0005 2661.3237 2761.8177 969.8273 1722.4192 1469.5993 2881.0588 1090.9230 1856.2678 443.6000 3785.5231 3063.1232 413.4888 1663.1663 3525.4079 1757.9252 1413.9321 520.8080 3769.5445 1378.9039 3564.6533 2533.4285 666.1081 3508.5372 1334.5748 3505.1017 3314.4822 894.4652 753.8236 2879.5017 3232.0070 3331.2571 2819.7908 1216.1928 3443.6774 983.5878 2321.4963 1782.3636 2168.9521 3436.0322 625.4295 1787.9737 974.5794 3968.0265 1060.4471 3468.9176 4029.1708 1150.0161 1960.6246 807.8199 3742.7841 3675.5683 313.0144 1799.4580 1168.4383 1879.8311 803.6977 1509.8675 272.0074 2638.9454 2825.3177 3101.1864 924.4263 3085.7941 3438.2510 2589.9670 1293.3511 518.4178 3809.6501 2356.7575 3916.0005 821.7761 1421.4654 2846.3647 1229.1599 4018.1669
 71: 1473.3516 996.3062 2427.6831 1187.9832 1415.3180 1358.2978 1809.1611 3364.8825 2373.2722 2995.3839 1156.9464 3127.8651 2651.2339 3682.7452 278.2984 981.6746 3618.7625 2688.5849 518.2760 2267.1092 2617.5685 4150.9192 487.8986 3176.9345 1676.5679 1494.4782 4039.6610 610.0443 2997.3750 731.1067 869.3728 3518.6118 3908.8700 1141.6203 1510.2457 847.2385 1692.9126 2895.7503 625.3039 3858.0332 1769.0868 2398.1520 1948.9161 757.3546 3435.0588 2305.3470 3713.2264 1345.3836 3820.4556 844.1161 121.4331 3715.5266 2187.2197 3386.6187 806.0434 1652.3744 3949.0400 2225.3701 2890.5475 2286.1059 3234.5734 2920.4186 3827.6349 1380.3601 1323.3461 1121.4936 3312.6305 952.4306 1608.0812 1522.2772 3153.3503 3587.8565 779.1001 1733.8411 1571.1031 3247.4595 2983.4498 1530.2055 3041.1375
 72: 1594.5062 2050.6489 1333.3882 2930.2520 3333.3710 1758.3225 2272.9578 1339.0060 1213.4950 280.1428 2006.8767 1203.8974 1725.4727 790.8660 2781.1287 2180.1693 843.8418 1509.0302 2600.6232 883.3940 878.1674 1628.8035 2711.9322 319.9531 3058.3245 1676.2846 1656.0393 2470.7256 1383.5274 2675.6240 2243.2481 1419.0595 1628.0369 1920.7103 2663.6113 2262.7877 2281.6420 269.2007 2544.5094 824.8424 1272.0633 646.8771 1534.7459 2601.0008 631.5473 1246.8488 677.9417 3335.1012 799.9312 2675.4672 3078.0002 719.2197 856.0333 1170.9419 2962.3951 3155.9594 1024.5409 1067.5790 909.3041 758.5994 549.5962 1529.9915 965.3652 1735.6051 1746.1575 2340.1617 314.2388 2089.5064 2911.5274 1848.1052 1490.7438 710.7440 3022.9290 1307.3775 3353.9961 939.5797 214.7044 2228.4708
 73: 1329.4239 1167.2039 1109.0005 750.8162 1118.9656 771.0383 296.1841 2015.5429 1132.5193 2325.0759 656.1494 1805.7090 1176.7693 2620.6726 1432.8604 703.8551 2500.7913 1272.1046 1040.0678 1349.2594 1477.7456 2843.8426 1595.5269 2486.0893 841.5373 711.7556 2696.6119 1368.6902 1615.2183 816.9468 1397.4262 2161.6262 2548.8276 901.9590 436.9405 1393.9907 186.3438 1990.7378 923.9491 3017.2671 1275.6210 1733.8524 708.2323 776.1372 2371.0441 1071.3888 2873.2736 1132.3966 3010.3588 727.9265 1477.0135 2944.4404 1572.3794 2093.5914 949.9605 932.1770 2873.2076 1166.6949 1682.5219 1651.4518 2171.8034 1495.3702 2724.3179 778.9178 1299.5153 411.6175 2398.7038 1051.5764 691.4000 432.8337 1746.1354 2532.8492 1017.8222 1262.9117 1126.4262 2024.9494 2280.2675
 74: 1516.9614 1987.4438 1462.0103 2957.8548 3368.4133 1747.2264 2350.8009 1546.9082 1330.5112 69.5845 1997.7748 1401.8092 1877.9079 978.7262 2717.0118 2164.3881 1048.0673 1666.6643 2564.6764 934.0498 1019.4783 1837.0370 2629.3440 207.7402 3118.5299 1682.3531 1868.9377 2398.3346 1568.7709 2666.2577 2160.8563 1630.8722 1842.5727 1886.4787 2717.1995 2181.2496 2349.3267 434.8666 2517.2020 882.7553 1223.8550 596.2013 1606.2531 2591.2709 839.6011 1355.0712 743.1803 3365.2367 838.6895 2675.7790 3028.1521 732.3230 804.6123 1382.4923 2961.9900 3212.2033 1195.6128 1144.2085 1090.9464 705.4367 764.2316 1706.8755 1153.0065 1725.1229 1669.2274 2354.9983 497.0392 2038.3682 2969.7303 1880.7246 1684.5050 905.0552 3020.1222 1257.6208 3399.1458 1149.5286
 75: 2004.8032 2352.1788 917.0311 2775.6954 3123.0511 1891.1520 1943.4415 401.7076 906.6797 1217.6970 2095.9332 337.6166 1080.2676 688.6196 3028.9095 2276.6168 521.8745 870.1781 2743.4097 1042.1655 632.3796 918.0615 3039.7898 1234.0583 2749.6518 1753.1686 851.8263 2772.7685 584.0976 2700.2552 2602.4335 484.0248 767.8190 2122.9626 2411.2372 2617.0491 1998.9477 749.8006 2655.4084 1301.2167 1637.8330 1227.5797 1354.8893 2632.9271 503.0010 973.5800 1197.9253 3146.4853 1340.1672 2658.4366 3249.3330 1351.6586 1351.9279 236.5439 2928.7426 2859.8129 895.6439 1024.7073 358.4690 1296.4401 416.4541 764.3926 735.8532 1869.6430 2134.1659 2289.3888 797.2954 2339.4677 2620.7743 1782.2909 620.7423 629.0509 2996.0190 1670.6053 3097.6184
 76: 2246.8262 1893.5187 2187.2746 505.6095 163.2176 1746.5715 1154.2794 3019.3067 2236.7843 3441.2233 1525.2803 2838.7739 2111.0192 3725.1836 1674.3193 1430.4181 3594.4431 2270.0278 1369.6091 2472.7024 2591.0569 3845.3516 1928.1167 3605.9978 371.0485 1754.1380 3676.5571 1833.8552 2616.4850 1041.2041 2006.7377 3152.3071 3520.2287 1747.1789 697.2840 1991.9242 1104.5252 3117.1213 1300.4407 4142.9006 2310.7533 2836.9589 1831.5963 1089.2956 3479.1186 2180.3050 3999.2406 240.3539 4136.6779 943.6445 1457.1153 4070.6620 2660.1054 3130.4615 791.9400 259.7884 3970.8772 2293.0078 2772.5894 2746.4932 3283.4022 2464.2078 3817.6223 1763.5490 2160.0000 1105.2099 3523.4994 1768.5115 478.7588 1520.8014 2715.0007 3640.0743 800.1562 2289.6537
 77: 334.2005 745.4321 1141.6549 1805.6691 2227.2158 544.6559 1454.4831 1911.1266 1006.7860 1276.4090 783.7512 1670.8755 1576.5443 1982.8134 1474.5660 930.7685 1945.1542 1472.5678 1307.7939 629.2353 1064.9366 2585.1741 1421.7243 1457.4231 2076.0263 552.6608 2518.9446 1170.2278 1648.1286 1434.4616 959.5759 2057.8382 2417.9570 633.0782 1669.7128 977.1489 1400.3835 1176.5887 1265.0771 2125.3397 35.9026 665.5479 853.0375 1359.9504 1744.9401 960.9266 1980.0427 2209.6461 2090.0569 1461.6090 1773.0496 1989.1910 454.5822 1863.0977 1741.6237 2149.7023 2246.7221 724.5557 1347.4606 553.9251 1554.0051 1663.1975 2139.3125 526.6431 469.1290 1188.6888 1584.5233 783.1251 1926.4527 832.3251 1818.6151 1888.3964 1794.7524
 78: 1656.6140 1225.3412 2095.7633 430.1825 651.9525 1273.2392 1233.7816 3023.2362 2089.3851 3049.2130 1022.7189 2805.1397 2193.4530 3539.3882 876.8449 864.0012 3440.1060 2287.1275 616.7179 2157.4673 2403.1517 3846.8300 1133.6119 3226.3431 907.2976 1346.9558 3706.3926 1069.0299 2626.7866 361.4194 1275.0067 3171.6825 3561.0117 1173.1956 823.8477 1257.1985 1127.6214 2823.2905 584.1130 3844.4668 1823.7283 2426.8271 1641.3973 435.1839 3286.3402 2022.8228 3697.3862 589.4065 3822.8589 348.6044 671.3159 3736.7495 2225.6803 3087.9062 68.1542 875.1343 3801.0188 2037.9708 2642.0587 2322.1354 3082.5762 2512.3045 3661.0067 1295.1699 1538.6312 709.1382 3247.4214 1113.4438 858.1212 1223.0016 2762.0892 3447.2216
 79: 2206.4616 2626.4843 1460.3072 3277.3236 3649.5300 2243.6588 2495.1653 966.2236 1403.8038 955.5799 2476.5696 965.9451 1698.0109 94.9210 3344.2374 2658.0890 176.0454 1481.3929 3110.4398 1322.6284 1055.7732 952.9617 3309.5772 879.5027 3306.0929 2128.6148 1022.7517 3054.0969 1212.9819 3124.0578 2847.6525 972.3029 1039.0077 2446.4311 2944.4001 2865.4432 2535.6674 719.6888 3037.0639 690.2941 1852.6181 1282.8987 1829.8601 3052.2621 161.9413 1462.3300 611.1105 3665.2145 741.7715 3100.5809 3608.2245 782.9713 1471.2417 767.2939 3382.0763 3413.3076 361.1883 1409.5396 878.3194 1385.1419 364.7259 1392.8378 259.3318 2220.7899 2352.7611 2739.8529 408.8826 2642.3736 3169.9320 2225.8594 1240.4451
 80: 2136.2792 2378.6593 736.5168 2471.4680 2767.5139 1858.5901 1585.5958 324.9677 831.5726 1754.0778 2008.2921 292.8515 604.0406 1288.6000 2973.2117 2174.9402 1108.8733 475.2989 2635.2450 1233.7950 808.7429 1131.2895 3036.9559 1804.2231 2349.7408 1704.3500 962.9979 2768.1077 170.8011 2517.1541 2647.1247 439.4144 809.1335 2107.1291 2066.1781 2657.4493 1667.9931 1252.3067 2532.1779 1920.9045 1792.8597 1581.8789 1208.1473 2459.1966 1123.1781 891.6687 1818.6325 2803.3689 1960.8654 2450.7554 3132.0517 1970.9135 1635.8117 496.8581 2693.9948 2462.6597 1457.0878 1094.1490 606.0668 1614.1282 1022.6050 253.2923 1297.6614 1840.9400 2237.5122 2088.1691 1403.6185 2333.2625 2238.4131 1631.2088
 81: 931.8138 881.9399 911.5860 1082.1645 1488.0904 385.1298 636.8987 1852.6980 878.5699 1921.3009 400.5858 1621.0873 1149.0661 2317.5375 1353.0181 548.7996 2217.1897 1167.3667 1004.0767 965.2896 1180.3563 2658.1215 1451.2770 2088.1094 1265.2209 287.5013 2533.5140 1192.2894 1476.7048 918.1313 1144.3885 2005.5396 2397.1418 587.8920 856.5150 1147.1377 570.7898 1626.4913 901.5880 2655.8712 843.8223 1316.9742 434.5043 851.7805 2064.6077 810.6004 2509.8131 1487.3846 2642.0872 879.3111 1502.2816 2567.3103 1146.6063 1892.7255 1157.1560 1349.0163 2578.4346 819.1508 1425.4013 1229.2990 1861.1354 1398.9957 2438.0051 385.2194 929.0022 514.2490 2045.8331 791.6186 1114.4743
 82: 1937.8261 1658.1800 1713.2717 428.0292 537.4477 1399.1776 677.6201 2541.1669 1769.0071 3015.4403 1211.8292 2360.0392 1634.7648 3253.9448 1631.2955 1165.1481 3120.3521 1791.3805 1262.0717 2036.8920 2125.8998 3368.0180 1860.6880 3174.9296 150.7481 1375.6489 3200.7227 1705.3765 2138.0674 927.9935 1825.6270 2675.0017 3044.9499 1455.4972 258.1027 1815.0174 637.1326 2667.6441 1164.0619 3688.0842 1943.0782 2424.9573 1378.7781 945.1037 3009.5322 1714.7011 3545.7926 586.2866 3685.1792 808.3050 1512.4090 3624.1431 2260.5011 2651.7166 813.4624 245.3080 3497.3664 1844.8840 2299.0020 2341.3127 2815.7060 1987.0204 3343.2311 1412.5682 1875.2946 801.4818 3067.2636 1531.1659
 83: 559.0000 127.2242 1597.1741 1263.2609 1665.7758 475.0421 1338.2631 2503.0881 1511.9024 2053.9185 406.7247 2260.5291 1917.3380 2737.2892 701.8789 369.3142 2681.1434 1898.6292 545.3898 1328.1220 1707.3526 3254.3771 706.9689 2235.4662 1663.2655 630.2801 3159.9090 437.3854 2167.2990 762.9712 354.6449 2656.5167 3039.7015 226.1526 1309.3517 355.9846 1236.7235 1944.5951 533.9035 2908.4649 818.0220 1448.5803 1142.1672 698.0330 2491.9175 1447.2073 2763.1319 1627.9733 2872.8086 834.6209 990.1162 2770.5945 1237.5532 2499.1186 1074.5948 1703.1985 3003.2724 1316.6214 1988.7878 1336.7917 2293.5477 2123.8797 2885.9316 492.3271 427.9264 735.8696 2360.3688
 84: 1885.1133 2329.9410 1409.6361 3123.0314 3515.2206 2000.4020 2408.3947 1193.7843 1314.7182 546.7010 2244.4474 1110.9028 1742.9636 481.9761 3057.9570 2422.1660 560.8788 1521.0030 2857.0700 1089.9564 956.5605 1352.7265 3000.6989 483.2598 3210.4057 1903.8403 1402.4807 2754.0278 1327.8441 2908.3277 2533.3180 1244.8068 1395.2756 2180.2225 2827.2320 2552.3044 2430.8451 424.8870 2794.0612 621.2029 1548.7263 939.2806 1691.9069 2834.4977 368.3069 1360.8181 481.7396 3522.6902 625.7028 2898.8241 3343.5306 593.3338 1142.5117 1005.6287 3184.8122 3312.5703 710.3028 1234.3423 889.6404 1048.5633 382.1544 1493.8621 656.4937 1977.4299 2035.4636 2551.2752
 85: 1149.1079 861.8178 1397.5539 617.2876 1038.6111 644.0629 701.4300 2333.7511 1382.8641 2389.9266 421.8258 2109.5763 1548.8141 2831.6638 1022.8480 366.7492 2731.0309 1613.8925 628.7973 1463.5641 1694.0499 3150.9659 1195.9185 2562.6356 940.0702 674.1432 3017.3208 984.3221 1944.1690 429.4706 1053.4273 2484.4527 2875.6733 656.8965 573.4823 1046.0387 585.8165 2129.0660 512.6061 3155.8809 1211.6006 1771.7565 934.6069 376.4279 2578.6952 1315.8089 3009.1916 1023.2385 3138.4539 369.5835 1074.0102 3058.2430 1581.8881 2388.4342 643.0070 993.3242 3092.6825 1331.7853 1934.3001 1673.5890 2375.1297 1843.8701 2952.0747 662.2160 1076.6991
 86: 152.3286 336.1503 1525.1525 1655.4471 2068.2166 544.1323 1554.8457 2356.6801 1408.0696 1677.0075 665.5524 2114.1384 1918.6959 2446.8235 1051.4680 729.6355 2413.2942 1850.9160 969.5963 1092.2056 1518.3702 3050.6355 965.8996 1858.1076 2016.2889 664.6804 2979.2053 729.1756 2066.9151 1183.7204 497.8554 2506.1109 2873.6336 419.9738 1634.3993 516.9623 1471.4591 1636.8155 961.6538 2549.8755 504.0605 1099.5053 1140.6213 1115.5505 2211.4995 1352.4385 2407.1570 2035.5898 2507.9155 1245.2152 1380.0699 2399.0834 893.0134 2320.3200 1497.3259 2069.1104 2709.4785 1153.3174 1803.1850 988.3446 2022.1400 2059.2814 2605.3545 544.1112
 87: 552.3015 548.4013 1104.8769 1279.4131 1700.8260 23.0000 1016.8077 2015.0573 1021.5190 1754.1257 272.6775 1773.2981 1438.6330 2315.3078 1160.3379 445.1797 2242.5459 1408.8481 889.8584 899.2097 1238.2589 2779.0049 1197.4193 1931.1926 1560.6108 141.0142 2677.6230 928.0086 1675.1230 941.8158 819.8250 2168.7842 2554.1482 266.1898 1158.7752 827.2539 940.3558 1553.0834 818.2695 2560.0254 549.4306 1131.7813 656.0488 866.9141 2064.8179 956.1428 2412.9360 1684.2936 2534.5495 952.6017 1390.8559 2444.8149 932.6200 2018.7461 1237.7867 1629.7132 2581.3750 845.6536 1514.4639 1027.9815 1862.3794 1632.7134 2454.5926
 88: 2460.0919 2873.8735 1630.3552 3473.1820 3835.1407 2477.3179 2665.8194 990.8688 1591.8656 1199.6341 2705.5883 1052.1697 1813.4525 174.6568 3587.6356 2887.6149 223.6001 1605.7702 3344.2866 1560.5361 1258.4594 760.4426 3558.9911 1106.8966 3475.3678 2357.0575 869.8046 3301.6397 1303.7339 3344.8770 3098.8882 956.0335 921.9425 2686.1203 3125.6623 3116.3880 2714.2483 976.7154 3267.6980 758.7259 2103.6513 1541.2670 2029.8337 3274.0625 394.7379 1654.0719 726.9422 3854.4325 828.9608 3316.2788 3844.6879 904.7569 1727.6183 801.5117 3595.0801 3584.4400 160.8788 1629.2590 1045.3114 1642.6567 593.0615 1484.5228
 89: 1968.4644 2176.9862 535.0234 2218.3726 2515.0586 1649.0919 1332.3577 559.6472 656.8318 1775.5230 1784.0404 432.6812 355.3730 1452.5016 2748.1748 1946.1922 1280.9578 231.8663 2402.1701 1119.6075 738.0677 1381.1448 2822.8330 1849.5286 2100.0602 1493.6265 1215.7960 2555.2990 181.1353 2273.2835 2447.4746 688.1046 1062.3794 1898.0648 1812.9835 2456.5899 1414.8498 1272.8413 2297.0751 2052.5362 1640.5258 1514.3315 986.1405 2216.7808 1258.6509 707.7641 1938.9082 2550.4654 2084.1900 2204.2071 2895.3786 2079.5040 1536.5835 702.1204 2444.2653 2212.8719 1645.3747 945.4041 621.0861 1529.6094 1125.1000
 90: 1879.4238 2283.6105 1114.1364 2914.5574 3289.6641 1885.1552 2143.5216 816.0766 1046.8859 829.3274 2115.4598 730.3020 1396.5042 457.0175 2995.0801 2297.2719 391.1636 1175.1511 2752.2204 967.4776 694.0735 1113.6772 2970.2377 825.0055 2953.7232 1767.1248 1117.9419 2711.2907 954.1425 2760.3195 2512.7376 879.0006 1080.5924 2093.0666 2586.7936 2529.7984 2179.8537 432.4639 2676.8952 934.9572 1518.6168 989.9909 1467.0436 2688.7382 204.0098 1103.3404 815.0982 3304.1362 961.0671 2736.0557 3251.9768 955.0712 1159.7470 633.9125 3017.3904 3059.8575 721.0021 1045.1225 547.5272 1082.3886
 91: 837.2341 1293.0623 1099.5931 2285.7226 2702.6478 1049.5146 1773.0787 1615.1662 946.1379 728.6158 1299.6711 1396.3395 1565.8905 1477.3233 2023.8305 1462.3601 1466.9322 1398.0032 1859.4779 432.7586 805.7773 2174.3822 1954.2346 908.0732 2491.9278 1000.1625 2141.0822 1712.1408 1455.4796 1965.7530 1485.9788 1745.4171 2064.2589 1181.0423 2084.0773 1505.2711 1749.5225 665.9805 1811.9539 1572.0115 519.5421 112.1116 1047.8292 1890.7655 1255.3697 935.6736 1427.1265 2693.7136 1536.1370 1980.5827 2326.8593 1435.8308 99.4082 1518.5131 2265.5070 2577.9622 1735.0807 662.1239 1041.5704
 92: 1680.3452 2006.4309 585.7457 2432.8923 2790.2007 1535.7357 1622.1236 576.9896 554.0325 1160.1422 1737.9033 355.8441 854.2798 958.0882 2674.5813 1918.4004 821.9373 632.2104 2385.4067 720.6199 285.2718 1265.7113 2691.8711 1228.5927 2432.6580 1396.0702 1177.7623 2423.8236 478.1318 2342.9780 2261.1148 715.9022 1070.8772 1770.2006 2080.3723 2274.9756 1668.9506 656.0892 2297.0176 1479.9855 1316.4198 994.9251 1000.8002 2275.2962 722.2811 619.5886 1354.8421 2810.4010 1501.2968 2302.8567 2891.3791 1482.2068 1079.1038 517.2205 2575.0217 2541.0191 1198.4098 672.1674
 93: 1044.3587 1336.3630 451.2084 1889.5693 2281.1657 867.4174 1208.4006 1205.1730 300.5412 1197.4828 1081.6048 962.0000 916.0136 1502.1331 2004.2161 1263.6665 1411.6636 772.5393 1726.7849 235.3720 392.6742 1937.8199 2020.2032 1343.7206 1991.1364 734.3194 1846.0068 1751.8818 923.5979 1715.9805 1594.5711 1356.0549 1731.0601 1098.5049 1599.1404 1607.6607 1214.0778 824.1565 1644.2302 1851.1240 699.3854 693.4299 467.1723 1644.8982 1249.0785 276.6532 1706.7659 2288.3673 1843.6770 1691.0648 2231.5846 1779.4724 636.1273 1184.4028 1973.0915 2089.6806 1765.1371
 94: 2562.1901 2986.3699 1784.0987 3620.8531 3986.2265 2604.2216 2820.2796 1147.8698 1740.8578 1235.1146 2836.0991 1213.0462 1974.0405 266.3325 3705.1069 3017.7929 377.9219 1765.7837 3471.1389 1683.6226 1401.7254 833.4057 3668.3539 1121.9884 3630.4188 2487.8879 968.8271 3413.8390 1464.6037 3480.9194 3205.3271 1106.4547 1039.4171 2807.6189 3277.7537 3223.3306 2866.8662 1073.1230 3397.1052 670.7168 2210.8860 1630.1417 2175.2556 3409.4963 517.2543 1801.9911 668.5813 4004.4305 748.1885 3455.2090 3969.2852 841.6086 1823.6856 960.4900 3735.4760 3739.1256
 95: 2141.4374 1830.2833 1955.3138 480.7588 369.9000 1614.9334 918.8955 2769.6615 2013.3956 3257.2479 1413.1249 2593.8221 1858.6726 3496.8873 1715.0105 1345.7050 3361.8157 2022.9296 1371.8254 2280.0879 2370.6712 3593.7147 1958.1624 3417.7551 113.0177 1602.3140 3423.0037 1830.1380 2367.9603 1033.2570 1975.1643 2900.8292 3266.1770 1649.8170 495.4039 1962.6105 882.2573 2912.7027 1285.8429 3933.3910 2167.8637 2663.4072 1623.8365 1065.8916 3253.1222 1959.5040 3791.0797 438.2009 3930.4099 920.5460 1546.3910 3869.0636 2495.5675 2885.1858 846.9811
 96: 1612.0065 1189.3544 2027.8888 386.4324 650.8464 1216.0695 1168.2508 2955.1047 2022.1585 2991.8397 965.8535 2737.1229 2125.8403 3474.1114 882.8794 811.2515 3374.0148 2219.0144 596.1778 2094.9391 2337.0214 3778.7892 1136.2011 3168.4875 871.6203 1286.1217 3638.2492 1055.5548 2558.6326 314.2308 1252.2240 3103.5336 3492.8574 1124.1801 765.4672 1235.1134 1061.3788 2760.9288 551.8415 3783.2306 1770.0876 2369.5453 1574.2795 385.6319 3221.0875 1955.6843 3636.1881 593.6876 3762.2766 286.9320 703.2866 3677.0298 2169.4755 3020.0166
 97: 2196.5302 2520.6793 992.1557 2840.0229 3167.8354 2039.3933 1980.0025 198.9573 1016.6735 1450.1672 2230.0253 291.7567 1049.4937 804.2699 3178.4990 2408.0093 620.9960 863.2642 2875.9360 1234.5566 802.4020 765.9164 3204.1275 1458.4694 2773.3016 1894.9747 661.6623 2935.4073 527.2959 2808.3271 2777.1145 248.4774 555.2414 2278.2495 2456.9412 2790.7176 2047.0625 986.3407 2782.7341 1457.0360 1831.5704 1454.5394 1458.7584 2743.7442 674.3923 1084.9797 1368.0950 3196.6209 1504.9336 2757.8343 3381.3950 1531.2766 1568.8225
 98: 742.6473 1194.8171 1083.4154 2195.5596 2613.5311 953.9188 1704.6178 1655.6533 930.1554 826.8404 1203.6648 1430.7655 1550.0855 1564.1260 1925.4973 1364.9267 1547.2117 1392.3135 1760.1648 420.4593 828.2059 2241.2318 1858.6084 1006.7219 2411.2258 909.8027 2200.8782 1614.9365 1473.4860 1868.6650 1390.8620 1790.0573 2118.7706 1081.9339 2002.7950 1409.9365 1676.4716 751.6010 1713.0747 1671.0673 420.1452 211.0379 990.3636 1793.6979 1337.8180 912.6911 1526.0328 2603.3580 1635.4782 1885.0088 2227.5843 1535.2199
 99: 2247.0223 2719.3602 1996.5312 3649.4649 4052.0060 2467.2854 2976.5339 1728.5208 1893.7933 722.4327 2717.1708 1681.0360 2336.0533 785.8308 3448.3921 2887.4184 955.8766 2114.0362 3295.1079 1602.3888 1539.7029 1662.7796 3355.3273 542.4767 3769.8278 2391.6666 1772.1019 3128.2072 1909.2022 3386.5122 2887.8381 1750.3557 1809.5792 2615.9268 3378.3653 2908.5180 2991.1504 957.1061 3245.2188 210.7937 1955.1537 1325.1872 2245.4576 3311.6624 857.3033 1935.3535 178.0000 4054.1876 132.4122 3390.1566 3760.4532
100: 1527.6351 1047.2402 2412.5540 1088.4824 1300.0312 1368.3073 1748.8379 3352.5692 2365.4592 3042.6352 1153.4891 3117.7970 2616.5720 3702.9807 363.8901 973.7027 3633.3483 2663.5895 506.0040 2285.6828 2622.3190 4146.9049 596.7286 3224.2495 1574.8708 1497.5997 4030.5941 687.2554 2978.9161 664.6691 946.6198 3505.9129 3897.0729 1164.3887 1427.6834 924.5783 1633.1727 2923.8420 600.9301 3898.2573 1807.7771 2438.5883 1933.6391 700.9280 3453.6892 2297.2507 3752.7297 1229.1969 3862.9208 771.1096
101: 1350.4314 956.7372 1766.5868 447.1823 832.3323 931.1246 983.7337 2701.2297 1752.1030 2706.1495 681.6223 2478.3430 1898.8841 3193.0023 826.4636 535.3065 3095.9577 1975.6561 455.0890 1808.8726 2059.4400 3519.9526 1052.3977 2882.4373 909.3756 999.2022 3384.8960 909.6208 2309.4919 120.6192 1064.5924 2851.4040 3242.2537 854.4197 671.3047 1050.4537 869.5085 2474.7271 365.3669 3496.4325 1489.2280 2084.0118 1303.9057 146.7310 2939.9315 1684.9027 3349.3776 793.3631 3475.3539
102: 2355.6443 2825.0113 2035.0671 3723.7300 4122.5206 2557.1938 3030.8159 1703.6341 1939.8196 835.3742 2806.2231 1674.7827 2354.9527 729.2770 3555.0951 2978.5809 907.8992 2133.0284 3392.8915 1677.1061 1582.1454 1578.5858 3467.2955 658.6562 3829.5662 2476.1551 1698.6795 3237.0080 1910.1691 3475.2188 2999.0832 1714.0292 1746.0865 2712.9736 3442.1425 3019.5645 3050.0098 1019.7024 3340.1488 84.0773 2055.5644 1424.5982 2306.9853 3400.5378 838.1468 1984.7483 146.4548 4126.8111
103: 2134.2001 1749.6174 2229.8933 408.0649 77.4726 1665.4183 1219.8676 3097.9182 2263.6365 3403.3425 1429.8091 2905.3036 2202.6793 3752.8614 1465.7138 1312.5616 3630.8331 2345.2318 1187.2830 2451.8004 2610.1069 3927.9003 1722.9846 3572.9162 530.0651 1693.6971 3766.2589 1648.8193 2693.5716 874.9537 1838.2606 3236.1783 3612.2021 1633.8629 740.0169 1822.0395 1149.9609 3108.3869 1130.9766 4137.8914 2233.5543 2789.4749 1838.6857 932.6548 3503.4258 2203.3547 3992.6038
104: 2254.8510 2719.5566 1890.0966 3590.5579 3987.2202 2435.7005 2889.2605 1566.3422 1796.4546 749.9953 2683.7520 1531.4314 2208.5237 609.2438 3450.3014 2857.7370 781.9565 1986.5903 3277.9390 1546.0796 1438.2076 1485.5921 3370.0429 583.2709 3689.6507 2350.4521 1594.1132 3135.3118 1765.4317 3351.9608 2901.1827 1582.1015 1632.5149 2597.9009 3303.9401 2921.3416 2910.0105 884.2172 3222.4309 147.1394 1945.1134 1315.0745 2168.4326 3277.4624 697.4819 1842.2446
105: 1260.9084 1488.0124 181.6040 1819.1616 2187.2014 974.9964 1048.4794 1062.1059 68.3081 1414.0014 1148.5687 822.9004 640.4498 1549.5344 2106.2348 1324.6924 1430.7680 511.9414 1792.3406 503.7748 411.2055 1850.8930 2153.4438 1544.7259 1854.9137 823.7293 1734.3431 1883.9238 722.9744 1728.5751 1755.7773 1216.0567 1604.6183 1221.6513 1483.4949 1766.3544 1077.8395 984.5329 1697.9635 1981.6117 940.4536 958.8629 381.4302 1662.3480 1300.7398
106: 2066.8474 2479.1702 1301.5191 3115.3852 3487.9269 2087.6326 2335.3426 871.2365 1242.5498 897.3673 2318.8795 839.6100 1553.2019 253.0711 3193.7265 2500.6083 217.1106 1334.5411 2954.6677 1168.2470 893.8467 997.6277 3164.2813 851.0758 3146.1794 1970.6410 1035.9855 2906.9353 1080.9070 2964.3266 2704.4870 900.1878 1027.1767 2293.4385 2783.2062 2721.9148 2374.8335 590.8105 2880.0368 798.2362 1709.3183 1157.0454 1667.9188 2892.7304
107: 1227.2119 817.7359 1757.5031 593.8973 974.6902 844.5383 1051.8336 2697.4692 1730.3459 2618.7992 594.5057 2469.3841 1925.0790 3145.5534 703.9574 429.5544 3055.6440 1986.0587 318.2766 1746.2262 2022.5669 3508.6009 918.6104 2796.8062 1051.4837 930.7980 3380.2173 765.1013 2312.2935 75.0000 918.1008 2849.2253 3240.8914 738.7564 789.2401 903.8390 935.6244 2409.6373 220.5380 3424.6007 1389.2077 1996.5603 1284.9981
108: 1085.3557 1204.4351 479.0334 1447.5421 1827.0438 670.3201 744.8342 1419.2308 448.2644 1656.9602 800.1706 1186.6701 784.9490 1919.1066 1765.1244 968.1038 1807.1115 757.9796 1431.9804 675.1726 774.2900 2223.8678 1837.2079 1808.0003 1524.4363 515.0971 2099.2725 1570.3503 1049.1315 1349.9841 1475.8703 1572.3947 1963.7701 917.7674 1135.5527 1483.2225 746.9063 1288.8708 1332.7434 2311.6163 846.0934 1107.8488
109: 948.1034 1405.1665 1113.3957 2381.4132 2796.7352 1153.6100 1842.6527 1561.8082 961.4260 622.3906 1404.1083 1350.7557 1576.1250 1374.2900 2135.9384 1568.9079 1370.4879 1397.7389 1969.9211 458.1539 779.6871 2091.0019 2065.3896 800.4324 2575.3099 1097.6229 2065.2554 1823.9981 1428.1351 2071.5603 1596.9233 1687.0044 1994.2643 1290.9105 2168.5583 1616.3248 1824.5547 566.2552 1921.1460 1460.0414 630.9715
110: 367.2669 781.2157 1121.6171 1828.8368 2250.2029 568.1382 1461.3980 1881.5339 984.7868 1243.3443 809.9660 1641.7600 1560.3349 1947.0203 1510.1715 959.7692 1909.7754 1452.3736 1341.0720 597.2102 1034.5516 2551.8374 1457.5901 1424.1970 2092.9300 567.7332 2486.7258 1206.1153 1622.5428 1463.8364 995.2532 2027.7645 2386.5802 665.0752 1685.9093 1012.8776 1409.8316 1140.6884 1297.1264 2090.5062
111: 2397.5473 2863.7839 2024.6000 3736.2489 4132.0388 2582.7847 3029.5009 1655.9885 1934.5204 885.0836 2830.8771 1637.6788 2331.4238 669.4834 3594.4193 3004.7963 851.1557 2109.9386 3424.3589 1692.5874 1575.4939 1503.0083 3511.6932 712.6324 3831.4660 2497.5438 1627.2852 3278.4524 1876.6803 3499.1000 3043.0020 1660.2605 1678.9714 2744.2975 3447.1626 3063.2788 3051.8619 1029.7233 3369.2285
112: 1087.5891 641.8980 1811.6302 811.3797 1178.4609 795.2773 1213.4154 2751.7909 1766.2372 2539.4960 562.7379 2517.4719 2026.0010 3131.3647 511.8252 380.5916 3053.1474 2065.2099 116.2110 1717.0559 2032.1048 3548.5412 706.8239 2719.7562 1271.9611 911.0576 3430.3542 544.6145 2378.2927 259.2373 707.9562 2905.0800 3296.3167 632.0570 997.9344 692.3698 1097.4161 2370.2888
113: 1489.1263 1919.9802 1065.1878 2706.5258 3103.2314 1576.0676 2020.0698 1135.0507 948.3001 504.0605 1819.6497 973.5594 1457.5682 812.5429 2644.6058 1997.6058 804.9149 1242.2226 2434.7394 666.0826 609.1051 1545.4113 2597.9263 585.7141 2812.9803 1479.0352 1540.4951 2346.3308 1134.0040 2483.4961 2133.3628 1233.3098 1489.2364 1759.6321 2423.1393 2151.6201 2034.0956
114: 1492.6554 1351.2043 1084.5506 803.5602 1124.2099 934.8240 116.4002 1953.2396 1132.9695 2397.9345 838.4032 1756.0071 1078.7817 2620.6589 1608.4940 890.1640 2490.8828 1201.3134 1213.5934 1415.4028 1489.0373 2783.8658 1777.5697 2552.5932 779.6416 857.9137 2627.8280 1553.6760 1549.2482 968.7735 1583.4911 2094.6656 2476.3461 1081.5036 412.2924 1580.1854
115: 668.2829 279.6301 1924.8075 1497.1790 1870.6945 813.0498 1684.9644 2809.1823 1828.5869 2186.1089 760.9954 2565.7297 2264.0512 2959.7914 568.9402 693.0700 2920.7473 2234.7841 640.4881 1582.2418 1990.1523 3535.0905 449.1770 2366.3867 1936.7573 968.1333 3452.2772 237.7162 2489.2995 951.2623 22.1359 2961.4176 3338.7099 568.5701 1612.0896
116: 1690.3801 1435.2198 1496.5657 429.8395 712.0653 1146.1121 480.7515 2358.2943 1540.6573 2761.9676 968.9112 2165.5101 1468.2851 3030.1541 1492.5656 940.1771 2902.2067 1605.5706 1105.4845 1785.7911 1894.0098 3188.5351 1704.5472 2922.9651 408.7958 1118.2777 3028.5345 1524.9000 1953.9378 790.5372 1620.8630 2497.3516 2875.3068 1216.1632
117: 500.7934 295.2372 1371.0215 1244.8634 1662.0475 249.0020 1174.5829 2278.9394 1286.6336 1907.8218 250.0600 2036.6946 1696.0425 2541.3007 907.3792 321.4747 2478.0414 1673.2782 680.0684 1125.5918 1490.5925 3035.8480 931.8412 2088.3127 1596.3161 404.4676 2938.3482 662.2817 1941.2625 811.8152 563.2140 2432.5135 2816.6931
118: 2751.1383 3066.4294 1485.5639 3279.5300 3575.6804 2574.0928 2394.7269 544.5411 1537.1721 1905.8835 2752.7532 781.8523 1410.5035 1023.8755 3710.1193 2927.3391 863.0371 1277.5179 3393.9448 1789.6986 1355.2837 356.7927 3746.2483 1876.8340 3153.1624 2425.9452 159.6559 3476.9057 934.2484 3302.0824 3325.6160 391.7372
119: 2388.7009 2687.1377 1093.9552 2896.6382 3201.9594 2188.3839 2016.6589 153.9513 1149.0674 1698.4587 2363.1098 396.1073 1042.3483 993.7932 3322.2837 2536.9588 809.9117 893.4305 3003.1805 1434.7937 993.3579 693.0462 3363.4592 1704.0012 2787.9779 2038.9507 535.0140 3093.9013 546.6278 2910.5604 2948.9368
120: 648.8205 271.4498 1915.1715 1511.0013 1886.4156 806.0893 1687.5796 2796.8506 1817.7018 2165.4510 760.8758 2553.3791 2257.5708 2941.9526 591.0744 698.0917 2903.7488 2226.2637 658.3168 1566.6720 1976.1710 3520.4944 468.9840 2345.6513 1948.2672 960.8101 3438.5980 259.8326 2478.7517 966.5413
121: 1297.7897 880.3664 1820.3209 555.2090 920.4358 919.4618 1084.2772 2759.2182 1796.4259 2693.7981 669.3415 2532.5167 1976.6325 3217.2244 705.8449 504.3352 3126.0878 2043.1525 338.7108 1819.6992 2092.1075 3572.6300 933.1345 2871.8040 1026.3045 1004.5029 3442.3925 798.6345 2371.9578
122: 1965.4806 2210.8064 573.0270 2350.4648 2661.0829 1693.1161 1473.7181 404.3575 661.9260 1638.0488 1848.3209 251.6446 522.2452 1271.7268 2812.7206 2017.1827 1099.8314 348.3676 2479.7647 1067.4629 650.0354 1234.7927 2872.0146 1701.3083 2255.5321 1539.4655 1081.4666 2602.8824
123: 881.3836 427.7663 2031.6380 1353.7718 1702.9295 909.7741 1664.7216 2940.4721 1948.8922 2406.0251 791.8036 2697.9077 2336.0105 3148.8363 331.8795 673.0713 3100.9373 2328.2725 464.2499 1751.5416 2141.3372 3688.9223 269.6164 2587.0031 1816.1569 1063.7692 3596.4907
124: 2852.9823 3182.3257 1622.9017 3430.4578 3730.4927 2697.9933 2547.8071 683.6702 1666.3889 1929.6160 2882.7764 912.9014 1565.9662 993.3303 3836.2014 3058.9148 850.1653 1427.2862 3526.3234 1889.7114 1462.9969 204.9805 3865.3696 1885.6903 3310.0014 2551.8135
125: 650.5905 689.4005 967.8688 1285.8075 1703.8897 155.6663 923.4831 1885.0552 890.0809 1716.2337 348.5398 1644.2922 1297.7219 2222.6050 1284.4629 530.6374 2142.1113 1268.9310 992.4963 815.5961 1124.7471 2657.6962 1332.6492 1889.8095 1525.6923
126: 2082.2020 1790.4776 1847.1202 489.6121 467.4238 1546.8513 810.9501 2657.0363 1907.8881 3164.6303 1354.8480 2482.0355 1745.7746 3389.2046 1721.1188 1300.1558 3252.9350 1910.7970 1364.2764 2185.2615 2265.8828 3480.8347 1958.1126 3323.4658
127: 1706.2638 2180.6433 1642.2259 3165.5655 3575.9290 1953.2015 2551.8003 1635.7472 1516.2612 181.6205 2203.7686 1514.9340 2043.2567 938.1668 2908.4554 2369.3383 1041.1210 1827.7664 2765.2047 1138.2570 1191.1692 1831.3648 2812.9490
128: 1117.4301 689.2380 2300.4426 1477.4305 1784.8053 1179.0208 1891.2115 3210.0506 2218.4720 2633.1122 1051.1070 2967.4476 2598.3826 3404.1253 260.1634 917.8290 3360.6078 2595.1717 600.3541 2014.4620 2408.8939 3956.5168
129: 2919.1035 3269.6061 1753.4141 3584.0460 3894.3889 2800.0259 2708.0742 830.6263 1782.5860 1893.7120 2994.8624 1041.8493 1735.0726 906.5285 3939.3426 3173.3429 791.8838 1583.0985 3641.2772 1958.4795 1547.6321
130: 1396.9180 1722.4729 458.4692 2221.5843 2595.6656 1259.9587 1458.2445 848.5004 359.5608 1084.6059 1470.3279 612.2949 859.4242 1144.8166 2396.7739 1651.9685 1037.0000 653.3315 2116.9376 442.8329
131: 963.2990 1325.3415 667.1739 2047.3827 2450.0467 922.1545 1419.7521 1291.1150 513.6390 982.8047 1160.0349 1054.8877 1133.8205 1417.3398 2028.8110 1340.1347 1353.3108 971.9161 1788.1840
132: 1104.3482 638.0470 1910.9738 892.8527 1239.7762 867.0669 1329.6112 2849.6175 1860.4819 2584.1952 647.5037 2613.7884 2135.7240 3205.0139 396.2323 467.9370 3131.5204 2170.3458
133: 1767.1950 1955.1944 330.9260 2003.2786 2313.0054 1424.5877 1125.3999 752.7237 472.7050 1733.2017 1553.8217 573.2757 222.0721 1551.0722 2517.4092 1714.9117 1391.2861
134: 2270.3905 2673.3986 1407.2502 3249.7941 3611.5754 2265.1545 2443.0641 818.0098 1368.3863 1103.0925 2490.5929 848.6613 1602.1364 184.5481 3382.1135 2672.7344
135: 821.6690 495.0687 1446.4142 926.2921 1341.6408 422.2985 997.9263 2383.2526 1392.7828 2190.7830 182.1648 2146.6451 1695.6444 2752.2545 804.3289
136: 1202.5993 730.7914 2239.9252 1235.4408 1528.7331 1139.3652 1724.2604 3168.3346 2173.2789 2727.0873 964.9585 2928.3118 2499.3441 3439.1513
137: 2300.2785 2721.2471 1542.3557 3366.2472 3736.4123 2338.1670 2578.2824 1001.8792 1490.1091 1026.0902 2570.6655 1022.0020 1765.5325
138: 1849.8913 1986.4836 466.8404 1880.8139 2165.2958 1451.6122 989.4145 914.8579 620.3563 1943.6070 1547.6208 767.1434
139: 1999.6212 2291.1591 712.2591 2550.5333 2876.2206 1793.0390 1688.2950 243.4790 755.3522 1471.3616 1971.3379
140: 728.3214 514.3822 1275.9506 1030.1345 1451.3442 250.5674 935.9364 2209.2453 1216.4160 2026.4950
141: 1525.0738 1999.0840 1524.3792 2995.5956 3407.8395 1775.9848 2401.7895 1615.5993 1391.1039
142: 1312.7376 1550.7318 153.5513 1881.5167 2246.3562 1040.6248 1099.1747 995.1327
143: 2240.9286 2534.4854 941.1721 2753.7208 3065.2356 2034.6118 1878.0570
144: 1567.5564 1450.1896 1036.4251 892.8606 1188.2630 1013.2843
145: 558.6161 534.8766 1122.2985 1261.0254 1682.5600
146: 2162.8361 1788.7932 2207.6164 421.6740
147: 1745.4034 1388.6000 1859.3485
148: 1437.9159 1645.4388
149: 480.6839
150: 
